area_type,location,total_sqft,bath,balcony,price,bhk
Super built-up  Area,Electronic City Phase II,1056.0,2.0,1.0,39.07,2
Plot  Area,Chikka Tirupathi,2600.0,5.0,3.0,120.0,4
Built-up  Area,Uttarahalli,1440.0,2.0,3.0,62.0,3
Super built-up  Area,Lingadheeranahalli,1521.0,3.0,1.0,95.0,3
Super built-up  Area,Kothanur,1200.0,2.0,1.0,51.0,2
Super built-up  Area,Whitefield,1170.0,2.0,1.0,38.0,2
Super built-up  Area,Old Airport Road,2732.0,4.0,2.0,204.0,4
Super built-up  Area,Rajaji Nagar,3300.0,4.0,2.0,600.0,4
Super built-up  Area,Marathahalli,1310.0,3.0,1.0,63.25,3
Super built-up  Area,Whitefield,1800.0,2.0,2.0,70.0,3
Plot  Area,Whitefield,2785.0,5.0,3.0,295.0,4
Super built-up  Area,7th Phase JP Nagar,1000.0,2.0,1.0,38.0,2
Built-up  Area,Gottigere,1100.0,2.0,2.0,40.0,2
Plot  Area,Sarjapur,2250.0,3.0,2.0,148.0,3
Super built-up  Area,Mysore Road,1175.0,2.0,2.0,73.5,2
Super built-up  Area,Bisuvanahalli,1180.0,3.0,2.0,48.0,3
Super built-up  Area,Raja Rajeshwari Nagar,1540.0,3.0,3.0,60.0,3
Super built-up  Area,Other,2770.0,4.0,2.0,290.0,3
Super built-up  Area,Other,1100.0,2.0,2.0,48.0,2
Built-up  Area,Kengeri,600.0,1.0,1.0,15.0,1
Super built-up  Area,Binny Pete,1755.0,3.0,1.0,122.0,3
Plot  Area,Thanisandra,2800.0,5.0,2.0,380.0,4
Super built-up  Area,Bellandur,1767.0,3.0,1.0,103.0,3
Super built-up  Area,Other,510.0,1.0,0.0,25.25,1
Super built-up  Area,Other,1250.0,3.0,2.0,56.0,3
Super built-up  Area,Electronic City,660.0,1.0,1.0,23.1,2
Built-up  Area,Whitefield,1610.0,3.0,2.0,81.0,3
Super built-up  Area,Ramagondanahalli,1151.0,2.0,2.0,48.77,2
Super built-up  Area,Electronic City,1025.0,2.0,1.0,47.0,3
Super built-up  Area,Yelahanka,2475.0,4.0,0.0,186.0,4
Super built-up  Area,Bisuvanahalli,1075.0,2.0,1.0,35.0,3
Super built-up  Area,Hebbal,1760.0,2.0,2.0,123.0,3
Super built-up  Area,Raja Rajeshwari Nagar,1693.0,3.0,3.0,57.39,3
Built-up  Area,Kasturi Nagar,1925.0,3.0,2.0,125.0,3
Super built-up  Area,Kanakpura Road,700.0,2.0,1.0,36.0,2
Super built-up  Area,Electronics City Phase 1,1070.0,2.0,1.0,45.5,2
Super built-up  Area,Kundalahalli,1724.0,3.0,2.0,125.0,3
Super built-up  Area,Chikkalasandra,1290.0,2.0,2.0,56.12,3
Built-up  Area,Uttarahalli,1143.0,2.0,2.0,45.0,2
Built-up  Area,Murugeshpalya,1296.0,2.0,2.0,81.0,2
Super built-up  Area,Sarjapur  Road,1254.0,3.0,2.0,38.0,3
Super built-up  Area,Other,600.0,1.0,0.0,38.0,1
Plot  Area,Yelahanka,660.0,1.0,0.0,48.0,1
Super built-up  Area,Kanakpura Road,1330.74,2.0,2.0,91.79,2
Super built-up  Area,Doddathoguru,970.0,2.0,0.0,33.0,2
Super built-up  Area,Whitefield,1459.0,2.0,1.0,94.82,2
Plot  Area,KR Puram,800.0,1.0,1.0,130.0,2
Built-up  Area,Other,869.0,2.0,1.0,36.0,2
Super built-up  Area,Other,1270.0,2.0,1.0,50.0,2
Super built-up  Area,Bhoganhalli,1670.0,3.0,1.0,99.0,3
Built-up  Area,Whitefield,2010.0,3.0,2.0,91.0,3
Super built-up  Area,Lakshminarayana Pura,1185.0,2.0,2.0,75.0,2
Super built-up  Area,Yelahanka,1600.0,2.0,3.0,75.0,3
Super built-up  Area,Begur Road,1200.0,2.0,2.0,44.0,2
Built-up  Area,Devanahalli,3210.0,2.0,2.0,192.0,4
Super built-up  Area,Other,1500.0,2.0,2.0,185.0,2
Super built-up  Area,Other,840.0,2.0,2.0,45.0,2
Plot  Area,Other,4395.0,3.0,2.0,240.0,3
Super built-up  Area,Other,845.0,2.0,1.0,55.0,2
Plot  Area,Whitefield,5700.0,5.0,3.0,650.0,4
Built-up  Area,Varthur,1160.0,2.0,2.0,44.0,2
Built-up  Area,Bommanahalli,3000.0,8.0,0.0,140.0,8
Super built-up  Area,Doddathoguru,1100.0,2.0,1.0,62.0,2
Super built-up  Area,Gunjur,1140.0,2.0,3.0,43.0,2
Super built-up  Area,Marathahalli,1220.0,2.0,1.0,57.0,2
Super built-up  Area,Kanakpura Road,1005.0,2.0,1.0,36.68,2
Super built-up  Area,Begur Road,1358.0,2.0,1.0,80.58,2
Super built-up  Area,Hegde Nagar,1569.0,3.0,1.0,101.0,3
Super built-up  Area,Haralur Road,1240.0,2.0,1.0,70.0,2
Super built-up  Area,Hennur Road,2089.0,3.0,2.0,140.0,3
Super built-up  Area,Kothannur,1206.0,2.0,1.0,48.23,2
Super built-up  Area,Kalena Agrahara,1150.0,2.0,3.0,40.0,2
Built-up  Area,Other,2511.0,3.0,3.0,205.0,3
Built-up  Area,Other,4400.0,6.0,3.0,250.0,6
Super built-up  Area,Other,1660.0,2.0,2.0,105.0,3
Built-up  Area,Hennur Road,3203.5,2.0,2.0,224.5,4
Super built-up  Area,Yelahanka,1326.0,2.0,2.0,78.0,2
Super built-up  Area,Garudachar Palya,1325.0,2.0,2.0,60.8,3
Super built-up  Area,EPIP Zone,1499.0,5.0,2.0,102.0,3
Built-up  Area,Hegde Nagar,3000.0,7.0,2.0,210.0,6
Super built-up  Area,Kanakpura Road,1665.0,3.0,2.0,88.0,3
Super built-up  Area,Dasanapura,708.0,2.0,2.0,37.0,2
Super built-up  Area,Kasavanhalli,1060.0,2.0,2.0,58.06,2
Built-up  Area,Sanjay nagar,1000.0,2.0,2.0,70.0,2
Super built-up  Area,Electronic City,1000.0,2.0,1.0,28.88,2
Super built-up  Area,Other,1450.0,2.0,2.0,70.0,3
Plot  Area,Other,1200.0,4.0,2.0,155.0,4
Super built-up  Area,Thanisandra,1296.0,2.0,3.0,80.0,2
Super built-up  Area,Domlur,1540.0,3.0,2.0,90.0,3
Plot  Area,Kengeri,2894.0,4.0,1.0,245.0,4
Super built-up  Area,Sarjapura - Attibele Road,1330.0,2.0,1.0,48.0,3
Built-up  Area,Other,1200.0,2.0,1.0,65.0,2
Built-up  Area,Other,1200.0,3.0,1.0,90.0,3
Super built-up  Area,Yeshwanthpur,2502.0,3.0,3.0,138.0,3
Built-up  Area,Chandapura,650.0,1.0,1.0,17.0,2
Plot  Area,Kothanur,2400.0,2.0,1.0,150.0,3
Super built-up  Area,Other,1007.0,2.0,2.0,43.0,2
Super built-up  Area,Other,1200.0,2.0,2.0,50.0,2
Super built-up  Area,Other,966.0,2.0,2.0,49.9,2
Built-up  Area,Nagarbhavi,1630.0,2.0,1.0,98.0,3
Built-up  Area,Rajaji Nagar,1640.0,3.0,2.0,229.0,3
Built-up  Area,Other,782.0,2.0,2.0,55.68,2
Super built-up  Area,Devanahalli,1260.0,2.0,2.0,66.78,2
Super built-up  Area,Other,1800.0,3.0,3.0,120.0,3
Super built-up  Area,Other,1413.0,2.0,2.0,75.0,3
Super built-up  Area,Whitefield,1116.0,2.0,1.0,51.91,2
Super built-up  Area,Electronic City,1530.0,2.0,1.0,45.9,3
Built-up  Area,Ramamurthy Nagar,3700.0,4.0,1.0,225.0,4
Built-up  Area,Sarjapur  Road,2497.0,3.0,2.0,140.0,3
Super built-up  Area,Kengeri,1540.0,2.0,3.0,64.0,3
Super built-up  Area,Thanisandra,1436.0,3.0,1.0,74.75,3
Super built-up  Area,Malleshwaram,1100.0,2.0,2.0,75.0,2
Super built-up  Area,Thanisandra,1427.0,3.0,2.0,120.0,3
Super built-up  Area,Akshaya Nagar,2061.0,3.0,1.0,200.0,3
Super built-up  Area,Hebbal,5611.5,4.0,0.0,477.0,4
Built-up  Area,Other,2650.0,4.0,2.0,150.0,4
Super built-up  Area,Devanahalli,1282.0,2.0,2.0,68.52,3
Built-up  Area,Kadugodi,1050.0,2.0,1.0,34.0,2
Built-up  Area,LB Shastri Nagar,1600.0,3.0,2.0,65.0,3
Super built-up  Area,Other,945.0,2.0,1.0,54.0,2
Super built-up  Area,Hormavu,1500.0,2.0,1.0,78.0,2
Built-up  Area,Other,1870.0,3.0,3.0,110.0,3
Plot  Area,Sarjapur,1600.0,3.0,1.0,75.0,3
Super built-up  Area,Electronic City,880.0,1.0,1.0,16.5,2
Plot  Area,Other,1200.0,4.0,0.0,210.0,4
Super built-up  Area,Kudlu Gate,1535.0,3.0,2.0,83.0,3
Built-up  Area,Kanakpura Road,950.0,2.0,1.0,57.0,2
Super built-up  Area,Devanahalli,1360.0,2.0,1.0,65.0,2
Super built-up  Area,8th Phase JP Nagar,1073.5,2.0,0.0,54.005,2
Super built-up  Area,Bommasandra Industrial Area,1280.0,3.0,1.0,50.4,3
Super built-up  Area,Other,1260.0,2.0,2.0,85.05,3
Built-up  Area,Hennur Road,5000.0,8.0,2.0,250.0,8
Super built-up  Area,Yelahanka,3050.0,5.0,1.0,213.0,5
Super built-up  Area,Kasavanhalli,1563.05,3.0,1.0,105.0,3
Super built-up  Area,Other,1000.0,2.0,1.0,60.0,2
Super built-up  Area,Anandapura,1167.0,2.0,1.0,43.76,2
Super built-up  Area,Other,4000.0,7.0,2.0,225.0,7
Super built-up  Area,Kothanur,1828.0,3.0,2.0,110.0,3
Super built-up  Area,Kengeri Satellite Town,890.0,2.0,1.0,35.0,2
Super built-up  Area,Other,1612.0,3.0,3.0,46.74,3
Super built-up  Area,Mysore Road,1710.0,4.0,2.0,91.31,3
Super built-up  Area,Kannamangala,957.0,2.0,1.0,58.0,2
Super built-up  Area, Devarachikkanahalli,1250.0,2.0,3.0,44.0,3
Super built-up  Area,Other,2795.0,4.0,2.0,235.0,3
Super built-up  Area,Hulimavu,1125.0,2.0,2.0,50.0,2
Super built-up  Area,Electronic City Phase II,1020.0,2.0,1.0,30.6,2
Super built-up  Area,Kalena Agrahara,1200.0,2.0,2.0,50.0,2
Super built-up  Area,Thanisandra,1735.0,3.0,3.0,135.0,3
Super built-up  Area,Thanisandra,2050.0,3.0,1.0,145.0,3
Plot  Area,Other,3750.0,4.0,0.0,760.0,4
Built-up  Area,Other,1350.0,2.0,3.0,48.0,3
Super built-up  Area,Hosa Road,1063.0,2.0,1.0,32.0,2
Super built-up  Area,Other,1904.0,3.0,1.0,150.0,3
Built-up  Area,Whitefield,4200.0,4.0,2.0,420.0,4
Super built-up  Area,Other,2000.0,3.0,1.0,175.0,3
Super built-up  Area,Sarjapur,1242.5,2.0,0.0,43.49,2
Super built-up  Area,Other,1425.0,2.0,2.0,75.0,3
Super built-up  Area,Electronic City,1500.0,2.0,1.0,64.5,3
Built-up  Area,Electronic City,1060.0,2.0,1.0,60.0,2
Built-up  Area,Other,1470.0,2.0,2.0,70.0,3
Super built-up  Area,Attibele,450.0,1.0,1.0,11.0,1
Super built-up  Area,Electronic City,1152.0,2.0,1.0,64.5,2
Super built-up  Area,Electronic City,1350.0,2.0,1.0,56.0,3
Super built-up  Area,CV Raman Nagar,1550.0,3.0,3.0,65.0,3
Plot  Area,Other,1500.0,3.0,2.0,100.0,3
Plot  Area,Nagavara,400.0,1.0,0.0,14.0,1
Super built-up  Area,Malleshwaram,705.0,1.0,2.0,67.0,1
Built-up  Area,Electronic City,770.0,1.0,1.0,36.0,2
Super built-up  Area,Hulimavu,1242.0,2.0,3.0,51.0,2
Super built-up  Area,Hebbal Kempapura,1700.0,3.0,2.0,155.0,3
Super built-up  Area,Thanisandra,2144.0,3.0,2.0,145.0,3
Super built-up  Area,Vijayanagar,1704.0,3.0,2.0,110.0,3
Super built-up  Area,Electronic City,1070.0,2.0,1.0,52.0,2
Plot  Area,Other,1846.0,3.0,2.0,300.0,3
Super built-up  Area,Other,1340.0,2.0,2.0,55.7,2
Built-up  Area,Electronic City,1025.0,2.0,1.0,46.0,2
Super built-up  Area,KR Puram,1277.5,2.0,0.0,56.8,2
Super built-up  Area,Marathahalli,1200.0,2.0,2.0,52.0,2
Built-up  Area,Kanakpura Road,2250.0,4.0,1.0,110.0,4
Super built-up  Area,Pattandur Agrahara,1550.0,2.0,3.0,80.0,3
Plot  Area,Bellandur,1200.0,5.0,2.0,325.0,4
Super built-up  Area,Marathahalli,1200.0,2.0,2.0,60.0,2
Super built-up  Area,Yelahanka,1327.0,2.0,2.0,98.0,2
Super built-up  Area,Kothanur,1186.0,2.0,2.0,58.0,2
Built-up  Area,Other,1783.0,3.0,1.0,115.0,3
Super built-up  Area,HSR Layout,1400.0,3.0,2.0,56.0,3
Super built-up  Area,Other,980.0,2.0,1.0,48.0,2
Super built-up  Area,EPIP Zone,1285.0,2.0,2.0,82.0,2
Super built-up  Area,Other,912.0,2.0,1.0,70.0,3
Built-up  Area,Whitefield,1225.0,2.0,2.0,47.6,2
Super built-up  Area,Whitefield,1075.0,2.0,1.0,53.0,2
Built-up  Area,Kadugodi,1260.0,2.0,2.0,54.0,3
Super built-up  Area,Yelahanka,1282.0,2.0,2.0,48.7,3
Super built-up  Area,Kogilu,1909.0,3.0,2.0,88.0,3
Super built-up  Area,Panathur,1359.0,2.0,1.0,87.0,2
Built-up  Area,Other,1207.0,2.0,2.0,43.5,2
Plot  Area,Padmanabhanagar,1736.0,6.0,0.0,190.0,4
Super built-up  Area,1st Block Jayanagar,2850.0,4.0,1.0,428.0,4
Super built-up  Area,Kammasandra,1595.0,3.0,2.0,65.0,3
Built-up  Area,Other,1798.0,3.0,2.0,89.0,3
Super built-up  Area,Electronics City Phase 1,1475.0,3.0,2.0,78.29,3
Super built-up  Area,Other,1580.0,3.0,3.0,100.0,3
Super built-up  Area,Dasarahalli,1295.0,2.0,1.0,65.0,2
Built-up  Area,Magadi Road,3600.0,6.0,0.0,141.0,6
Super built-up  Area,Electronic City,589.0,1.0,1.0,27.0,1
Super built-up  Area,Other,1415.0,3.0,3.0,78.0,3
Super built-up  Area,Sarjapur  Road,1787.0,3.0,2.0,98.29,3
Super built-up  Area,Sarjapur  Road,1787.0,3.0,2.0,125.0,3
Super built-up  Area,Koramangala,1475.0,2.0,3.0,90.0,3
Built-up  Area,Other,2000.0,4.0,1.0,75.5,4
Super built-up  Area,Sarjapur  Road,984.0,2.0,1.0,44.28,2
Super built-up  Area,Devanahalli,1630.0,2.0,2.0,74.82,3
Super built-up  Area,Other,2405.0,4.0,2.0,260.0,3
Built-up  Area,7th Phase JP Nagar,1080.0,2.0,2.0,72.0,2
Plot  Area,Other,1500.0,2.0,1.0,115.0,2
Super built-up  Area,Hebbal,1900.0,3.0,2.0,119.0,3
Super built-up  Area,Dommasandra,805.0,2.0,1.0,22.14,2
Super built-up  Area,Budigere,1153.0,2.0,2.0,56.4,2
Super built-up  Area,Other,1148.0,2.0,2.0,60.0,2
Super built-up  Area,Other,1110.0,2.0,2.0,55.0,2
Built-up  Area,Electronic City,1100.0,2.0,2.0,42.0,2
Super built-up  Area,Kalyan nagar,1290.0,2.0,2.0,110.0,2
Super built-up  Area,Other,1500.0,2.0,1.0,65.0,3
Super built-up  Area,Other,1080.0,2.0,2.0,39.0,2
Super built-up  Area,Vijayanagar,1933.0,3.0,1.0,129.0,3
Built-up  Area,Ramamurthy Nagar,3500.0,5.0,2.0,150.0,5
Built-up  Area,Other,1060.0,2.0,2.0,60.0,2
Super built-up  Area,Chandapura,645.0,1.0,1.0,16.45,1
Plot  Area,Other,2600.0,8.0,2.0,180.0,8
Super built-up  Area,Chandapura,645.0,1.0,1.0,16.45,1
Super built-up  Area,Other,1644.0,3.0,3.0,84.0,3
Super built-up  Area,Other,1285.0,2.0,3.0,72.5,2
Plot  Area,Electronic City,1200.0,3.0,1.0,90.0,3
Super built-up  Area,Electronic City,910.0,2.0,1.0,40.0,2
Super built-up  Area,Kothanur,1577.0,3.0,1.0,70.0,3
Plot  Area,Other,4050.0,3.0,2.0,280.0,3
Super built-up  Area,OMBR Layout,2420.0,3.0,2.0,185.0,3
Super built-up  Area,Chandapura,800.0,1.0,1.0,20.0,2
Built-up  Area,Other,1060.0,2.0,2.0,55.0,2
Super built-up  Area,7th Phase JP Nagar,1270.0,2.0,2.0,93.0,2
Super built-up  Area,Other,900.0,2.0,2.0,22.5,2
Built-up  Area,Other,1280.0,2.0,1.0,69.0,2
Plot  Area,Horamavu Agara,1200.0,2.0,0.0,95.0,4
Built-up  Area,Sarjapur  Road,1025.0,2.0,2.0,36.0,2
Super built-up  Area,Electronic City,1108.0,2.0,1.0,63.0,2
Super built-up  Area,Other,3045.0,3.0,2.0,170.0,3
Plot  Area,Ambedkar Nagar,2900.0,3.0,2.0,300.0,4
Super built-up  Area,Vijayanagar,1500.0,3.0,2.0,75.5,3
Super built-up  Area,Raja Rajeshwari Nagar,1295.0,2.0,2.0,43.9,2
Super built-up  Area,Budigere,1162.0,2.0,1.0,59.9,2
Super built-up  Area,Sarjapur  Road,1035.0,2.0,2.0,49.2,2
Built-up  Area,Attibele,1600.0,4.0,0.0,52.8,4
Super built-up  Area,Other,1464.0,3.0,2.0,46.0,3
Super built-up  Area,Hennur Road,1866.0,2.0,2.0,61.58,3
Super built-up  Area,Other,700.0,1.0,1.0,26.0,2
Super built-up  Area,Kalena Agrahara,1804.0,3.0,2.0,120.0,3
Super built-up  Area,Sarjapur,913.0,2.0,1.0,32.0,2
Super built-up  Area,Talaghattapura,1868.0,3.0,2.0,131.0,3
Built-up  Area,Kengeri Satellite Town,883.0,2.0,1.0,45.0,2
Plot  Area,Other,900.0,2.0,1.0,110.0,2
Super built-up  Area,Kogilu,1664.0,2.0,3.0,73.95,3
Super built-up  Area,Hegde Nagar,2026.0,3.0,2.0,132.0,3
Super built-up  Area,Balagere,1210.0,2.0,1.0,80.9,2
Plot  Area,Other,4111.0,4.0,2.0,250.0,4
Super built-up  Area,Kadugodi,1762.0,3.0,3.0,91.45,3
Super built-up  Area,Jigani,1252.0,3.0,3.0,55.0,3
Built-up  Area,Gollarapalya Hosahalli,861.0,2.0,1.0,34.5,2
Built-up  Area,7th Phase JP Nagar,1420.0,2.0,1.0,100.0,3
Built-up  Area,Electronics City Phase 1,1490.0,3.0,1.0,78.8,3
Super built-up  Area,Bisuvanahalli,1075.0,2.0,1.0,46.0,3
Super built-up  Area,Old Madras Road,1425.0,2.0,2.0,94.0,3
Built-up  Area,Kalena Agrahara,1200.0,2.0,1.0,40.0,2
Super built-up  Area,Kaggadasapura,1280.0,2.0,2.0,56.0,3
Super built-up  Area,Other,1084.0,2.0,2.0,50.0,2
Super built-up  Area,Chandapura,1015.0,2.0,2.0,25.88,2
Super built-up  Area,Kanakpura Road,1017.0,2.0,1.0,51.25,2
Super built-up  Area,Haralur Road,1027.0,2.0,2.0,44.0,2
Super built-up  Area,Electronic City Phase II,1069.0,2.0,2.0,45.0,2
Super built-up  Area,Hebbal,1349.0,2.0,1.0,98.2,2
Super built-up  Area,9th Phase JP Nagar,1005.0,2.0,1.0,50.0,2
Super built-up  Area,Jakkur,1417.0,2.0,3.0,75.0,2
Plot  Area,TC Palaya,1475.0,3.0,1.0,98.0,3
Carpet  Area,Other,950.0,2.0,2.0,47.0,2
Super built-up  Area,Other,2000.0,4.0,0.0,120.0,4
Super built-up  Area,Sarjapur  Road,1863.0,3.0,2.0,104.0,4
Super built-up  Area,Singasandra,1010.0,2.0,1.0,29.5,2
Super built-up  Area,Kalena Agrahara,1425.0,2.0,1.0,70.0,3
Super built-up  Area,Vijayanagar,1450.0,3.0,0.0,100.0,3
Super built-up  Area,Kothanur,1847.0,3.0,2.0,105.0,3
Super built-up  Area,AECS Layout,1100.0,2.0,3.0,45.0,2
Super built-up  Area,Kanakpura Road,525.0,1.0,1.0,26.0,1
Super built-up  Area,Mallasandra,1665.0,3.0,2.0,95.0,3
Super built-up  Area,Begur,1664.0,4.0,3.0,65.0,4
Super built-up  Area,JP Nagar,1850.0,3.0,3.0,150.0,3
Super built-up  Area,Panathur,1438.0,2.0,3.0,100.0,2
Super built-up  Area,Other,1560.0,3.0,3.0,115.0,3
Super built-up  Area,Yelahanka,1350.0,2.0,1.0,55.55,2
Super built-up  Area,Kanakpura Road,1550.0,3.0,3.0,67.0,3
Super built-up  Area,Malleshpalya,1140.0,2.0,2.0,46.5,2
Super built-up  Area,Other,850.0,2.0,2.0,27.0,2
Super built-up  Area,Whitefield,1280.0,2.0,2.0,75.0,2
Built-up  Area,Munnekollal,1170.0,2.0,2.0,52.0,2
Super built-up  Area,Other,1113.0,2.0,1.0,51.0,2
Super built-up  Area,Hennur Road,1385.0,2.0,1.0,83.09,2
Super built-up  Area,Electronic City,1128.0,2.0,1.0,65.0,2
Plot  Area,Marathahalli,1200.0,2.0,2.0,128.0,2
Plot  Area,Other,1200.0,4.0,3.0,165.0,4
Super built-up  Area,Rajaji Nagar,2390.0,3.0,2.0,415.0,3
Plot  Area,Giri Nagar,2400.0,4.0,1.0,400.0,4
Super built-up  Area,Haralur Road,1464.0,3.0,2.0,56.0,3
Super built-up  Area,Other,1200.0,2.0,2.0,55.0,2
Super built-up  Area,Kaval Byrasandra,1200.0,2.0,2.0,52.0,2
Super built-up  Area,Kaggalipura,1150.0,2.0,1.0,55.0,3
Built-up  Area,Other,1645.0,3.0,2.0,95.0,3
Super built-up  Area,Sarjapur  Road,1000.0,2.0,1.0,67.0,2
Plot  Area,Haralur Road,2650.0,4.0,2.0,198.0,4
Super built-up  Area,6th Phase JP Nagar,1192.0,2.0,2.0,74.0,2
Super built-up  Area,Ulsoor,2135.0,3.0,2.0,215.0,3
Super built-up  Area,Whitefield,1173.0,2.0,1.0,58.0,2
Built-up  Area,Uttarahalli,1020.0,2.0,2.0,45.0,2
Super built-up  Area,Thigalarapalya,3122.0,6.0,2.0,230.0,4
Super built-up  Area,Somasundara Palya,1600.0,3.0,3.0,64.0,3
Plot  Area,Other,1200.0,2.0,0.0,79.0,2
Carpet  Area,Other,1230.0,2.0,3.0,48.0,2
Super built-up  Area, Devarachikkanahalli,1250.0,2.0,2.0,40.0,2
Super built-up  Area,Kalena Agrahara,1325.0,2.0,2.0,76.0,2
Built-up  Area,7th Phase JP Nagar,1850.0,3.0,1.0,150.0,3
Super built-up  Area,Kanakpura Road,525.0,2.0,2.0,21.53,1
Super built-up  Area,Basaveshwara Nagar,1200.0,2.0,2.0,65.0,2
Plot  Area,Other,1350.0,2.0,0.0,140.0,3
Super built-up  Area,Bommasandra,1260.0,3.0,1.0,49.36,3
Super built-up  Area,Other,1800.0,3.0,0.0,150.0,3
Built-up  Area,Ardendale,1100.0,2.0,1.0,43.25,2
Super built-up  Area,Harlur,1508.0,2.0,1.0,77.0,2
Carpet  Area,Other,1592.0,3.0,2.0,75.0,3
Super built-up  Area,Akshaya Nagar,1388.0,2.0,3.0,57.0,2
Super built-up  Area,Electronic City Phase II,630.0,1.0,1.0,28.35,1
Plot  Area,Other,2000.0,3.0,2.0,365.0,3
Super built-up  Area,Other,1762.0,3.0,1.0,125.0,3
Super built-up  Area,Other,950.0,2.0,2.0,50.0,2
Super built-up  Area,Kodihalli,3252.0,5.0,3.0,335.0,4
Super built-up  Area,Magadi Road,1116.0,2.0,1.0,50.0,2
Super built-up  Area,Narayanapura,1308.0,2.0,2.0,89.04,2
Super built-up  Area,Other,1200.0,3.0,0.0,90.0,3
Plot  Area,Other,1500.0,4.0,2.0,230.0,4
Built-up  Area,Bannerghatta Road,500.0,1.0,1.0,18.5,1
Super built-up  Area,Hennur,1075.0,2.0,1.0,52.0,2
Super built-up  Area,Chandapura,530.0,1.0,0.0,11.66,1
Built-up  Area,Bellandur,1205.0,2.0,3.0,66.0,2
Super built-up  Area,5th Phase JP Nagar,1075.0,2.0,2.0,60.0,2
Built-up  Area,KR Puram,930.0,2.0,2.0,39.0,2
Super built-up  Area,Balagere,1380.0,2.0,1.0,60.0,2
Super built-up  Area,Hebbal,2483.0,5.0,2.0,212.0,4
Built-up  Area,Kodigehaali,1166.0,2.0,2.0,55.0,2
Super built-up  Area,Bannerghatta Road,1050.0,2.0,1.0,65.0,2
Super built-up  Area,Other,2023.71,3.0,2.0,275.0,3
Super built-up  Area,Begur Road,1200.0,2.0,2.0,46.8,2
Super built-up  Area,Lakshminarayana Pura,1600.0,2.0,1.0,108.0,3
Super built-up  Area,Billekahalli,1935.0,3.0,2.0,110.0,3
Super built-up  Area,8th Phase JP Nagar,451.0,1.0,0.0,29.9,1
Super built-up  Area,Electronic City,1800.0,3.0,2.0,95.0,3
Super built-up  Area,Jalahalli,1400.0,3.0,0.0,77.0,3
Super built-up  Area,Hegde Nagar,1801.0,3.0,2.0,115.0,3
Built-up  Area,Mahadevpura,1451.0,2.0,2.0,90.0,2
Plot  Area,Anekal,1200.0,1.0,1.0,36.0,2
Super built-up  Area,Begur Road,1160.0,2.0,2.0,44.0,2
Built-up  Area,Kengeri,1000.0,2.0,1.0,25.0,2
Super built-up  Area,Kanakpura Road,950.0,2.0,1.0,40.0,2
Built-up  Area,Other,1629.0,3.0,2.0,79.0,3
Built-up  Area,Vijayanagar,1580.0,2.0,0.0,134.0,3
Super built-up  Area,Vijayanagar,1826.0,3.0,2.0,121.0,3
Built-up  Area,7th Phase JP Nagar,1245.0,2.0,1.0,94.0,2
Super built-up  Area,Raja Rajeshwari Nagar,1145.0,2.0,2.0,45.79,2
Super built-up  Area,Sompura,825.0,2.0,1.0,33.0,2
Super built-up  Area,Yeshwanthpur,1693.0,3.0,3.0,108.0,3
Super built-up  Area,Electronics City Phase 1,1113.27,2.0,2.0,53.0,2
Built-up  Area,Other,1460.0,2.0,1.0,58.0,2
Built-up  Area,Doddathoguru,1050.0,2.0,1.0,32.0,2
Built-up  Area,Dodda Nekkundi,1260.0,2.0,2.0,55.0,2
Built-up  Area,Hosur Road,1656.0,2.0,1.0,120.0,2
Super built-up  Area,Chandapura,1208.0,3.0,1.0,45.0,3
Super built-up  Area,Whitefield,1910.0,3.0,2.0,161.0,3
Super built-up  Area,Whitefield,3252.0,4.0,1.0,230.0,4
Plot  Area,Battarahalli,1200.0,2.0,1.0,65.0,2
Super built-up  Area,Other,1200.0,4.0,1.0,175.0,4
Super built-up  Area,7th Phase JP Nagar,1175.0,2.0,1.0,82.0,2
Plot  Area,Other,1000.0,2.0,0.0,165.0,2
Plot  Area,Bannerghatta Road,1200.0,2.0,0.0,125.0,4
Super built-up  Area,Rajaji Nagar,2390.0,3.0,2.0,410.0,3
Super built-up  Area,Rajaji Nagar,12000.0,6.0,3.0,2200.0,7
Super built-up  Area,Kengeri,370.923994,1.0,0.0,18.5,1
Super built-up  Area,Other,1185.0,2.0,2.0,38.0,2
Super built-up  Area,Kengeri,750.0,2.0,1.0,38.0,2
Super built-up  Area,Kanakpura Road,1550.0,3.0,3.0,64.5,3
Built-up  Area,Other,1760.0,3.0,2.0,88.0,3
Super built-up  Area,Billekahalli,1125.0,2.0,2.0,62.0,2
Plot  Area,Nagarbhavi,1350.0,3.0,2.0,150.0,3
Plot  Area,Anandapura,1000.0,2.0,1.0,55.0,2
Built-up  Area,Bommasandra Industrial Area,1090.0,2.0,2.0,31.48,2
Plot  Area,TC Palaya,1200.0,2.0,0.0,60.0,2
Super built-up  Area,Budigere,1991.0,4.0,2.0,103.0,3
Super built-up  Area,Bommasandra,1060.0,2.0,1.0,26.5,2
Super built-up  Area,Ambalipura,1105.0,2.0,1.0,75.0,2
Built-up  Area,Hoodi,985.0,2.0,2.0,67.0,2
Super built-up  Area,Balagere,1590.0,3.0,2.0,79.0,3
Super built-up  Area,CV Raman Nagar,1120.0,2.0,2.0,55.0,2
Super built-up  Area,Other,1069.0,2.0,1.0,55.0,2
Super built-up  Area,Marathahalli,1933.0,3.0,2.0,140.0,3
Built-up  Area,Hosur Road,1194.0,2.0,0.0,69.0,2
Super built-up  Area,Brookefield,1150.0,2.0,3.0,69.0,2
Super built-up  Area,Yelenahalli,1240.0,2.0,2.0,47.12,2
Super built-up  Area,Raja Rajeshwari Nagar,1419.0,2.0,2.0,48.1,2
Super built-up  Area,Other,2150.0,4.0,2.0,240.0,3
Super built-up  Area,Other,1450.0,3.0,2.0,55.0,3
Super built-up  Area,Other,1630.0,3.0,2.0,68.29,3
Super built-up  Area,Dasanapura,708.0,1.0,1.0,40.0,2
Plot  Area,Kasavanhalli,1000.0,4.0,3.0,110.0,3
Plot  Area,Whitefield,11890.0,4.0,3.0,700.0,4
Super built-up  Area,Bellandur,1250.0,2.0,1.0,76.0,2
Super built-up  Area,7th Phase JP Nagar,1400.0,2.0,1.0,95.0,3
Super built-up  Area,Sarjapur  Road,1670.0,2.0,3.0,57.0,3
Super built-up  Area,Ardendale,1750.0,3.0,2.0,100.0,3
Super built-up  Area,Vittasandra,1404.0,2.0,1.0,71.0,2
Super built-up  Area,Hoodi,1715.0,2.0,2.0,95.0,3
Built-up  Area,Electronic City,630.0,1.0,1.0,34.65,1
Super built-up  Area,Harlur,1752.12,3.0,2.0,135.0,3
Super built-up  Area,Hulimavu,1650.0,3.0,2.0,78.0,3
Super built-up  Area,Raja Rajeshwari Nagar,1295.0,2.0,1.0,55.47,2
Plot  Area,Giri Nagar,1800.0,3.0,2.0,252.0,3
Super built-up  Area,Sarjapur  Road,1346.0,2.0,1.0,74.03,2
Plot  Area,Other,1200.0,4.0,2.0,200.0,4
Super built-up  Area,Hormavu,1150.0,2.0,2.0,55.0,2
Built-up  Area,Other,3309.0,4.0,3.0,325.0,4
Super built-up  Area,Chandapura,1190.0,2.0,2.0,30.35,3
Super built-up  Area,AECS Layout,1620.0,3.0,2.0,98.0,3
Super built-up  Area,Marathahalli,950.0,2.0,1.0,46.96,2
Super built-up  Area,Harlur,2450.0,3.0,0.0,120.0,3
Super built-up  Area,Electronic City Phase II,1220.0,2.0,1.0,35.23,3
Super built-up  Area,Other,850.0,2.0,1.0,30.0,2
Built-up  Area,Padmanabhanagar,1020.0,2.0,2.0,63.0,2
Built-up  Area,Chikkalasandra,1100.0,2.0,2.0,50.0,2
Super built-up  Area,Other,1150.0,2.0,2.0,126.0,2
Super built-up  Area,Hebbal,1760.0,2.0,2.0,130.0,3
Super built-up  Area,Ambalipura,1800.0,3.0,3.0,110.0,3
Super built-up  Area,Akshaya Nagar,1070.0,2.0,1.0,54.0,2
Plot  Area,Other,1500.0,4.0,2.0,220.0,4
Plot  Area,Vidyaranyapura,1440.0,2.0,0.0,95.0,2
Super built-up  Area,Amruthahalli,900.0,2.0,1.0,40.0,2
Built-up  Area,Other,1200.0,4.0,1.0,230.0,4
Super built-up  Area,Whitefield,1130.0,2.0,1.0,42.16,2
Super built-up  Area,Koramangala,1320.0,2.0,1.0,165.0,2
Super built-up  Area,Other,1270.0,2.0,1.0,98.0,2
Built-up  Area,Other,1200.0,2.0,1.0,62.0,2
Super built-up  Area,Other,4800.0,4.0,2.0,235.0,4
Super built-up  Area,Other,1200.0,2.0,1.0,74.0,2
Super built-up  Area,Subramanyapura,929.0,2.0,0.0,50.17,2
Super built-up  Area,Other,1464.0,3.0,2.0,56.0,3
Super built-up  Area,7th Phase JP Nagar,3600.0,4.0,3.0,400.0,4
Plot  Area,Other,2000.0,4.0,2.0,99.0,4
Super built-up  Area,Chikkalasandra,1208.0,2.0,1.0,49.0,2
Super built-up  Area,Hebbal Kempapura,1130.0,2.0,2.0,60.0,2
Super built-up  Area,Other,1753.0,3.0,2.0,120.0,3
Super built-up  Area,Old Madras Road,4500.0,7.0,3.0,337.0,5
Super built-up  Area,Hoodi,1196.0,2.0,2.0,94.42,2
Built-up  Area,5th Phase JP Nagar,1150.0,3.0,3.0,52.5,2
Super built-up  Area,Electronic City,1128.0,2.0,1.0,63.0,2
Super built-up  Area,Other,1000.0,2.0,1.0,53.0,2
Super built-up  Area,Yelahanka,1035.0,2.0,1.0,45.0,2
Built-up  Area,Kereguddadahalli,950.0,2.0,1.0,32.0,2
Super built-up  Area,Bisuvanahalli,1075.0,2.0,1.0,36.0,3
Super built-up  Area,Whitefield,1040.0,2.0,1.0,48.5,2
Plot  Area,Other,720.0,2.0,1.0,45.0,2
Super built-up  Area,Lingadheeranahalli,1511.0,3.0,1.0,95.0,3
Built-up  Area,Other,1300.0,3.0,1.0,58.0,3
Super built-up  Area,Hoodi,1545.0,3.0,1.0,68.75,3
Built-up  Area,Other,375.0,2.0,0.0,26.0,1
Super built-up  Area,Vidyaranyapura,1062.0,2.0,3.0,38.0,2
Super built-up  Area,Other,1115.0,2.0,1.0,40.0,2
Super built-up  Area,JP Nagar,1000.0,2.0,1.0,35.0,2
Super built-up  Area,Kambipura,883.0,2.0,1.0,45.0,2
Super built-up  Area,Sarjapur  Road,1195.0,2.0,1.0,70.0,2
Plot  Area,Other,1200.0,3.0,1.0,165.0,4
Built-up  Area,Other,700.0,1.0,0.0,41.0,1
Super built-up  Area,Vittasandra,1246.0,2.0,1.0,67.0,2
Plot  Area,Banashankari Stage III,8500.0,4.0,2.0,145.0,4
Super built-up  Area,Other,1600.0,4.0,1.0,80.0,4
Super built-up  Area,Haralur Road,2805.0,5.0,3.0,154.0,4
Super built-up  Area,Begur Road,1584.0,3.0,2.0,65.0,3
Plot  Area,Sector 7 HSR Layout,3000.0,5.0,1.0,275.0,4
Built-up  Area,Hosur Road,1175.0,2.0,2.0,48.0,3
Built-up  Area,Other,1595.0,3.0,2.0,115.0,3
Super built-up  Area,Other,1353.0,2.0,2.0,110.0,2
Super built-up  Area,Electronic City,1599.0,3.0,2.0,125.0,3
Super built-up  Area,Whitefield,1150.0,2.0,1.0,70.0,2
Super built-up  Area,Jakkur,5230.0,6.0,1.0,465.0,4
Super built-up  Area,KR Puram,1155.0,2.0,2.0,42.74,2
Built-up  Area,Other,1200.0,2.0,0.0,85.0,1
Super built-up  Area,Electronic City Phase II,1000.0,2.0,1.0,25.0,2
Super built-up  Area,Thanisandra,3000.0,4.0,2.0,120.0,4
Built-up  Area,Rajiv Nagar,1867.0,3.0,1.0,160.0,3
Super built-up  Area,Ramagondanahalli,1251.0,2.0,1.0,47.0,2
Super built-up  Area,Other,1028.0,2.0,1.0,45.5,2
Super built-up  Area,Arekere,1222.0,2.0,2.0,45.0,2
Super built-up  Area,Bannerghatta Road,1170.0,2.0,1.0,66.0,3
Super built-up  Area,Hebbal,2400.0,4.0,1.0,245.0,3
Super built-up  Area,Other,1385.0,2.0,2.0,48.48,3
Super built-up  Area,HSR Layout,1372.0,2.0,1.0,68.0,2
Super built-up  Area,Magadi Road,1282.0,2.0,2.0,49.0,3
Super built-up  Area,Mico Layout,5000.0,9.0,3.0,210.0,9
Built-up  Area,Other,3000.0,3.0,1.0,528.0,5
Super built-up  Area,Kanakpura Road,1135.0,2.0,1.0,39.73,2
Built-up  Area,Whitefield,1768.0,3.0,2.0,101.0,3
Built-up  Area,Other,1325.0,2.0,1.0,90.0,3
Super built-up  Area,Electronic City,1599.0,3.0,2.0,99.0,3
Plot  Area,Whitefield,1500.0,3.0,1.0,61.95,3
Plot  Area,Other,2610.0,3.0,0.0,499.0,3
Super built-up  Area,Uttarahalli,1286.0,2.0,2.0,63.0,2
Built-up  Area,Kammanahalli,2845.0,5.0,1.0,140.0,5
Super built-up  Area,Other,1600.0,2.0,2.0,50.0,3
Super built-up  Area,Hennur Road,1317.5,2.0,0.0,63.77,2
Super built-up  Area,Hebbal,3450.0,5.0,2.0,260.0,3
Super built-up  Area,Munnekollal,1102.0,2.0,2.0,53.67,2
Super built-up  Area,Yelahanka,1350.0,2.0,2.0,54.0,2
Super built-up  Area,Banashankari,1200.0,2.0,2.0,42.0,3
Plot  Area,Other,1800.0,1.0,1.0,80.0,2
Built-up  Area,Chikkabanavar,950.0,2.0,1.0,40.0,2
Super built-up  Area,Kanakpura Road,525.0,1.0,1.0,27.25,1
Built-up  Area,Attibele,656.0,2.0,1.0,25.0,2
Plot  Area,Marathahalli,1780.0,4.0,3.0,175.0,4
Super built-up  Area,Other,1056.0,2.0,1.0,80.0,2
Super built-up  Area,Bannerghatta Road,595.0,1.0,1.0,33.32,1
Built-up  Area,Other,1080.0,2.0,2.0,50.0,2
Super built-up  Area,7th Phase JP Nagar,2225.0,3.0,1.0,160.0,3
Super built-up  Area,Bommasandra,1126.0,2.0,1.0,28.15,2
Super built-up  Area,Electronics City Phase 1,1490.0,3.0,1.0,84.0,3
Plot  Area,HRBR Layout,2000.0,4.0,1.0,300.0,4
Super built-up  Area,Sarjapur  Road,1550.0,3.0,3.0,100.0,3
Built-up  Area,Other,1160.0,2.0,1.0,55.0,2
Built-up  Area,Whitefield,4144.0,4.0,3.0,315.0,4
Super built-up  Area,Sarjapur  Road,2100.0,3.0,2.0,125.0,3
Super built-up  Area,Vittasandra,1404.0,2.0,1.0,69.3,2
Plot  Area,Sarjapur  Road,2230.0,4.0,3.0,225.0,4
Super built-up  Area,Other,1544.0,3.0,2.0,120.0,3
Super built-up  Area,Banashankari Stage III,1305.0,2.0,1.0,58.7,3
Super built-up  Area,Marathahalli,1230.0,2.0,2.0,80.0,2
Plot  Area,Other,1200.0,2.0,0.0,65.0,2
Super built-up  Area,Harlur,1460.0,3.0,1.0,73.0,3
Built-up  Area,Gottigere,967.0,2.0,3.0,45.0,2
Built-up  Area,Other,540.0,1.0,1.0,36.0,1
Super built-up  Area,Hormavu,715.0,1.0,2.0,46.0,1
Super built-up  Area,Whitefield,2500.0,3.0,2.0,313.0,3
Super built-up  Area,Other,1578.0,3.0,1.0,180.0,3
Super built-up  Area,Mysore Road,1020.0,2.0,1.0,48.95,2
Super built-up  Area,Jigani,1020.0,2.0,1.0,40.0,2
Super built-up  Area,Koramangala,1253.0,2.0,1.0,102.0,2
Super built-up  Area,Other,1180.0,2.0,2.0,42.0,2
Super built-up  Area,Nehru Nagar,961.0,2.0,2.0,38.0,2
Built-up  Area,Kanakapura,1419.0,3.0,3.0,75.0,3
Super built-up  Area,Harlur,1709.0,3.0,2.0,150.0,3
Plot  Area,Other,1600.0,2.0,0.0,115.0,2
Super built-up  Area,Other,416.0,1.0,1.0,18.5,1
Carpet  Area,Sanjay nagar,1100.0,2.0,2.0,98.0,2
Super built-up  Area,HSR Layout,1430.0,2.0,1.0,65.0,3
Super built-up  Area,Other,1260.0,2.0,2.0,45.0,2
Built-up  Area,Other,1630.0,3.0,2.0,85.0,3
Super built-up  Area,Sarjapur  Road,1249.0,3.0,2.0,44.71,3
Super built-up  Area,Kalena Agrahara,1450.0,2.0,3.0,85.0,3
Super built-up  Area,Konanakunte,2791.0,3.0,1.0,223.0,3
Super built-up  Area,Other,600.0,1.0,0.0,90.0,1
Built-up  Area,Other,834.0,1.0,1.0,60.0,1
Plot  Area,Other,1125.0,4.0,1.0,70.0,3
Super built-up  Area,Arekere,2060.0,3.0,2.0,140.0,3
Super built-up  Area,Malleshwaram,12000.0,7.0,3.0,2200.0,7
Built-up  Area,Gottigere,891.0,2.0,1.0,25.0,2
Super built-up  Area,Raja Rajeshwari Nagar,1133.0,2.0,1.0,49.07,2
Built-up  Area,Bisuvanahalli,1075.0,2.0,1.0,37.0,3
Super built-up  Area,Other,3000.0,5.0,2.0,260.0,4
Plot  Area,Brookefield,2440.0,5.0,2.0,425.0,4
Built-up  Area,Vidyaranyapura,1200.0,2.0,2.0,55.0,2
Super built-up  Area,Thanisandra,1075.0,2.0,2.0,45.8,2
Super built-up  Area,Kaggadasapura,1140.0,2.0,2.0,40.0,2
Plot  Area,Other,2160.0,5.0,1.0,250.0,6
Super built-up  Area,Raja Rajeshwari Nagar,1090.0,2.0,1.0,42.0,2
Built-up  Area,R.T. Nagar,1500.0,4.0,1.0,70.0,4
Super built-up  Area,Whitefield,4104.0,4.0,2.0,360.0,4
Super built-up  Area,Whitefield,1790.0,3.0,2.0,100.0,3
Super built-up  Area,Hebbal,1920.0,3.0,2.0,134.0,3
Built-up  Area,HRBR Layout,1374.0,2.0,2.0,95.0,2
Carpet  Area,Bannerghatta Road,1445.0,3.0,2.0,95.0,3
Super built-up  Area,Kanakapura,711.0,1.0,1.0,36.0,1
Super built-up  Area,Tumkur Road,1500.0,3.0,3.0,95.0,3
Super built-up  Area,Whitefield,1720.0,3.0,3.0,100.0,3
Super built-up  Area,Other,1400.0,3.0,2.0,60.0,3
Built-up  Area,Kundalahalli,1030.0,2.0,2.0,49.0,2
Super built-up  Area,Mysore Road,1200.0,2.0,1.0,85.0,2
Carpet  Area,Other,1375.0,3.0,2.0,70.0,3
Plot  Area,Hegde Nagar,1050.0,1.0,2.0,56.0,2
Super built-up  Area,Jalahalli,2250.0,3.0,2.0,160.0,3
Super built-up  Area,Bellandur,1000.0,2.0,2.0,50.0,2
Super built-up  Area,Other,469.0,1.0,0.0,25.0,1
Super built-up  Area,Marathahalli,3800.0,4.0,3.0,250.0,4
Super built-up  Area,Kambipura,883.0,2.0,1.0,29.0,2
Super built-up  Area,GM Palaya,1820.0,2.0,3.0,86.0,3
Built-up  Area,Singasandra,1440.0,2.0,3.0,65.0,3
Super built-up  Area,Other,3600.0,4.0,1.0,160.0,6
Built-up  Area,Malleshwaram,2500.0,5.0,2.0,325.0,4
Super built-up  Area,Mahadevpura,1225.0,2.0,2.0,48.0,2
Plot  Area,Other,4000.0,3.0,1.0,660.0,3
Carpet  Area,Chikkalasandra,875.0,2.0,3.0,52.8,2
Super built-up  Area,Jalahalli East,750.0,1.0,2.0,40.0,1
Super built-up  Area,6th Phase JP Nagar,1180.0,2.0,3.0,80.0,2
Super built-up  Area,Haralur Road,1194.0,2.0,2.0,47.0,2
Super built-up  Area,Hennur Road,1500.0,2.0,2.0,62.0,3
Super built-up  Area,Other,1160.0,2.0,2.0,52.2,2
Super built-up  Area,Hosakerehalli,2378.0,3.0,1.0,262.0,3
Super built-up  Area,Sarjapur,1128.0,2.0,1.0,60.0,2
Super built-up  Area,Hebbal,1500.0,3.0,1.0,150.0,3
Built-up  Area,Other,1220.0,2.0,1.0,35.23,3
Super built-up  Area,Sarjapur  Road,1210.0,2.0,2.0,58.0,2
Super built-up  Area,Kanakpura Road,1100.0,2.0,1.0,58.0,3
Super built-up  Area,Bommasandra,1200.0,3.0,2.0,46.0,3
Built-up  Area,Haralur Road,3385.0,5.0,2.0,260.0,4
Super built-up  Area,Other,1641.0,3.0,2.0,66.0,3
Super built-up  Area,Horamavu Agara,1200.0,2.0,1.0,45.0,2
Super built-up  Area,Raja Rajeshwari Nagar,1260.0,2.0,1.0,67.39,2
Super built-up  Area,Mahadevpura,1720.0,3.0,3.0,78.0,3
Super built-up  Area,Yelahanka,1132.5,2.0,0.0,48.13,2
Super built-up  Area,Yelahanka,1210.0,2.0,1.0,45.98,2
Built-up  Area,Indira Nagar,2200.0,4.0,2.0,200.0,4
Super built-up  Area,Bisuvanahalli,1075.0,2.0,1.0,45.0,3
Built-up  Area,Thanisandra,1702.0,3.0,2.0,130.0,3
Super built-up  Area,Other,1630.0,2.0,2.0,200.0,2
Super built-up  Area,Raja Rajeshwari Nagar,1141.0,2.0,2.0,38.55,2
Super built-up  Area,Other,2072.0,3.0,2.0,108.0,3
Super built-up  Area,JP Nagar,5520.0,2.0,2.0,375.0,5
Built-up  Area,Other,1200.0,2.0,0.0,70.0,3
Super built-up  Area,Other,1350.0,3.0,0.0,77.0,3
Built-up  Area,Other,4046.0,4.0,0.0,445.0,4
Super built-up  Area,Other,1180.0,2.0,2.0,78.34,3
Super built-up  Area,Other,1355.0,2.0,2.0,115.0,2
Plot  Area,Other,600.0,1.0,0.0,50.0,1
Super built-up  Area,Bannerghatta Road,1640.0,2.0,1.0,120.0,3
Super built-up  Area,Kodichikkanahalli,1190.0,2.0,2.0,57.0,3
Plot  Area,OMBR Layout,2400.0,4.0,2.0,375.0,4
Super built-up  Area,Marathahalli,1019.0,2.0,2.0,49.85,2
Super built-up  Area,Other,1875.0,3.0,2.0,165.0,3
Super built-up  Area,Akshaya Nagar,1250.0,3.0,2.0,40.0,3
Plot  Area,Brookefield,1200.0,3.0,2.0,140.0,3
Super built-up  Area,Whitefield,1140.0,2.0,1.0,56.0,2
Super built-up  Area,Lingadheeranahalli,1683.0,3.0,1.0,109.0,3
Super built-up  Area,Kaggadasapura,1515.0,3.0,2.0,83.3,3
Super built-up  Area,Hoodi,2118.0,4.0,2.0,111.0,4
Built-up  Area,Bannerghatta Road,1380.0,3.0,0.0,58.0,4
Super built-up  Area,Varthur Road,1083.0,2.0,2.0,61.75,2
Plot  Area,Other,600.0,2.0,1.0,55.0,2
Built-up  Area,Other,2300.0,3.0,3.0,120.0,3
Super built-up  Area,Other,1240.0,2.0,2.0,60.0,2
Super built-up  Area,Other,1750.0,3.0,1.0,120.0,3
Super built-up  Area,Other,1230.0,2.0,2.0,43.48,2
Plot  Area,Anjanapura,1500.0,3.0,1.0,139.0,3
Super built-up  Area,Abbigere,985.0,2.0,1.0,40.39,2
Plot  Area,Tindlu,1500.0,2.0,1.0,87.0,3
Built-up  Area,Electronic City,1125.0,2.0,1.0,32.49,2
Built-up  Area,Other,950.0,2.0,1.0,44.0,2
Super built-up  Area,JP Nagar,5600.0,2.0,2.0,548.5,5
Super built-up  Area,Kothanur,1580.0,3.0,3.0,76.0,3
Plot  Area,Other,1092.0,2.0,1.0,98.5,3
Built-up  Area,Electronic City Phase II,1090.0,2.0,1.0,28.34,2
Built-up  Area,Hennur Road,2264.0,3.0,1.0,159.0,3
Super built-up  Area,Dommasandra,1033.0,2.0,2.0,25.53,3
Super built-up  Area,Kammasandra,810.0,2.0,2.0,24.5,2
Super built-up  Area,Other,1045.0,2.0,0.0,45.0,2
Super built-up  Area,Hebbal,1337.0,2.0,1.0,82.0,2
Super built-up  Area,Chandapura,1200.0,2.0,2.0,32.0,2
Super built-up  Area,Koramangala,1580.0,3.0,2.0,160.0,3
Super built-up  Area,Begur Road,1500.0,2.0,3.0,54.0,3
Super built-up  Area,Whitefield,1640.0,4.0,2.0,91.0,3
Super built-up  Area,Other,1570.0,3.0,2.0,62.0,3
Super built-up  Area,Gubbalala,1470.0,2.0,2.0,82.0,3
Super built-up  Area,Kengeri,1160.0,2.0,2.0,40.61,2
Built-up  Area,7th Phase JP Nagar,1050.0,2.0,1.0,71.0,2
Super built-up  Area,Dairy Circle,1855.0,3.0,1.0,225.0,3
Super built-up  Area,Bannerghatta Road,1460.0,2.0,1.0,90.0,3
Built-up  Area,Hulimavu,1823.0,3.0,2.0,100.0,3
Super built-up  Area,Electronic City,1094.0,2.0,2.0,42.0,2
Super built-up  Area,Budigere,1153.0,2.0,2.0,57.0,2
Built-up  Area,Other,1325.0,3.0,1.0,57.0,3
Plot  Area,Other,1200.0,3.0,2.0,85.0,4
Built-up  Area,Jakkur,1590.0,2.0,2.0,125.0,3
Plot  Area,Raja Rajeshwari Nagar,1200.0,4.0,0.0,220.0,4
Super built-up  Area,Other,1202.0,2.0,1.0,48.0,2
Built-up  Area,Haralur Road,1202.0,2.0,1.0,53.0,2
Super built-up  Area,Other,1200.0,2.0,3.0,62.5,2
Super built-up  Area,Panathur,1688.0,3.0,1.0,118.0,3
Built-up  Area,Kaval Byrasandra,1020.0,2.0,1.0,52.0,2
Super built-up  Area,Sarjapur,1185.0,2.0,2.0,47.0,2
Super built-up  Area,Ramagondanahalli,1235.0,2.0,1.0,52.04,2
Super built-up  Area,Hosakerehalli,3205.0,5.0,1.0,500.0,4
Super built-up  Area,Banashankari,1077.0,2.0,2.0,37.64,2
Super built-up  Area,Kengeri Satellite Town,1415.0,2.0,3.0,66.0,3
Super built-up  Area,EPIP Zone,2330.0,3.0,2.0,162.0,3
Super built-up  Area,Whitefield,805.0,2.0,2.0,35.0,2
Built-up  Area,Other,425.0,1.0,0.0,20.03,1
Super built-up  Area,Whitefield,1155.0,2.0,3.0,59.95,2
Super built-up  Area,Cunningham Road,5270.0,4.0,3.0,1250.0,4
Super built-up  Area,Anekal,656.0,2.0,1.0,22.0,2
Built-up  Area,Other,1100.0,2.0,0.0,48.0,2
Super built-up  Area,Mahadevpura,1150.0,2.0,3.0,52.0,2
Plot  Area,Other,600.0,1.0,1.0,60.0,1
Super built-up  Area,Other,1468.0,2.0,1.0,140.0,2
Plot  Area,Other,4300.0,5.0,2.0,550.0,4
Super built-up  Area,Whitefield,2280.0,4.0,2.0,126.0,3
Super built-up  Area,Hegde Nagar,1341.0,2.0,1.0,97.0,2
Super built-up  Area,Jakkur,1279.0,2.0,1.0,77.0,2
Super built-up  Area,Electronic City Phase II,2225.0,4.0,0.0,98.88,4
Super built-up  Area,Thanisandra,1185.0,2.0,2.0,43.51,2
Super built-up  Area,Other,1750.0,3.0,2.0,85.0,3
Super built-up  Area,Kudlu,1152.0,2.0,1.0,53.5,2
Super built-up  Area,Hulimavu,1300.0,2.0,3.0,36.0,2
Plot  Area,Varthur Road,2760.0,4.0,2.0,155.0,4
Super built-up  Area,5th Phase JP Nagar,1070.0,2.0,2.0,39.0,2
Super built-up  Area,Uttarahalli,1101.0,2.0,0.0,45.0,2
Super built-up  Area,Other,775.0,2.0,1.0,55.0,2
Super built-up  Area,Yeshwanthpur,667.0,1.0,1.0,36.85,1
Super built-up  Area,Electronic City,1070.0,2.0,1.0,55.0,2
Built-up  Area,Old Airport Road,1875.0,2.0,2.0,110.0,3
Super built-up  Area,Kundalahalli,735.0,2.0,1.0,57.99,2
Plot  Area,Sarjapur,4360.0,4.0,1.0,90.0,5
Super built-up  Area,Koramangala,1750.0,3.0,2.0,130.0,3
Super built-up  Area,Marathahalli,1215.0,2.0,1.0,67.0,2
Super built-up  Area,Other,820.0,2.0,1.0,30.0,2
Super built-up  Area,Banashankari Stage VI,1177.5,2.0,0.0,59.935,2
Super built-up  Area,Battarahalli,1779.0,3.0,2.0,89.61,3
Built-up  Area,Other,1105.0,2.0,2.0,58.0,2
Super built-up  Area,Whitefield,1650.0,3.0,2.0,60.0,3
Super built-up  Area,Jalahalli,1694.0,2.0,2.0,150.0,2
Super built-up  Area,Hosakerehalli,2376.0,3.0,1.0,203.0,3
Super built-up  Area,Cox Town,1975.0,3.0,3.0,150.0,3
Super built-up  Area,Kammasandra,674.0,2.0,1.0,33.0,2
Super built-up  Area,Kaggadasapura,1185.0,2.0,1.0,41.0,2
Super built-up  Area,Other,445.0,1.0,0.0,28.0,1
Super built-up  Area,HSR Layout,1475.0,3.0,2.0,75.0,3
Super built-up  Area,Gottigere,1618.0,3.0,3.0,82.5,3
Super built-up  Area,Koramangala,1120.0,2.0,0.0,65.0,2
Super built-up  Area,Marathahalli,2181.0,3.0,2.0,152.0,4
Plot  Area,Vidyaranyapura,1200.0,4.0,0.0,90.0,4
Super built-up  Area,Bannerghatta Road,1556.0,2.0,1.0,59.13,3
Super built-up  Area,Bannerghatta Road,1179.0,2.0,1.0,66.02,2
Super built-up  Area,Thanisandra,1296.0,2.0,2.0,83.0,2
Built-up  Area,Kaggadasapura,1275.0,2.0,2.0,52.0,2
Super built-up  Area,Kathriguppe,1400.0,2.0,2.0,77.0,3
Super built-up  Area,Gottigere,1222.0,2.0,1.0,63.0,2
Super built-up  Area,Electronic City,940.0,2.0,1.0,41.0,2
Super built-up  Area,Thanisandra,1185.0,2.0,2.0,42.6,2
Super built-up  Area,Tumkur Road,1779.0,3.0,2.0,112.0,3
Super built-up  Area,Begur Road,1615.0,3.0,2.0,59.76,3
Super built-up  Area,JP Nagar,4624.5,2.0,2.0,453.0,4
Super built-up  Area,Haralur Road,1056.0,2.0,1.0,61.0,2
Super built-up  Area,7th Phase JP Nagar,1100.0,2.0,0.0,46.0,2
Built-up  Area,Arekere,920.0,2.0,1.0,40.0,2
Super built-up  Area,Other,1602.0,2.0,0.0,75.0,3
Built-up  Area,Padmanabhanagar,1176.0,2.0,0.0,62.0,2
Super built-up  Area,Other,1352.0,3.0,0.0,135.0,3
Built-up  Area,Kasavanhalli,1717.0,3.0,3.0,99.0,3
Super built-up  Area,Bhoganhalli,2119.0,4.0,3.0,111.0,4
Super built-up  Area,Vittasandra,1246.0,2.0,1.0,67.3,2
Super built-up  Area,Anandapura,1141.0,2.0,1.0,42.79,2
Built-up  Area,Hennur Road,1157.0,2.0,1.0,84.0,2
Super built-up  Area,Chandapura,1025.0,2.0,2.0,27.68,2
Built-up  Area,Yelahanka New Town,650.0,1.0,2.0,33.0,1
Super built-up  Area,Hebbal,1349.0,2.0,1.0,98.0,2
Super built-up  Area,Narayanapura,1566.0,3.0,1.0,83.3,3
Super built-up  Area,Sahakara Nagar,2830.0,3.0,3.0,195.0,4
Built-up  Area,Electronic City,1320.0,2.0,1.0,38.13,3
Super built-up  Area,Other,1780.0,3.0,1.0,84.83,3
Super built-up  Area,Varthur,1091.0,2.0,1.0,34.9,2
Super built-up  Area,Rachenahalli,3670.0,4.0,3.0,300.0,4
Built-up  Area,7th Phase JP Nagar,918.0,2.0,1.0,50.49,2
Super built-up  Area,Yeshwanthpur,1950.0,4.0,0.0,130.0,4
Super built-up  Area,Panathur,1695.0,3.0,1.0,90.0,3
Super built-up  Area,Yelahanka,1705.0,3.0,2.0,95.0,3
Built-up  Area,Kalyan nagar,1375.0,3.0,2.0,75.0,3
Super built-up  Area,Kanakpura Road,525.0,1.0,1.0,30.0,1
Built-up  Area,Whitefield,1447.0,2.0,1.0,83.0,2
Super built-up  Area,Thanisandra,1114.0,2.0,1.0,39.0,2
Super built-up  Area,7th Phase JP Nagar,1450.0,2.0,1.0,100.0,3
Built-up  Area,Other,1022.0,2.0,2.0,40.0,2
Built-up  Area,Hebbal,1000.0,2.0,2.0,45.0,2
Super built-up  Area,Electronic City,1128.0,2.0,1.0,68.75,2
Super built-up  Area,Kanakpura Road,1180.0,2.0,2.0,57.0,2
Plot  Area,Nagarbhavi,1200.0,2.0,1.0,150.0,2
Super built-up  Area,Sadashiva Nagar,3761.0,3.0,2.0,660.0,3
Super built-up  Area,Kanakpura Road,1339.0,2.0,3.0,75.0,2
Super built-up  Area,Yelachenahalli,1400.0,2.0,3.0,55.0,3
Super built-up  Area,7th Phase JP Nagar,1040.0,2.0,1.0,39.52,2
Super built-up  Area,Kadugodi,1198.0,2.0,2.0,58.0,2
Plot  Area,Other,1200.0,3.0,2.0,95.0,4
Super built-up  Area,Sarjapur  Road,1691.0,3.0,2.0,113.0,3
Super built-up  Area,Bisuvanahalli,1075.0,3.0,2.0,36.0,3
Super built-up  Area,1st Block Jayanagar,1630.0,3.0,2.0,194.0,3
Super built-up  Area,8th Phase JP Nagar,1240.0,3.0,2.0,43.5,3
Super built-up  Area,Bannerghatta Road,1122.5,2.0,0.0,58.935,2
Super built-up  Area,Mallasandra,1665.0,3.0,2.0,86.58,3
Built-up  Area,Marathahalli,2489.0,3.0,2.0,94.0,3
Built-up  Area,Brookefield,1142.0,2.0,2.0,70.0,2
Super built-up  Area,Other,1976.0,3.0,1.0,184.0,3
Plot  Area,Other,5500.0,4.0,2.0,600.0,4
Super built-up  Area,Kothannur,1853.0,3.0,2.0,82.0,3
Super built-up  Area,Kasturi Nagar,1567.0,2.0,2.0,92.0,2
Super built-up  Area,Talaghattapura,1090.0,2.0,1.0,27.24,2
Plot  Area,Other,2400.0,4.0,1.0,640.0,4
Super built-up  Area,Electronics City Phase 1,1175.0,2.0,2.0,51.47,2
Built-up  Area,Subramanyapura,1200.0,2.0,2.0,52.0,2
Built-up  Area,Kodichikkanahalli,995.0,2.0,1.0,41.0,2
Super built-up  Area,Magadi Road,884.0,2.0,1.0,41.1,2
Built-up  Area,Yeshwanthpur,1170.0,2.0,2.0,57.0,2
Super built-up  Area,KR Puram,1225.0,2.0,1.0,46.55,2
Super built-up  Area,Electronic City,1342.0,2.0,1.0,73.3,2
Built-up  Area,Uttarahalli,1345.0,2.0,1.0,67.0,2
Built-up  Area,Kodigehaali,1320.0,3.0,0.0,65.0,3
Super built-up  Area,Raja Rajeshwari Nagar,1140.0,2.0,1.0,49.39,2
Super built-up  Area,Battarahalli,1300.0,2.0,1.0,50.0,2
Super built-up  Area,Hosa Road,1652.0,3.0,2.0,85.0,3
Super built-up  Area,Thigalarapalya,2072.0,4.0,2.0,142.0,3
Built-up  Area,Arekere,1740.0,2.0,2.0,95.0,3
Super built-up  Area,Electronic City,1360.0,2.0,1.0,71.0,3
Super built-up  Area,Hosur Road,1145.0,2.0,2.0,60.0,3
Built-up  Area,Uttarahalli,1540.0,2.0,0.0,40.0,3
Super built-up  Area,Sarjapur  Road,1278.0,2.0,2.0,95.0,2
Super built-up  Area,Electronic City Phase II,630.0,1.0,1.0,40.0,1
Super built-up  Area,Kanakpura Road,1100.0,3.0,2.0,58.0,3
Plot  Area,Other,1200.0,3.0,0.0,95.0,3
Built-up  Area,Other,2500.0,6.0,2.0,115.0,7
Super built-up  Area,Chandapura,582.5,1.0,0.0,15.135,1
Super built-up  Area,Chandapura,1015.0,2.0,2.0,25.88,2
Built-up  Area,Hosur Road,3300.0,5.0,2.0,240.0,5
Plot  Area,Basaveshwara Nagar,4500.0,5.0,1.0,415.0,5
Super built-up  Area,Gunjur,1356.0,2.0,3.0,66.0,3
Super built-up  Area,Other,823.0,2.0,1.0,28.0,2
Plot  Area,TC Palaya,1200.0,2.0,0.0,66.0,3
Built-up  Area,Ramamurthy Nagar,1050.0,2.0,0.0,37.0,2
Super built-up  Area,Other,1180.0,2.0,1.0,69.0,2
Super built-up  Area,Whitefield,1116.0,2.0,3.0,51.91,2
Super built-up  Area,7th Phase JP Nagar,1070.0,2.0,1.0,42.79,2
Super built-up  Area,Varthur,1385.0,2.0,3.0,80.0,2
Plot  Area,Varthur,1000.0,1.0,1.0,70.0,1
Built-up  Area,Whitefield,1897.0,3.0,2.0,130.0,3
Super built-up  Area,Magadi Road,1005.0,2.0,1.0,55.78,2
Super built-up  Area,Green Glen Layout,1575.0,3.0,2.0,125.0,3
Super built-up  Area,Subramanyapura,975.0,2.0,1.0,65.0,2
Super built-up  Area,Hennur Road,1904.0,3.0,2.0,120.0,3
Super built-up  Area,Kengeri Satellite Town,930.0,1.0,1.0,30.0,1
Super built-up  Area,Kanakpura Road,525.0,1.0,1.0,26.0,1
Super built-up  Area,Other,686.0,1.0,1.0,17.0,1
Plot  Area,Electronic City Phase II,2400.0,3.0,1.0,150.0,2
Plot  Area,Other,1410.0,1.0,0.0,233.0,2
Built-up  Area,Sarjapur  Road,2238.0,3.0,1.0,140.0,3
Super built-up  Area,Harlur,1174.0,2.0,1.0,69.0,2
Built-up  Area,Thubarahalli,3800.0,4.0,3.0,239.0,4
Super built-up  Area,Whitefield,2225.0,2.0,1.0,125.0,3
Super built-up  Area,Other,1250.0,2.0,0.0,200.0,2
Super built-up  Area,Jigani,918.0,2.0,2.0,52.0,2
Super built-up  Area,Mahadevpura,1250.0,2.0,3.0,52.0,2
Super built-up  Area,Sarjapur  Road,1800.0,3.0,2.0,110.0,3
Built-up  Area,Marathahalli,1170.0,2.0,3.0,53.0,2
Super built-up  Area,Other,1300.0,1.0,0.0,200.0,1
Built-up  Area,Bannerghatta Road,793.0,2.0,1.0,45.0,2
Super built-up  Area,Jakkur,1710.0,3.0,2.0,107.0,3
Super built-up  Area,Kambipura,1082.0,2.0,1.0,57.5,3
Super built-up  Area,Other,1001.0,2.0,2.0,33.03,2
Built-up  Area,Other,1500.0,4.0,2.0,180.0,4
Super built-up  Area,Yelahanka,1590.0,2.0,1.0,54.0,3
Super built-up  Area,Other,2400.0,2.0,0.0,80.0,3
Super built-up  Area,Horamavu Banaswadi,1554.0,3.0,2.0,55.0,3
Super built-up  Area,Thanisandra,1142.5,2.0,0.0,43.415,2
Super built-up  Area,Bellandur,4239.0,5.0,2.0,423.0,5
Built-up  Area,Konanakunte,884.0,1.0,0.0,58.0,2
Super built-up  Area,Hosa Road,1045.0,2.0,1.0,98.89,2
Super built-up  Area,Marathahalli,1019.0,2.0,2.0,49.86,2
Super built-up  Area,Ambedkar Nagar,1935.0,4.0,2.0,130.0,3
Super built-up  Area,Uttarahalli,1135.0,2.0,2.0,39.73,3
Super built-up  Area,Lakshminarayana Pura,1680.0,3.0,2.0,150.0,3
Super built-up  Area,Hebbal,2470.0,5.0,2.0,247.0,4
Super built-up  Area,1st Phase JP Nagar,2825.0,4.0,3.0,250.0,4
Super built-up  Area,Hosakerehalli,2480.0,3.0,1.0,330.0,3
Plot  Area,Ramamurthy Nagar,1800.0,4.0,3.0,187.0,5
Built-up  Area,Kasavanhalli,1799.0,3.0,3.0,90.0,3
Super built-up  Area,Whitefield,4348.5,2.0,2.0,304.0,4
Built-up  Area,Attibele,400.0,1.0,1.0,11.0,1
Built-up  Area,Kundalahalli,1047.0,2.0,1.0,82.0,2
Super built-up  Area,Other,1282.0,2.0,2.0,87.0,2
Super built-up  Area,NGR Layout,1020.0,2.0,1.0,45.9,2
Super built-up  Area,Whitefield,1495.0,2.0,1.0,79.5,2
Built-up  Area,Kasavanhalli,3260.0,4.0,1.0,240.0,4
Super built-up  Area,Other,1611.0,2.0,2.0,64.44,3
Super built-up  Area,Koramangala,3500.0,5.0,2.0,425.0,4
Built-up  Area,Other,1500.0,2.0,2.0,95.0,3
Super built-up  Area,Sahakara Nagar,1500.0,2.0,2.0,95.0,3
Plot  Area,Yelahanka,3206.0,5.0,2.0,270.0,4
Super built-up  Area,Uttarahalli,1540.0,3.0,0.0,50.0,3
Super built-up  Area,Hosa Road,1639.0,3.0,1.0,80.0,3
Super built-up  Area,Raja Rajeshwari Nagar,1303.0,2.0,2.0,55.79,2
Super built-up  Area,Koramangala,1005.0,1.0,1.0,110.0,2
Super built-up  Area,Kammasandra,657.5,1.0,0.0,18.41,1
Super built-up  Area,Chandapura,1305.0,3.0,1.0,33.28,3
Super built-up  Area,Other,1300.0,1.0,1.0,115.0,2
Super built-up  Area,Brookefield,1440.0,2.0,3.0,68.0,3
Super built-up  Area,Seegehalli,901.0,2.0,1.0,35.14,2
Super built-up  Area,Rajaji Nagar,1725.0,3.0,3.0,200.0,3
Built-up  Area,Sarjapur,900.0,2.0,1.0,42.0,3
Super built-up  Area,Other,1060.0,2.0,1.0,55.0,2
Super built-up  Area,NGR Layout,1020.0,2.0,1.0,48.45,2
Super built-up  Area,Varthur,1535.0,3.0,2.0,65.99,3
Built-up  Area,Other,530.0,1.0,1.0,20.0,1
Super built-up  Area,Other,1350.0,2.0,3.0,80.0,2
Super built-up  Area,Sarjapur  Road,1115.0,2.0,2.0,50.0,2
Super built-up  Area,Uttarahalli,1175.0,2.0,2.0,47.0,2
Built-up  Area,Whitefield,1113.0,2.0,1.0,62.0,2
Plot  Area,Ramamurthy Nagar,1640.0,4.0,3.0,240.0,5
Built-up  Area,Giri Nagar,650.0,2.0,0.0,42.0,2
Super built-up  Area,Marathahalli,1325.0,2.0,2.0,71.55,2
Built-up  Area,Electronics City Phase 1,950.0,2.0,3.0,31.0,2
Super built-up  Area,Jakkur,1396.0,2.0,1.0,86.51,3
Super built-up  Area,Rachenahalli,1050.0,2.0,2.0,52.07,2
Super built-up  Area,Thanisandra,1825.0,3.0,2.0,100.0,3
Super built-up  Area,7th Phase JP Nagar,1190.0,2.0,1.0,49.98,2
Super built-up  Area,Marathahalli,1220.0,2.0,1.0,56.5,2
Super built-up  Area,NRI Layout,1565.0,2.0,2.0,75.0,3
Super built-up  Area,Hennur Road,1891.0,3.0,1.0,109.0,3
Built-up  Area,Other,900.0,2.0,0.0,27.0,2
Super built-up  Area,Hosa Road,1161.0,2.0,1.0,55.15,2
Super built-up  Area,Sarjapur,649.5,1.0,0.0,17.535,1
Plot  Area,Other,2400.0,6.0,3.0,125.0,8
Super built-up  Area,Yeshwanthpur,665.0,1.0,1.0,36.85,1
Super built-up  Area,Mysore Road,1175.0,2.0,1.0,73.5,2
Built-up  Area,Hoodi,1425.0,2.0,2.0,80.0,2
Plot  Area,Chikkabanavar,1200.0,1.0,0.0,20.0,1
Plot  Area,ITPL,1200.0,3.0,1.0,56.12,3
Built-up  Area,Somasundara Palya,1255.0,2.0,2.0,67.0,2
Super built-up  Area,Hegde Nagar,2112.95,4.0,2.0,145.0,3
Super built-up  Area,Raja Rajeshwari Nagar,600.0,1.0,1.0,22.0,1
Super built-up  Area,Haralur Road,1810.0,3.0,2.0,100.0,3
Super built-up  Area,Indira Nagar,1200.0,2.0,2.0,93.0,2
Super built-up  Area,Harlur,1033.0,2.0,2.0,49.0,2
Super built-up  Area,ITPL,1548.0,3.0,2.0,89.5,3
Super built-up  Area,Horamavu Banaswadi,1611.0,3.0,3.0,66.0,3
Built-up  Area,Electronic City Phase II,1400.0,2.0,1.0,40.43,3
Super built-up  Area,Vidyaranyapura,1485.0,2.0,2.0,67.0,3
Built-up  Area,Margondanahalli,2400.0,2.0,1.0,82.0,2
Super built-up  Area,Pattandur Agrahara,1025.0,2.0,1.0,44.5,2
Super built-up  Area,Other,1225.0,2.0,2.0,53.0,2
Built-up  Area,5th Phase JP Nagar,1256.0,2.0,1.0,62.8,2
Super built-up  Area,Whitefield,2268.0,3.0,2.0,163.0,4
Super built-up  Area,Kanakpura Road,1100.0,3.0,2.0,53.0,3
Super built-up  Area,Other,1141.0,2.0,0.0,62.0,2
Built-up  Area,Attibele,400.0,1.0,1.0,12.0,1
Plot  Area,Chandapura,1400.0,2.0,0.0,60.0,2
Super built-up  Area,Other,4100.0,7.0,2.0,140.0,7
Super built-up  Area,Other,1175.0,2.0,2.0,48.27,2
Super built-up  Area,Sahakara Nagar,1100.0,2.0,1.0,56.0,2
Super built-up  Area,Kanakpura Road,1843.0,3.0,2.0,95.84,3
Super built-up  Area,Horamavu Banaswadi,1460.0,2.0,1.0,80.5,2
Super built-up  Area,Rachenahalli,1530.0,2.0,2.0,74.5,3
Built-up  Area,HSR Layout,1467.0,2.0,1.0,55.0,2
Super built-up  Area,Other,950.0,1.0,1.0,40.0,1
Super built-up  Area,Vittasandra,1246.0,2.0,1.0,64.5,2
Super built-up  Area,Kanakapura,711.0,1.0,1.0,38.0,1
Super built-up  Area,Haralur Road,1194.0,2.0,2.0,46.0,2
Super built-up  Area,Babusapalaya,1358.0,2.0,1.0,43.4,3
Super built-up  Area,Hoodi,1420.0,2.0,2.0,75.0,2
Super built-up  Area,Kathriguppe,1250.0,2.0,1.0,68.75,3
Built-up  Area,Akshaya Nagar,1280.0,2.0,2.0,58.0,2
Super built-up  Area,Nagappa Reddy Layout,1209.0,2.0,1.0,50.0,2
Built-up  Area,Other,4200.0,5.0,2.0,225.0,5
Plot  Area,Other,1215.0,4.0,3.0,205.0,4
Super built-up  Area,Panathur,1315.0,2.0,1.0,54.8,3
Super built-up  Area,Other,1800.0,3.0,3.0,90.0,3
Built-up  Area,Other,1600.0,4.0,0.0,125.0,5
Super built-up  Area,TC Palaya,1600.0,2.0,2.0,65.0,3
Plot  Area,Other,3968.0,5.0,2.0,900.0,6
Super built-up  Area,Other,1563.0,3.0,2.0,52.0,3
Super built-up  Area,Whitefield,1560.0,2.0,2.0,72.0,3
Super built-up  Area,Brookefield,2169.0,4.0,2.0,115.0,3
Super built-up  Area,Rachenahalli,1050.0,2.0,2.0,55.5,2
Super built-up  Area,Iblur Village,3235.0,3.0,1.0,235.0,3
Plot  Area,TC Palaya,1200.0,3.0,0.0,66.0,3
Super built-up  Area,HSR Layout,1140.0,2.0,2.0,46.0,2
Plot  Area,7th Phase JP Nagar,1500.0,3.0,1.0,170.0,3
Super built-up  Area,Horamavu Agara,1560.0,3.0,2.0,75.0,3
Super built-up  Area,JP Nagar,1100.0,2.0,2.0,70.0,2
Super built-up  Area,Kasavanhalli,1260.0,2.0,3.0,40.32,3
Super built-up  Area,Hebbal,1036.0,2.0,1.0,50.0,2
Built-up  Area,Akshaya Nagar,1662.0,3.0,3.0,85.1,3
Super built-up  Area,Yelachenahalli,1464.0,2.0,3.0,105.0,3
Super built-up  Area,Yelahanka,1234.0,2.0,2.0,80.0,2
Super built-up  Area,Sarjapur  Road,1403.0,3.0,1.0,55.0,3
Plot  Area,Other,3000.0,8.0,3.0,451.0,6
Super built-up  Area,Seegehalli,1150.0,2.0,2.0,42.9,3
Built-up  Area,Hebbal,3900.0,4.0,2.0,410.0,4
Super built-up  Area,Kanakapura,929.0,2.0,1.0,46.0,2
Plot  Area,Other,2400.0,8.0,3.0,450.0,6
Plot  Area,TC Palaya,1350.0,2.0,1.0,75.0,3
Super built-up  Area,Other,1135.0,2.0,1.0,39.73,2
Built-up  Area,Other,1405.0,2.0,2.0,70.0,2
Plot  Area,Whitefield,1200.0,2.0,1.0,45.84,2
Super built-up  Area,Haralur Road,2805.0,4.0,3.0,154.0,4
Super built-up  Area,Yeshwanthpur,1161.0,2.0,2.0,64.08,2
Super built-up  Area,Kanakpura Road,1290.0,2.0,3.0,74.0,2
Super built-up  Area,Yeshwanthpur,2557.0,3.0,2.0,141.0,3
Built-up  Area,Other,1480.0,3.0,2.0,90.0,3
Super built-up  Area,Old Madras Road,1350.0,3.0,0.0,54.54,3
Super built-up  Area,Kadugodi,1580.0,2.0,2.0,65.0,3
Super built-up  Area,Banashankari,1470.0,2.0,1.0,88.64,3
Super built-up  Area,Ananth Nagar,500.0,1.0,1.0,14.0,1
Super built-up  Area,Sarjapur  Road,1346.0,2.0,1.0,61.92,2
Super built-up  Area,Other,1600.0,3.0,3.0,90.0,3
Super built-up  Area,Other,720.0,2.0,1.0,120.0,2
Plot  Area,Other,1200.0,4.0,0.0,135.0,4
Super built-up  Area,Other,1200.0,2.0,2.0,35.0,2
Built-up  Area,Channasandra,1340.0,2.0,2.0,48.33,3
Plot  Area,Devanahalli,6136.0,4.0,2.0,560.0,4
Super built-up  Area,Jigani,918.0,2.0,2.0,48.0,2
Plot  Area,Other,1500.0,3.0,2.0,115.0,3
Super built-up  Area,Yelahanka,1315.0,2.0,2.0,85.0,2
Plot  Area,Other,2400.0,5.0,2.0,775.0,4
Super built-up  Area,Uttarahalli,1390.0,2.0,2.0,62.55,3
Super built-up  Area,Uttarahalli,1330.0,2.0,1.0,56.0,3
Built-up  Area,Jalahalli,3100.0,4.0,2.0,265.0,5
Super built-up  Area,Other,1824.0,3.0,3.0,125.0,3
Super built-up  Area,7th Phase JP Nagar,1420.0,2.0,2.0,96.0,3
Plot  Area,Other,750.0,1.0,0.0,56.25,1
Super built-up  Area,Jalahalli East,1260.0,2.0,1.0,60.0,3
Super built-up  Area,Hennur Road,1561.0,3.0,2.0,95.0,3
Super built-up  Area,Other,1060.0,2.0,2.0,42.0,2
Super built-up  Area,Haralur Road,1225.0,2.0,1.0,67.38,2
Super built-up  Area,Thanisandra,2144.0,3.0,2.0,135.0,3
Super built-up  Area,Electronic City,880.0,2.0,2.0,29.0,2
Super built-up  Area,Hoodi,1639.0,3.0,2.0,110.0,3
Built-up  Area,Thanisandra,1240.0,2.0,1.0,62.0,3
Super built-up  Area,Kanakpura Road,1500.0,2.0,2.0,69.0,2
Super built-up  Area,Haralur Road,1243.0,2.0,1.0,46.0,2
Super built-up  Area,Marathahalli,1575.0,3.0,2.0,78.0,3
Super built-up  Area,Kambipura,1082.0,2.0,1.0,56.0,3
Super built-up  Area,Konanakunte,1637.0,3.0,3.0,73.0,3
Super built-up  Area,Kanakpura Road,1665.0,3.0,2.0,86.58,3
Super built-up  Area,Electronic City,1265.0,2.0,0.0,56.93,2
Super built-up  Area,Electronic City,1691.0,2.0,2.0,102.0,3
Super built-up  Area,Thanisandra,1100.0,2.0,1.0,38.0,2
Plot  Area,Other,1500.0,3.0,2.0,62.0,3
Built-up  Area,Hosakerehalli,3205.0,5.0,1.0,380.0,4
Built-up  Area,Kammanahalli,1666.0,4.0,1.0,150.0,5
Super built-up  Area,Choodasandra,1115.0,2.0,2.0,50.0,2
Super built-up  Area,Mysore Road,1070.0,2.0,1.0,45.0,2
Super built-up  Area,Indira Nagar,1128.0,2.0,2.0,105.0,2
Super built-up  Area,Budigere,1162.0,2.0,1.0,57.0,2
Super built-up  Area,Other,1339.0,2.0,2.0,55.0,2
Super built-up  Area,Mahadevpura,1192.0,2.0,2.0,75.0,2
Super built-up  Area,Haralur Road,1920.0,3.0,1.0,115.0,3
Super built-up  Area,Hennur,1255.0,2.0,1.0,52.32,2
Super built-up  Area,Rajaji Nagar,1357.0,2.0,1.0,115.0,2
Super built-up  Area,Other,1600.0,3.0,2.0,75.0,3
Super built-up  Area,Other,1225.0,2.0,2.0,55.11,2
Plot  Area,Whitefield,2400.0,4.0,3.0,200.0,4
Super built-up  Area,Kasturi Nagar,1570.0,3.0,3.0,80.0,3
Super built-up  Area,Thanisandra,1093.0,2.0,2.0,70.0,2
Built-up  Area,Basaveshwara Nagar,1865.0,3.0,3.0,145.0,3
Super built-up  Area,Kaikondrahalli,1039.0,2.0,2.0,80.0,2
Super built-up  Area,Whitefield,1985.0,3.0,2.0,75.0,3
Super built-up  Area,Hosakerehalli,1590.0,3.0,3.0,49.0,3
Plot  Area,Other,4000.0,4.0,2.0,675.0,4
Super built-up  Area,Electronic City Phase II,775.0,2.0,2.0,38.0,2
Super built-up  Area,Other,1000.0,2.0,1.0,50.0,2
Super built-up  Area,Hebbal Kempapura,1800.0,3.0,2.0,175.0,3
Super built-up  Area,Bommasandra,1035.0,2.0,1.0,41.0,2
Super built-up  Area,Dasarahalli,1520.0,2.0,1.0,75.0,3
Super built-up  Area,Whitefield,1360.0,2.0,1.0,95.0,2
Plot  Area,Other,6000.0,5.0,3.0,400.0,4
Super built-up  Area,Kodigehaali,1117.0,2.0,2.0,56.0,2
Plot  Area,KR Puram,1200.0,4.0,3.0,120.0,4
Super built-up  Area,EPIP Zone,1330.0,2.0,1.0,92.5,2
Super built-up  Area,Marathahalli,1937.0,3.0,2.0,160.0,3
Super built-up  Area,Electronic City,1128.0,2.0,1.0,65.49,2
Super built-up  Area,Neeladri Nagar,1053.0,2.0,1.0,45.0,2
Super built-up  Area,Panathur,1198.0,2.0,1.0,77.0,2
Super built-up  Area,Marathahalli,1152.0,2.0,1.0,56.0,2
Super built-up  Area,Frazer Town,1625.0,2.0,1.0,75.0,2
Super built-up  Area,Kundalahalli,1397.0,3.0,3.0,105.0,3
Super built-up  Area,Yeshwanthpur,1523.0,3.0,3.0,170.0,3
Super built-up  Area,Kambipura,883.0,2.0,1.0,45.0,2
Super built-up  Area,Kaggalipura,700.0,1.0,0.0,38.0,1
Super built-up  Area,Yelahanka,1170.0,2.0,1.0,62.5,2
Super built-up  Area,Kanakpura Road,1200.0,2.0,2.0,42.0,3
Built-up  Area,Other,2400.0,3.0,2.0,170.0,3
Super built-up  Area,Other,1480.0,2.0,2.0,65.0,2
Super built-up  Area,Akshaya Nagar,1897.0,3.0,2.0,120.0,3
Super built-up  Area,Rachenahalli,996.0,2.0,1.0,67.0,2
Super built-up  Area,Haralur Road,1875.0,3.0,2.0,110.0,3
Super built-up  Area,Other,1500.0,2.0,2.0,98.0,3
Super built-up  Area,Other,3095.0,3.0,3.0,350.0,3
Super built-up  Area,Ambalipura,1390.0,2.0,1.0,175.0,3
Super built-up  Area,Yelahanka,1450.0,3.0,0.0,65.255,3
Super built-up  Area,Yelahanka,697.0,1.0,0.0,45.0,1
Built-up  Area,Sarjapur  Road,710.0,1.0,1.0,27.0,1
Carpet  Area,Other,910.0,2.0,1.0,30.5,2
Built-up  Area,Sompura,1025.0,2.0,1.0,48.0,3
Super built-up  Area,Magadi Road,1000.0,2.0,0.0,46.5,2
Plot  Area,Harlur,1200.0,4.0,2.0,244.0,4
Super built-up  Area,Horamavu Agara,1453.0,2.0,1.0,46.48,3
Super built-up  Area,Sarjapur  Road,3335.0,5.0,2.0,300.0,4
Super built-up  Area,Thanisandra,971.5,2.0,0.0,36.435,2
Super built-up  Area,Bellandur,1281.0,2.0,1.0,74.0,2
Built-up  Area,Cooke Town,565.0,1.0,1.0,35.0,1
Built-up  Area,Varthur,1024.0,2.0,2.0,42.0,2
Built-up  Area,Electronic City,1620.0,3.0,2.0,62.0,3
Super built-up  Area,Whitefield,1254.0,2.0,2.0,40.0,2
Built-up  Area,Banashankari,1300.0,2.0,2.0,75.0,3
Built-up  Area,Doddakallasandra,1233.0,2.0,2.0,43.0,2
Plot  Area,Other,1200.0,1.0,1.0,28.0,1
Super built-up  Area,Hosur Road,1510.0,2.0,1.0,105.0,3
Super built-up  Area,Kaggalipura,950.0,2.0,1.0,65.0,2
Super built-up  Area,Battarahalli,1945.0,3.0,2.0,97.42,3
Super built-up  Area,Uttarahalli,1008.0,2.0,3.0,45.0,2
Super built-up  Area,Thanisandra,1265.0,2.0,1.0,79.0,3
Super built-up  Area,Hebbal,1255.0,2.0,1.0,77.68,3
Built-up  Area,Kanakpura Road,2689.0,6.0,2.0,220.0,4
Built-up  Area,Yelenahalli,1200.0,2.0,2.0,46.17,2
Super built-up  Area,Sarjapur  Road,1403.0,3.0,3.0,51.63,3
Super built-up  Area,Kudlu Gate,1535.0,3.0,2.0,85.0,3
Plot  Area,Other,1500.0,3.0,3.0,100.0,3
Super built-up  Area,Chamrajpet,1475.0,2.0,2.0,120.0,3
Super built-up  Area,Uttarahalli,1390.0,2.0,2.0,60.47,3
Super built-up  Area,Raja Rajeshwari Nagar,1278.0,2.0,1.0,53.76,3
Super built-up  Area,Other,1133.0,2.0,2.0,55.0,2
Plot  Area,Other,1560.0,5.0,1.0,145.0,5
Plot  Area,Other,2900.0,5.0,2.0,90.0,5
Super built-up  Area,Kogilu,1170.0,2.0,1.0,51.99,2
Plot  Area,Sahakara Nagar,1200.0,3.0,3.0,200.0,3
Super built-up  Area,Whitefield,1697.0,3.0,2.0,94.79,3
Super built-up  Area,Thanisandra,1651.0,3.0,3.0,97.38,3
Super built-up  Area,Other,1560.0,3.0,1.0,188.0,3
Super built-up  Area,Hennur Road,1192.0,2.0,1.0,60.0,3
Built-up  Area,OMBR Layout,1078.0,2.0,3.0,65.0,2
Super built-up  Area,Kasavanhalli,1349.0,2.0,2.0,78.0,2
Super built-up  Area,7th Phase JP Nagar,1680.0,3.0,2.0,120.0,3
Super built-up  Area,Rayasandra,1314.0,2.0,2.0,63.0,3
Super built-up  Area,Garudachar Palya,1060.0,2.0,1.0,48.7,2
Built-up  Area,Kalyan nagar,820.0,2.0,0.0,39.0,2
Plot  Area,Whitefield,5000.0,4.0,3.0,400.0,4
Super built-up  Area,Other,2000.0,3.0,2.0,85.0,3
Super built-up  Area,Kalkere,856.0,2.0,3.0,40.0,2
Super built-up  Area,Rajaji Nagar,1621.0,4.0,0.0,130.0,3
Plot  Area,ITPL,1200.0,3.0,1.0,68.4,3
Super built-up  Area,Bannerghatta Road,1484.0,3.0,2.0,52.5,3
Plot  Area,Other,14000.0,3.0,2.0,800.0,4
Super built-up  Area,Yelahanka New Town,500.0,1.0,1.0,20.0,1
Super built-up  Area,Other,485.0,1.0,1.0,15.0,1
Super built-up  Area,7th Phase JP Nagar,1050.0,2.0,1.0,42.0,2
Super built-up  Area,Uttarahalli,1617.0,3.0,3.0,66.68,3
Built-up  Area,Other,1384.0,3.0,2.0,62.28,3
Super built-up  Area,Devanahalli,1408.0,2.0,2.0,85.0,2
Built-up  Area,Uttarahalli,1150.0,2.0,1.0,49.0,2
Super built-up  Area,Akshaya Nagar,1410.0,2.0,2.0,75.0,3
Built-up  Area,Kaggadasapura,2150.0,4.0,1.0,100.0,4
Super built-up  Area,Koramangala,2292.0,4.0,1.0,275.0,3
Built-up  Area,Malleshwaram,2006.0,3.0,2.0,297.0,3
Built-up  Area,Other,1508.0,3.0,2.0,70.25,3
Built-up  Area,Ramamurthy Nagar,1040.0,2.0,2.0,50.0,2
Plot  Area,TC Palaya,1240.0,2.0,1.0,60.0,2
Super built-up  Area,Kudlu Gate,1535.0,3.0,1.0,78.0,3
Built-up  Area,Lakshminarayana Pura,1180.0,2.0,2.0,75.0,2
Built-up  Area,Abbigere,2200.0,6.0,2.0,68.0,6
Super built-up  Area,Bannerghatta Road,1400.0,2.0,2.0,78.0,2
Super built-up  Area,Raja Rajeshwari Nagar,500.0,1.0,1.0,25.0,1
Plot  Area,Whitefield,4800.0,4.0,3.0,525.0,4
Super built-up  Area,Sarjapur  Road,1984.0,4.0,1.0,146.0,3
Plot  Area,Whitefield,3000.0,5.0,3.0,250.0,4
Super built-up  Area,Garudachar Palya,1960.0,3.0,3.0,160.0,3
Super built-up  Area,Sarjapur  Road,1035.0,2.0,1.0,45.0,2
Built-up  Area,Other,2150.0,4.0,1.0,80.0,4
Built-up  Area,Whitefield,1700.0,3.0,2.0,115.0,3
Super built-up  Area,Hosakerehalli,3024.0,5.0,1.0,248.0,4
Super built-up  Area,Tumkur Road,1586.0,3.0,1.0,100.0,3
Built-up  Area,Hennur,2264.0,2.0,2.0,155.0,3
Plot  Area,Chikka Tirupathi,2325.0,4.0,1.0,120.0,4
Super built-up  Area,Yelahanka,1120.0,2.0,2.0,55.0,2
Super built-up  Area,Yelahanka,1662.0,2.0,2.0,67.98,3
Super built-up  Area,Sarjapur  Road,1128.0,2.0,2.0,59.0,2
Super built-up  Area,Jigani,924.0,2.0,2.0,65.0,2
Super built-up  Area,Other,1600.0,3.0,2.0,52.0,3
Super built-up  Area,Pai Layout,1006.0,2.0,2.0,35.0,2
Super built-up  Area,Amruthahalli,1200.0,2.0,2.0,55.0,2
Super built-up  Area,Other,1250.0,2.0,1.0,62.0,2
Plot  Area,Other,1200.0,3.0,1.0,130.0,3
Built-up  Area,Kannamangala,957.0,2.0,1.0,56.0,2
Super built-up  Area,Whitefield,1140.0,2.0,2.0,41.0,2
Super built-up  Area,Other,1050.0,2.0,1.0,67.0,2
Super built-up  Area,Kasturi Nagar,1565.0,3.0,2.0,88.5,3
Super built-up  Area,Whitefield,1190.0,2.0,3.0,57.0,2
Built-up  Area,Whitefield,2842.0,3.0,2.0,162.0,3
Built-up  Area,Kanakpura Road,1558.67,2.0,2.0,65.0,3
Super built-up  Area,Electronics City Phase 1,630.0,1.0,1.0,39.0,1
Super built-up  Area,Whitefield,1403.0,2.0,2.0,60.81,3
Super built-up  Area,Kanakpura Road,1542.0,2.0,3.0,85.0,3
Built-up  Area,Haralur Road,2750.0,4.0,0.0,220.0,4
Super built-up  Area,Iblur Village,3596.0,5.0,1.0,290.0,4
Super built-up  Area,Kengeri Satellite Town,1635.0,2.0,2.0,78.0,3
Super built-up  Area,Mysore Road,1239.0,2.0,1.0,53.0,2
Super built-up  Area,Other,1596.0,3.0,1.0,105.0,3
Super built-up  Area,Channasandra,1009.0,2.0,1.0,38.34,2
Super built-up  Area,Hosa Road,1726.0,3.0,2.0,81.99,3
Super built-up  Area,Kudlu Gate,1535.0,3.0,2.0,86.0,3
Super built-up  Area,Banashankari Stage V,1300.0,2.0,1.0,58.5,3
Plot  Area,Whitefield,3100.0,4.0,2.0,465.0,4
Super built-up  Area,Other,1800.0,3.0,3.0,80.0,3
Super built-up  Area,Binny Pete,665.0,1.0,0.0,50.75,1
Plot  Area,Chamrajpet,4050.0,7.0,1.0,1200.0,9
Plot  Area,TC Palaya,1500.0,2.0,1.0,100.0,3
Built-up  Area,Kalkere,925.0,2.0,2.0,48.0,2
Super built-up  Area,Old Airport Road,3356.0,4.0,2.0,251.0,4
Super built-up  Area,Other,1395.0,2.0,1.0,63.59,2
Super built-up  Area,Sonnenahalli,1415.0,2.0,1.0,55.0,3
Super built-up  Area,Begur,1419.0,2.0,2.0,59.0,3
Super built-up  Area,Kasavanhalli,1121.0,2.0,2.0,78.0,2
Super built-up  Area,Kambipura,1082.0,2.0,1.0,45.0,3
Super built-up  Area,KR Puram,1100.0,2.0,1.0,47.0,2
Super built-up  Area,Hoodi,1606.0,3.0,3.0,89.55,3
Built-up  Area,Billekahalli,1650.0,3.0,2.0,88.0,3
Super built-up  Area,Other,4634.0,4.0,3.0,1015.0,3
Super built-up  Area,Old Airport Road,1206.0,2.0,3.0,75.0,2
Built-up  Area,Sarjapur  Road,1495.0,2.0,0.0,64.0,3
Super built-up  Area,Electronic City,710.0,2.0,2.0,16.0,2
Super built-up  Area,Balagere,1210.0,2.0,1.0,72.0,2
Super built-up  Area,Nagarbhavi,1523.0,2.0,2.0,53.4,3
Super built-up  Area,Whitefield,1232.0,2.0,2.0,45.0,2
Super built-up  Area,Rachenahalli,680.0,1.0,1.0,44.0,1
Super built-up  Area,Hebbal,1355.0,3.0,1.0,83.87,3
Super built-up  Area,Thanisandra,1430.0,2.0,2.0,51.46,3
Super built-up  Area,Kothannur,1275.0,2.0,2.0,43.85,3
Super built-up  Area,Electronic City,1070.0,2.0,1.0,56.1,2
Plot  Area,Other,1200.0,3.0,1.0,85.0,3
Plot  Area,Electronic City,2000.0,4.0,0.0,120.0,4
Super built-up  Area,Bommanahalli,1200.0,2.0,2.0,40.0,2
Super built-up  Area,Marathahalli,1610.0,3.0,1.0,90.0,3
Super built-up  Area,Haralur Road,1140.0,2.0,2.0,43.0,2
Super built-up  Area,Raja Rajeshwari Nagar,1143.0,2.0,2.0,38.65,2
Super built-up  Area,Jakkur,3467.86,6.0,3.0,249.0,4
Super built-up  Area,Rachenahalli,1530.0,2.0,2.0,74.4,3
Super built-up  Area,7th Phase JP Nagar,980.0,2.0,2.0,69.0,2
Super built-up  Area,Whitefield,1485.0,3.0,2.0,65.0,3
Plot  Area,Whitefield,1500.0,3.0,1.0,130.0,3
Super built-up  Area,Whitefield,1280.0,2.0,1.0,75.0,2
Super built-up  Area,Thanisandra,1265.0,2.0,2.0,85.0,2
Built-up  Area,Other,1132.0,2.0,1.0,67.0,2
Super built-up  Area,Other,1262.0,2.0,2.0,63.0,2
Super built-up  Area,JP Nagar,940.0,2.0,1.0,49.0,2
Super built-up  Area,Other,1515.0,3.0,3.0,88.0,3
Super built-up  Area,Jigani,1300.0,3.0,3.0,150.0,3
Built-up  Area,Kothanur,1840.0,3.0,1.0,69.0,3
Built-up  Area,Electronic City,890.0,2.0,2.0,45.0,2
Super built-up  Area,Other,1655.0,3.0,2.0,86.06,3
Super built-up  Area,Hennur Road,2060.0,3.0,1.0,149.0,3
Super built-up  Area,Bommanahalli,1730.0,3.0,1.0,96.0,3
Built-up  Area,Yelahanka,2195.0,4.0,2.0,127.0,3
Super built-up  Area,Kathriguppe,1650.0,3.0,2.0,125.0,3
Plot  Area,KR Puram,1200.0,2.0,0.0,71.0,2
Super built-up  Area,Hosa Road,1079.0,2.0,1.0,32.37,2
Super built-up  Area,Panathur,1085.0,2.0,1.0,36.0,2
Built-up  Area,Other,5000.0,7.0,2.0,299.0,7
Super built-up  Area,Yelahanka,1075.0,2.0,1.0,51.5,2
Super built-up  Area,Other,1380.0,2.0,1.0,80.0,2
Super built-up  Area,Other,1450.0,3.0,1.0,65.0,3
Super built-up  Area,Thubarahalli,1200.0,2.0,2.0,78.0,2
Super built-up  Area,Benson Town,3200.0,4.0,2.0,350.0,3
Super built-up  Area,Hoodi,1639.0,3.0,1.0,98.32,3
Super built-up  Area,Other,1200.0,2.0,1.0,54.0,2
Super built-up  Area,Vijayanagar,1739.0,3.0,1.0,116.0,3
Built-up  Area,Other,4346.0,5.0,2.0,500.0,4
Super built-up  Area,Old Madras Road,935.0,2.0,1.0,32.72,2
Super built-up  Area,Other,510.0,1.0,1.0,25.25,1
Super built-up  Area,Other,1178.0,2.0,3.0,47.0,2
Built-up  Area,Chikkalasandra,1375.0,2.0,1.0,50.0,3
Super built-up  Area,Chandapura,1065.0,2.0,1.0,33.0,3
Super built-up  Area,Other,1450.0,2.0,1.0,50.75,3
Built-up  Area,Other,999.0,2.0,3.0,45.0,2
Super built-up  Area,Amruthahalli,4400.0,3.0,2.0,475.0,2
Built-up  Area,Kothannur,1100.0,2.0,2.0,40.0,2
Super built-up  Area,Koramangala,1835.0,2.0,3.0,155.0,3
Super built-up  Area,Hoodi,2090.0,4.0,0.0,95.1,4
Super built-up  Area,Lingadheeranahalli,1519.0,3.0,1.0,93.0,3
Built-up  Area,Dommasandra,1267.0,3.0,2.0,56.0,3
Super built-up  Area,Sanjay nagar,1150.0,2.0,3.0,72.2,2
Super built-up  Area,Marathahalli,1146.0,2.0,1.0,70.0,2
Built-up  Area,Kannamangala,1550.0,3.0,3.0,65.0,3
Built-up  Area,Chandapura,850.0,1.0,1.0,18.5,2
Super built-up  Area,Other,2200.0,3.0,2.0,187.0,3
Built-up  Area,Other,3329.0,3.0,2.0,330.0,3
Carpet  Area,Electronics City Phase 1,785.0,1.0,1.0,55.0,1
Super built-up  Area,Hebbal Kempapura,2900.0,4.0,2.0,300.0,3
Built-up  Area,Raja Rajeshwari Nagar,1610.0,3.0,2.0,74.0,3
Super built-up  Area,Bellandur,921.0,2.0,2.0,40.0,2
Built-up  Area,Bannerghatta Road,2700.0,5.0,0.0,158.0,5
Super built-up  Area,Sarjapur  Road,1700.0,3.0,3.0,110.0,3
Built-up  Area,Sarjapur,1020.0,2.0,2.0,35.0,2
Super built-up  Area,Billekahalli,1090.0,2.0,3.0,52.0,2
Plot  Area,Other,3600.0,4.0,2.0,300.0,4
Super built-up  Area,Thanisandra,1185.0,2.0,2.0,42.1,2
Super built-up  Area,Doddathoguru,850.0,2.0,1.0,25.0,2
Built-up  Area,Harlur,1197.0,2.0,1.0,84.0,2
Super built-up  Area,Other,3500.0,3.0,3.0,450.0,4
Super built-up  Area,Poorna Pragna Layout,920.0,2.0,2.0,39.55,2
Super built-up  Area,Chamrajpet,7706.9524,9.0,1.0,296.0,9
Super built-up  Area,Raja Rajeshwari Nagar,1105.0,2.0,1.0,65.0,2
Super built-up  Area,Yeshwanthpur,1850.0,3.0,3.0,100.0,3
Super built-up  Area,Judicial Layout,1300.0,3.0,1.0,64.0,3
Built-up  Area,Other,1595.0,3.0,2.0,76.0,3
Super built-up  Area,Kodihalli,3073.0,5.0,2.0,696.0,4
Built-up  Area,Horamavu Agara,755.0,2.0,1.0,37.49,2
Built-up  Area,Other,4050.0,5.0,2.0,140.0,5
Super built-up  Area,Kanakpura Road,1300.0,2.0,3.0,69.0,3
Built-up  Area,Bannerghatta Road,1215.0,2.0,0.0,50.0,2
Super built-up  Area,Kanakpura Road,900.0,2.0,1.0,46.0,2
Super built-up  Area,Banashankari Stage III,1145.0,2.0,3.0,58.4,2
Super built-up  Area,Other,1093.0,2.0,2.0,65.0,2
Super built-up  Area,Babusapalaya,1213.0,2.0,2.0,41.39,3
Super built-up  Area,Bannerghatta Road,1654.0,3.0,2.0,100.0,3
Super built-up  Area,NGR Layout,1105.0,2.0,1.0,52.48,2
Super built-up  Area,Babusapalaya,1611.0,2.0,2.0,66.0,3
Built-up  Area,Other,1367.0,2.0,2.0,62.0,2
Super built-up  Area,Devanahalli,1010.0,2.0,1.0,51.0,2
Carpet  Area,Other,1535.0,3.0,1.0,95.0,3
Super built-up  Area,Anekal,620.0,2.0,1.0,22.0,2
Built-up  Area,Horamavu Agara,982.0,2.0,1.0,47.65,2
Super built-up  Area,Banashankari Stage II,1700.0,2.0,2.0,150.0,2
Super built-up  Area,Whitefield,1330.0,2.0,1.0,71.0,2
Built-up  Area,JP Nagar,2500.0,3.0,2.0,135.0,3
Super built-up  Area,Poorna Pragna Layout,1475.0,2.0,2.0,58.99,3
Super built-up  Area,Bhoganhalli,1410.0,3.0,1.0,65.0,3
Super built-up  Area,Yelahanka New Town,440.0,1.0,1.0,16.5,1
Super built-up  Area,Yelahanka,1614.0,3.0,2.0,95.0,3
Super built-up  Area,Neeladri Nagar,1363.0,2.0,2.0,68.0,2
Built-up  Area,Kogilu,650.0,2.0,0.0,28.0,2
Super built-up  Area,Other,1015.0,2.0,1.0,45.0,2
Super built-up  Area,Horamavu Banaswadi,1156.0,2.0,2.0,46.0,2
Super built-up  Area,Other,1100.0,2.0,1.0,62.7,2
Super built-up  Area,KR Puram,1455.0,3.0,2.0,46.0,3
Super built-up  Area,Other,930.0,2.0,1.0,45.0,2
Built-up  Area,Other,1650.0,2.0,2.0,80.0,3
Built-up  Area,KR Puram,1200.0,2.0,0.0,90.0,2
Plot  Area,Other,700.0,1.0,0.0,150.0,1
Super built-up  Area,Karuna Nagar,2900.0,3.0,2.0,135.0,4
Super built-up  Area,Kadugodi,1890.0,4.0,3.0,127.0,3
Super built-up  Area,Other,2197.0,4.0,3.0,280.0,3
Super built-up  Area,Hebbal Kempapura,3522.0,3.0,2.0,380.0,3
Super built-up  Area,Other,1240.0,2.0,2.0,46.0,3
Built-up  Area,HRBR Layout,1440.0,2.0,2.0,98.0,2
Super built-up  Area,Kodichikkanahalli,650.0,1.0,2.0,38.0,1
Super built-up  Area,Budigere,764.0,1.0,1.0,32.0,1
Built-up  Area,Hoodi,1445.0,3.0,2.0,65.0,3
Super built-up  Area,Kanakpura Road,900.0,1.0,0.0,45.0,2
Super built-up  Area,Singasandra,1030.0,2.0,2.0,55.0,2
Super built-up  Area,Yelahanka,1381.0,2.0,2.0,52.48,3
Built-up  Area,Other,1100.0,2.0,1.0,60.0,2
Super built-up  Area,Hoodi,1575.0,3.0,2.0,66.39,3
Plot  Area,Thigalarapalya,1200.0,2.0,1.0,65.0,2
Super built-up  Area,Begur Road,1200.0,2.0,2.0,43.2,2
Super built-up  Area,Kasturi Nagar,1080.0,2.0,2.0,80.0,2
Plot  Area,Hebbal Kempapura,2280.0,5.0,2.0,200.0,5
Super built-up  Area,Akshaya Nagar,1360.0,2.0,2.0,85.0,3
Super built-up  Area,Jakkur,1865.0,3.0,1.0,124.0,3
Super built-up  Area,Sarjapur  Road,1157.0,2.0,1.0,75.0,3
Super built-up  Area,Kammasandra,674.0,2.0,1.0,29.0,2
Super built-up  Area,Whitefield,1405.0,2.0,1.0,78.0,3
Super built-up  Area,Begur Road,1160.0,2.0,2.0,44.08,2
Plot  Area,Other,1600.0,3.0,1.0,172.0,4
Super built-up  Area,Hebbal,1790.0,3.0,2.0,127.0,3
Super built-up  Area,Electronic City,1128.0,2.0,1.0,65.65,2
Super built-up  Area,Panathur,1180.0,2.0,1.0,70.0,2
Built-up  Area,Other,1450.0,2.0,2.0,85.0,3
Built-up  Area,Kengeri,340.0,1.0,1.0,10.0,1
Built-up  Area,Other,2000.0,3.0,1.0,166.0,4
Super built-up  Area,Rachenahalli,1050.0,2.0,2.0,53.5,2
Super built-up  Area,Varthur,1125.0,2.0,2.0,40.0,2
Super built-up  Area,Vittasandra,1246.0,2.0,1.0,68.0,2
Super built-up  Area,HSR Layout,1372.0,2.0,1.0,61.0,2
Super built-up  Area,Binny Pete,2465.0,5.0,2.0,234.0,3
Super built-up  Area,Dasarahalli,1300.0,2.0,3.0,55.0,2
Plot  Area,Other,1420.0,1.0,0.0,220.0,2
Super built-up  Area,Channasandra,1065.0,2.0,1.0,35.0,2
Built-up  Area,Other,700.0,2.0,0.0,27.0,2
Carpet  Area,Hebbal,687.325,2.0,0.0,42.72,2
Super built-up  Area,Other,1050.0,2.0,1.0,45.0,2
Super built-up  Area,Other,1250.0,3.0,3.0,39.5,3
Built-up  Area,Electronic City,865.0,2.0,0.0,42.0,2
Super built-up  Area,Uttarahalli,1200.0,2.0,2.0,44.0,2
Built-up  Area,Other,1756.0,3.0,3.0,100.0,3
Super built-up  Area,Yelahanka,628.0,1.0,1.0,24.0,1
Super built-up  Area,5th Phase JP Nagar,1207.0,2.0,2.0,63.0,2
Super built-up  Area,Kalena Agrahara,1765.0,3.0,1.0,125.0,3
Built-up  Area,Electronic City,1130.0,2.0,1.0,32.64,2
Super built-up  Area,Other,1532.0,3.0,3.0,92.0,3
Built-up  Area,Other,1650.0,3.0,0.0,110.0,3
Built-up  Area,Horamavu Banaswadi,1200.0,4.0,2.0,105.0,4
Carpet  Area,Bhoganhalli,804.1,2.0,1.0,69.09,2
Super built-up  Area,Doddathoguru,1200.0,2.0,2.0,75.0,2
Super built-up  Area,Kengeri,1197.0,2.0,2.0,50.0,2
Built-up  Area,Other,1200.0,2.0,2.0,66.0,2
Super built-up  Area,Uttarahalli,1385.0,2.0,2.0,48.48,3
Super built-up  Area,Other,1010.0,2.0,3.0,148.0,2
Super built-up  Area,Whitefield,2225.0,3.0,3.0,115.0,3
Super built-up  Area,Other,1180.0,2.0,2.0,48.0,2
Super built-up  Area,Other,1525.0,2.0,3.0,122.0,3
Super built-up  Area,Ananth Nagar,1100.0,2.0,2.0,31.5,2
Super built-up  Area,Other,1435.0,3.0,3.0,70.0,3
Built-up  Area,Attibele,400.0,1.0,1.0,14.0,1
Super built-up  Area,Dommasandra,1200.0,2.0,2.0,50.0,2
Super built-up  Area,Whitefield,1272.0,2.0,1.0,95.05,2
Super built-up  Area,Whitefield,1205.0,2.0,1.0,39.0,2
Built-up  Area,Kalena Agrahara,980.0,2.0,1.0,40.0,2
Super built-up  Area,Malleshpalya,1225.0,2.0,2.0,46.86,2
Built-up  Area,Whitefield,1541.0,3.0,1.0,72.0,3
Super built-up  Area,Ramagondanahalli,1610.0,2.0,2.0,111.0,3
Super built-up  Area,Jalahalli,1694.0,2.0,2.0,125.0,2
Super built-up  Area,Kaggalipura,950.0,2.0,1.0,39.0,2
Super built-up  Area,Other,1560.0,2.0,3.0,66.0,3
Super built-up  Area,Chandapura,1201.0,2.0,2.0,27.0,2
Plot  Area,Chandapura,1500.0,2.0,1.0,60.0,2
Super built-up  Area,Malleshpalya,1785.0,3.0,2.0,75.0,3
Built-up  Area,Raja Rajeshwari Nagar,1258.0,2.0,1.0,63.53,2
Super built-up  Area,Electronic City,910.0,2.0,2.0,42.0,2
Super built-up  Area,Thigalarapalya,1297.0,2.0,2.0,112.0,2
Super built-up  Area,Kundalahalli,1291.0,2.0,3.0,49.0,2
Built-up  Area,Other,1070.0,2.0,2.0,42.0,2
Super built-up  Area,Varthur,1012.0,2.0,1.0,66.5,2
Super built-up  Area,Mahadevpura,1260.0,2.0,3.0,57.6,2
Super built-up  Area,Sarjapur  Road,1282.0,2.0,2.0,72.0,2
Super built-up  Area,Kanakpura Road,1843.0,3.0,2.0,92.15,3
Plot  Area,Other,2400.0,3.0,2.0,200.0,4
Built-up  Area,Chikka Tirupathi,3356.0,5.0,2.0,105.0,5
Super built-up  Area,Hebbal,2790.0,5.0,3.0,198.0,4
Super built-up  Area,EPIP Zone,1330.0,2.0,1.0,86.98,2
Super built-up  Area,Konanakunte,1400.0,2.0,1.0,73.0,3
Built-up  Area,Whitefield,1192.0,2.0,1.0,71.0,2
Built-up  Area,Other,1000.0,2.0,1.0,130.0,2
Super built-up  Area,Thigalarapalya,1297.0,2.0,2.0,103.0,2
Super built-up  Area,Sarjapur  Road,615.0,1.0,0.0,17.835,1
Super built-up  Area,Vijayanagar,1490.0,3.0,2.0,100.0,3
Super built-up  Area,Rayasandra,1373.0,3.0,2.0,72.0,3
Super built-up  Area,7th Phase JP Nagar,1035.0,2.0,1.0,41.39,2
Plot  Area,Kadugodi,3750.0,4.0,0.0,210.0,4
Super built-up  Area,Doddakallasandra,1010.0,2.0,1.0,40.39,2
Built-up  Area,Sarjapur,1195.0,2.0,1.0,42.0,2
Super built-up  Area,HSR Layout,1750.0,3.0,2.0,95.0,3
Super built-up  Area,Malleshpalya,1052.0,2.0,2.0,50.0,2
Super built-up  Area,Horamavu Banaswadi,1180.0,2.0,2.0,58.0,2
Built-up  Area,Padmanabhanagar,3680.0,4.0,2.0,440.0,5
Built-up  Area,Hormavu,2100.0,3.0,2.0,73.0,3
Built-up  Area,Hoodi,2863.0,4.0,1.0,140.0,4
Super built-up  Area,Raja Rajeshwari Nagar,1128.0,2.0,2.0,38.24,2
Built-up  Area,Ulsoor,2700.0,3.0,1.0,450.0,3
Super built-up  Area,JP Nagar,1120.0,2.0,2.0,33.6,2
Built-up  Area,HSR Layout,2424.0,3.0,2.0,90.0,3
Built-up  Area,Other,1300.0,2.0,1.0,60.0,2
Super built-up  Area,Kanakapura,1090.0,2.0,2.0,32.69,2
Built-up  Area,Yelahanka,2710.0,3.0,1.0,251.0,3
Plot  Area,Other,3040.0,1.0,1.0,180.0,2
Super built-up  Area,Uttarahalli,1330.0,2.0,2.0,46.55,3
Super built-up  Area,Hosur Road,1427.0,2.0,1.0,80.63,3
Super built-up  Area,Other,1294.0,2.0,2.0,48.0,3
Built-up  Area,Begur,1580.0,3.0,2.0,75.0,3
Plot  Area,Chikka Tirupathi,1808.0,4.0,2.0,80.27,3
Super built-up  Area,Rajaji Nagar,3516.0,4.0,3.0,540.0,4
Super built-up  Area,Other,1194.0,2.0,2.0,47.0,2
Super built-up  Area,Kanakpura Road,900.0,2.0,1.0,46.0,2
Super built-up  Area,Other,1310.0,2.0,3.0,50.0,3
Super built-up  Area,Kanakpura Road,900.0,2.0,1.0,46.0,2
Built-up  Area,Singasandra,3850.0,6.0,3.0,195.0,4
Super built-up  Area,Yelachenahalli,2400.0,1.0,1.0,150.0,2
Super built-up  Area,Koramangala,1290.0,2.0,3.0,100.0,2
Built-up  Area,Yelahanka,3770.0,6.0,3.0,110.0,6
Super built-up  Area,Other,1390.0,3.0,1.0,120.0,3
Plot  Area,Other,1200.0,4.0,2.0,72.0,4
Built-up  Area,Bisuvanahalli,845.0,2.0,1.0,33.0,2
Super built-up  Area,Yelahanka,1537.0,3.0,3.0,120.0,3
Super built-up  Area,Other,1135.0,2.0,2.0,68.0,2
Super built-up  Area,Hoodi,1512.0,3.0,2.0,75.77,3
Super built-up  Area,Other,900.0,2.0,1.0,55.0,2
Super built-up  Area,Jigani,1230.0,3.0,3.0,54.0,3
Super built-up  Area,Other,1378.0,2.0,3.0,42.33,3
Super built-up  Area,Whitefield,1277.0,2.0,1.0,61.3,2
Super built-up  Area,Hebbal,1985.0,4.0,2.0,189.0,3
Plot  Area,Kengeri,8000.0,5.0,2.0,500.0,5
Super built-up  Area,Other,1210.0,2.0,2.0,62.0,2
Super built-up  Area,Yelahanka,890.0,2.0,2.0,40.0,2
Plot  Area,Sarjapur,1200.0,5.0,2.0,110.0,4
Built-up  Area,Ardendale,3198.0,4.0,3.0,200.0,4
Super built-up  Area,Other,1464.0,3.0,2.0,56.0,3
Super built-up  Area,Hebbal,2483.0,5.0,2.0,215.0,4
Plot  Area,Begur,1550.0,4.0,2.0,130.0,4
Super built-up  Area,Sarjapur  Road,4111.0,4.0,1.0,310.0,4
Super built-up  Area,Electronic City,975.0,2.0,2.0,37.5,2
Super built-up  Area,Other,2500.0,3.0,1.0,250.0,3
Super built-up  Area,Rajiv Nagar,1690.0,3.0,1.0,125.0,3
Super built-up  Area,Hosa Road,1063.0,2.0,1.0,31.89,2
Plot  Area,Cooke Town,2572.0,3.0,3.0,390.0,3
Carpet  Area,Other,2200.0,4.0,2.0,350.0,3
Built-up  Area,Other,1600.0,3.0,0.0,80.0,3
Super built-up  Area,Other,1250.0,3.0,1.0,39.5,3
Super built-up  Area,Bommanahalli,520.0,1.0,0.0,19.5,1
Super built-up  Area,Marathahalli,4000.0,5.0,2.0,212.0,4
Built-up  Area,Munnekollal,1390.0,3.0,2.0,68.0,3
Super built-up  Area,Whitefield,1185.0,2.0,2.0,40.0,2
Super built-up  Area,Sahakara Nagar,1219.0,2.0,2.0,48.0,2
Super built-up  Area,Kudlu Gate,1564.0,2.0,1.0,92.0,3
Super built-up  Area,Sarjapur  Road,3430.0,6.0,0.0,228.5,4
Super built-up  Area,Hosa Road,1100.0,2.0,2.0,37.1,2
Built-up  Area,Kothannur,1300.0,2.0,0.0,60.0,3
Plot  Area,Chikkabanavar,1600.0,2.0,0.0,80.0,3
Built-up  Area,Ramamurthy Nagar,1600.0,3.0,2.0,75.0,3
Super built-up  Area,Hennur Road,1482.0,2.0,1.0,92.0,3
Plot  Area,Other,1000.0,4.0,3.0,66.0,3
Super built-up  Area,Other,1200.0,2.0,3.0,53.0,2
Super built-up  Area,Kengeri,1200.0,2.0,0.0,58.0,2
Built-up  Area,Nagarbhavi,2400.0,3.0,0.0,160.0,3
Super built-up  Area,Marathahalli,1469.0,3.0,1.0,89.0,3
Super built-up  Area,Kanakapura,551.0,1.0,1.0,30.0,1
Super built-up  Area,Electronics City Phase 1,1160.0,2.0,1.0,52.0,2
Super built-up  Area,Balagere,1205.0,2.0,1.0,78.5,2
Built-up  Area,Kasavanhalli,1550.0,2.0,3.0,52.0,3
Super built-up  Area,Gubbalala,1745.0,3.0,2.0,125.0,3
Super built-up  Area,AECS Layout,1028.0,2.0,1.0,42.0,2
Super built-up  Area,Frazer Town,1700.0,3.0,1.0,180.0,3
Super built-up  Area,Karuna Nagar,1200.0,2.0,1.0,34.0,3
Super built-up  Area,Kodihalli,2700.0,4.0,1.0,270.0,3
Built-up  Area,Other,1100.0,2.0,2.0,50.0,2
Plot  Area,Ramamurthy Nagar,1200.0,3.0,1.0,72.0,2
Super built-up  Area,Other,1269.72,2.0,2.0,68.0,2
Super built-up  Area,Electronic City Phase II,1266.0,2.0,2.0,59.0,2
Super built-up  Area,Mysore Road,1060.0,2.0,1.0,62.0,2
Plot  Area,Other,1168.0,3.0,0.0,70.0,3
Super built-up  Area,Other,1552.0,2.0,1.0,51.0,2
Super built-up  Area,Talaghattapura,2038.5,3.0,0.0,120.0,3
Super built-up  Area,Attibele,500.0,1.0,1.0,17.0,1
Super built-up  Area,Hulimavu,1080.0,2.0,2.0,43.2,2
Plot  Area,Other,2100.0,4.0,2.0,155.0,4
Super built-up  Area,Other,1300.0,2.0,2.0,65.0,2
Built-up  Area,Electronics City Phase 1,920.0,2.0,2.0,33.0,2
Built-up  Area,Harlur,1310.0,2.0,1.0,50.0,2
Super built-up  Area,Horamavu Agara,1650.0,2.0,1.0,75.0,3
Super built-up  Area,Other,1515.0,3.0,3.0,93.93,3
Super built-up  Area,Raja Rajeshwari Nagar,1157.0,2.0,1.0,53.8,2
Super built-up  Area,Other,2400.0,5.0,1.0,85.0,4
Super built-up  Area,Konanakunte,3000.0,4.0,3.0,160.0,4
Super built-up  Area,Basavangudi,2200.0,2.0,1.0,162.0,3
Built-up  Area,Other,1243.0,2.0,1.0,58.0,2
Super built-up  Area,Rachenahalli,1530.0,2.0,2.0,74.39,3
Super built-up  Area,Judicial Layout,2070.0,3.0,3.0,162.0,3
Built-up  Area,Yelahanka,1815.0,3.0,2.0,82.0,3
Super built-up  Area,Sarjapur  Road,3900.0,4.0,3.0,300.0,4
Super built-up  Area,Electronic City Phase II,1000.0,2.0,1.0,28.88,2
Super built-up  Area,Ananth Nagar,982.0,2.0,2.0,24.55,2
Super built-up  Area,Hennur Road,1232.0,2.0,2.0,89.0,2
Super built-up  Area,Binny Pete,1282.0,3.0,2.0,178.0,3
Super built-up  Area,Yelahanka,654.0,1.0,1.0,38.4,1
Built-up  Area,Bannerghatta Road,1181.0,2.0,0.0,55.0,2
Plot  Area,Other,1200.0,4.0,2.0,245.0,4
Super built-up  Area,Other,1616.0,3.0,1.0,75.0,3
Built-up  Area,Other,1800.0,6.0,0.0,44.5,5
Super built-up  Area,Whitefield,1306.0,3.0,2.0,54.65,3
Super built-up  Area,Whitefield,1626.0,3.0,3.0,89.0,3
Built-up  Area,Other,2700.0,4.0,2.0,214.0,6
Super built-up  Area,Whitefield,1585.0,3.0,2.0,88.0,3
Super built-up  Area,7th Phase JP Nagar,1370.0,2.0,1.0,56.17,2
Plot  Area,Whitefield,3250.0,5.0,3.0,900.0,5
Super built-up  Area,Kanakpura Road,1495.0,2.0,2.0,90.0,2
Super built-up  Area,Other,2000.0,3.0,2.0,210.0,3
Plot  Area,Other,2400.0,4.0,1.0,300.0,5
Plot  Area,Bannerghatta,1375.0,3.0,0.0,57.0,3
Super built-up  Area,Old Madras Road,3715.0,6.0,0.0,224.5,4
Built-up  Area,Kereguddadahalli,1400.0,2.0,2.0,48.0,3
Super built-up  Area,Whitefield,665.0,2.0,2.0,28.585,1
Plot  Area,Hebbal Kempapura,1200.0,4.0,2.0,215.0,4
Super built-up  Area,Yelahanka,1150.0,2.0,2.0,46.0,2
Super built-up  Area,Hebbal,1080.0,2.0,1.0,54.0,2
Super built-up  Area,Kaikondrahalli,1645.0,3.0,2.0,100.0,3
Super built-up  Area,Other,1760.0,3.0,3.0,176.0,3
Built-up  Area,Other,595.0,1.0,1.0,42.0,1
Plot  Area,Other,1200.0,3.0,1.0,125.0,3
Super built-up  Area,JP Nagar,4624.5,4.0,0.0,314.5,4
Built-up  Area,Other,1410.0,2.0,3.0,67.0,2
Built-up  Area,Other,1090.0,2.0,1.0,31.48,2
Plot  Area,Ramagondanahalli,540.0,1.0,0.0,30.0,1
Super built-up  Area,Sarjapur  Road,1300.0,2.0,2.0,60.0,2
Built-up  Area,9th Phase JP Nagar,1890.0,2.0,2.0,85.0,3
Super built-up  Area,Other,1254.0,2.0,1.0,53.0,2
Built-up  Area,Other,2800.0,7.0,2.0,125.0,7
Built-up  Area,Ulsoor,1275.0,2.0,2.0,120.0,2
Super built-up  Area,Kathriguppe,1245.0,2.0,2.0,68.48,3
Built-up  Area,Other,1170.0,2.0,2.0,86.0,2
Super built-up  Area,Panathur,1193.0,2.0,1.0,86.0,2
Super built-up  Area,Chandapura,850.0,2.0,1.0,25.4,2
Super built-up  Area,Marathahalli,1678.0,3.0,3.0,70.0,3
Built-up  Area,Gunjur,1600.0,3.0,3.0,75.0,3
Super built-up  Area,Electronics City Phase 1,1750.0,3.0,2.0,84.0,3
Super built-up  Area,Whitefield,1125.0,2.0,2.0,62.0,2
Plot  Area,Other,2200.0,4.0,3.0,235.0,4
Built-up  Area,HBR Layout,2800.0,2.0,0.0,200.0,3
Plot  Area,R.T. Nagar,1200.0,2.0,1.0,120.0,2
Built-up  Area,Other,1000.0,2.0,1.0,50.0,2
Built-up  Area,Sadashiva Nagar,2780.0,5.0,2.0,480.0,4
Built-up  Area,Electronic City Phase II,1320.0,2.0,1.0,38.13,3
Super built-up  Area,Ardendale,2422.0,4.0,2.0,160.0,4
Built-up  Area,Kasavanhalli,1100.0,2.0,1.0,50.0,2
Built-up  Area,Uttarahalli,882.0,2.0,1.0,30.0,2
Super built-up  Area,Bisuvanahalli,845.0,2.0,1.0,37.0,2
Super built-up  Area,Kambipura,883.0,2.0,1.0,39.0,2
Super built-up  Area,Thanisandra,776.5,2.0,2.0,48.145,1
Super built-up  Area,Brookefield,1595.0,3.0,3.0,88.0,3
Built-up  Area,Whitefield,1280.0,2.0,0.0,85.0,2
Built-up  Area,Other,1700.0,2.0,1.0,550.0,4
Super built-up  Area,Other,920.0,2.0,0.0,35.0,2
Super built-up  Area,Choodasandra,1300.0,2.0,3.0,57.0,2
Super built-up  Area,Other,1450.0,1.0,0.0,230.0,2
Super built-up  Area,Harlur,1757.0,3.0,2.0,132.0,3
Super built-up  Area,Anekal,600.0,1.0,1.0,16.5,1
Built-up  Area,Other,2400.0,3.0,2.0,142.0,4
Super built-up  Area,Sarjapur,1240.0,2.0,1.0,44.0,2
Super built-up  Area,EPIP Zone,1330.0,2.0,1.0,93.36,2
Super built-up  Area,8th Phase JP Nagar,1062.0,2.0,1.0,42.47,2
Built-up  Area,JP Nagar,1078.0,2.0,2.0,45.0,2
Super built-up  Area,Bannerghatta Road,1460.0,2.0,2.0,72.0,3
Plot  Area,Whitefield,1200.0,3.0,2.0,68.5,3
Super built-up  Area,Laggere,1200.0,1.0,1.0,48.0,1
Super built-up  Area,Kammasandra,912.0,2.0,1.0,39.0,3
Super built-up  Area,Hosa Road,1535.0397790000002,3.0,1.0,115.0,3
Plot  Area,Other,2400.0,5.0,1.0,625.0,5
Plot  Area,Prithvi Layout,2028.0,4.0,3.0,162.0,4
Super built-up  Area,Mysore Road,980.0,2.0,1.0,45.47,2
Built-up  Area,Sarjapur  Road,1000.0,2.0,2.0,40.0,2
Super built-up  Area,Sarjapur  Road,1050.0,2.0,1.0,62.0,2
Built-up  Area,Bannerghatta,2611.0,3.0,1.0,239.0,3
Super built-up  Area,Domlur,1875.0,2.0,2.0,150.0,3
Super built-up  Area,Hennur Road,1065.0,2.0,1.0,42.6,2
Built-up  Area,Sanjay nagar,1800.0,3.0,2.0,180.0,3
Super built-up  Area,Sector 7 HSR Layout,1163.0,2.0,2.0,98.86,2
Super built-up  Area,Tumkur Road,1098.0,2.0,1.0,72.0,2
Built-up  Area,5th Phase JP Nagar,1725.0,2.0,2.0,100.0,3
Plot  Area,Whitefield,4000.0,4.0,2.0,330.0,4
Super built-up  Area,Thubarahalli,1128.0,2.0,2.0,75.0,2
Super built-up  Area,Yelahanka,1705.0,3.0,1.0,74.16,3
Super built-up  Area,Thigalarapalya,1418.0,2.0,2.0,95.0,2
Built-up  Area,Ramamurthy Nagar,1500.0,3.0,1.0,160.0,3
Built-up  Area,Hebbal,1100.0,2.0,2.0,50.0,2
Super built-up  Area,Hebbal,812.0,2.0,2.0,55.0,2
Super built-up  Area,Binny Pete,2817.5,2.0,2.0,204.0,4
Super built-up  Area,Other,1280.0,2.0,2.0,40.0,2
Super built-up  Area,Whitefield,1420.0,2.0,2.0,136.0,2
Plot  Area,Banashankari Stage II,1200.0,2.0,1.0,150.0,4
Super built-up  Area,Old Airport Road,2774.0,4.0,2.0,207.0,4
Super built-up  Area,Other,2000.0,3.0,2.0,85.0,3
Super built-up  Area,HBR Layout,1722.0,3.0,2.0,95.0,3
Super built-up  Area,Indira Nagar,2800.0,3.0,1.0,330.0,3
Carpet  Area,Other,1650.0,3.0,3.0,175.0,3
Built-up  Area,Other,840.0,2.0,2.0,27.0,2
Built-up  Area,Jigani,914.0,2.0,2.0,47.0,2
Super built-up  Area,Hennur Road,1482.0,2.0,2.0,83.73,3
Super built-up  Area,Kundalahalli,1724.0,3.0,2.0,127.0,3
Super built-up  Area,Other,1670.0,3.0,3.0,91.86,3
Super built-up  Area,Banaswadi,1184.0,2.0,3.0,53.0,2
Super built-up  Area,Kodigehaali,1200.0,2.0,1.0,55.0,2
Plot  Area,TC Palaya,1200.0,2.0,0.0,65.0,2
Super built-up  Area,Jigani,927.0,2.0,2.0,55.0,2
Super built-up  Area,Other,1242.0,2.0,3.0,39.7,2
Built-up  Area,Electronic City Phase II,1220.0,3.0,1.0,35.23,3
Built-up  Area,Electronic City,1360.0,2.0,1.0,75.0,3
Plot  Area,Brookefield,2800.0,4.0,2.0,240.0,4
Super built-up  Area,7th Phase JP Nagar,1180.0,2.0,2.0,72.0,2
Super built-up  Area,Whitefield,1697.0,3.0,2.0,108.0,3
Super built-up  Area,Hennur,1225.0,2.0,1.0,57.0,2
Super built-up  Area,Other,1690.0,2.0,2.0,55.0,3
Super built-up  Area,Other,1488.0,3.0,2.0,57.0,3
Built-up  Area,Other,1250.0,2.0,1.0,80.0,3
Super built-up  Area,JP Nagar,1050.0,1.0,1.0,44.0,1
Super built-up  Area,HSR Layout,1027.0,2.0,2.0,44.0,2
Super built-up  Area,Kanakpura Road,1699.0,3.0,3.0,81.94,3
Built-up  Area,Whitefield,1205.0,2.0,2.0,58.0,2
Super built-up  Area,Horamavu Agara,950.0,2.0,3.0,39.0,2
Plot  Area,TC Palaya,1200.0,2.0,0.0,70.0,2
Super built-up  Area,Akshaya Nagar,1476.0,3.0,1.0,120.0,3
Built-up  Area,CV Raman Nagar,1070.0,2.0,1.0,55.0,2
Super built-up  Area,EPIP Zone,2160.0,4.0,2.0,172.0,3
Super built-up  Area,Sector 2 HSR Layout,1296.0,2.0,1.0,75.0,2
Built-up  Area,Chikkalasandra,1800.0,1.0,1.0,128.0,2
Super built-up  Area,Kanakpura Road,1570.0,3.0,3.0,64.5,3
Super built-up  Area,Koramangala,1300.0,2.0,3.0,110.0,2
Built-up  Area,Sarjapur,1550.0,2.0,2.0,65.0,4
Super built-up  Area,Electronic City,770.0,1.0,1.0,40.0,2
Built-up  Area,Jalahalli,1870.0,3.0,2.0,110.0,3
Plot  Area,Other,1650.0,4.0,2.0,160.0,3
Super built-up  Area,Domlur,1429.0,3.0,3.0,86.0,3
Super built-up  Area,Babusapalaya,1167.0,2.0,2.0,39.98,3
Super built-up  Area,Bommasandra,1035.0,2.0,1.0,41.73,2
Super built-up  Area,Kengeri,1188.0,2.0,2.0,38.0,3
Super built-up  Area,Nagarbhavi,884.0,2.0,2.0,36.0,1
Super built-up  Area,Haralur Road,1194.0,2.0,2.0,46.0,2
Super built-up  Area,Hoodi,1026.0,2.0,1.0,60.87,2
Super built-up  Area,Kaikondrahalli,1115.0,2.0,2.0,50.0,2
Plot  Area,Hebbal Kempapura,1200.0,2.0,1.0,125.0,2
Super built-up  Area,Old Airport Road,2690.0,4.0,3.0,191.0,4
Super built-up  Area,Subramanyapura,975.0,2.0,1.0,58.0,2
Super built-up  Area,Chamrajpet,1900.0,2.0,1.0,170.0,4
Super built-up  Area,OMBR Layout,1101.0,2.0,2.0,65.5,2
Super built-up  Area,Sarjapur  Road,1700.0,3.0,3.0,135.0,3
Super built-up  Area,Whitefield,3606.0,4.0,2.0,312.0,4
Super built-up  Area,Padmanabhanagar,1258.0,2.0,2.0,115.0,2
Carpet  Area,Kanakpura Road,1560.0,3.0,2.0,92.0,3
Super built-up  Area,Old Madras Road,3630.0,6.0,1.0,195.0,4
Built-up  Area,JP Nagar,2000.0,3.0,2.0,250.0,3
Super built-up  Area,Hebbal,2790.0,4.0,3.0,198.0,4
Super built-up  Area,Other,1494.0,2.0,2.0,94.55,3
Super built-up  Area,Hennur Road,1482.0,2.0,1.0,87.0,3
Super built-up  Area,Other,800.0,2.0,3.0,50.0,2
Super built-up  Area,Raja Rajeshwari Nagar,1185.0,2.0,2.0,47.39,2
Super built-up  Area,Hulimavu,1100.0,2.0,2.0,71.5,2
Built-up  Area,NRI Layout,1300.0,2.0,0.0,120.0,2
Super built-up  Area,Other,1225.0,2.0,2.0,150.0,2
Super built-up  Area,Hulimavu,1758.0,3.0,2.0,65.0,3
Super built-up  Area,Banaswadi,1145.0,2.0,2.0,55.0,2
Built-up  Area,Hormavu,1180.0,2.0,2.0,50.0,2
Super built-up  Area,Other,1260.0,2.0,2.0,58.0,2
Super built-up  Area,Yelahanka,3461.0,2.0,2.0,173.0,4
Built-up  Area,Arekere,1190.0,2.0,2.0,55.0,2
Super built-up  Area,Sarjapur  Road,1691.0,3.0,2.0,119.0,3
Super built-up  Area,Other,3675.0,4.0,3.0,367.0,4
Built-up  Area,Frazer Town,1305.0,3.0,2.0,95.45,3
Super built-up  Area,Basavangudi,2337.0,4.0,3.0,292.0,3
Plot  Area,Other,1200.0,2.0,2.0,150.0,2
Super built-up  Area,Domlur,1206.0,2.0,1.0,217.0,2
Super built-up  Area,Kogilu,1140.0,2.0,1.0,50.66,2
Super built-up  Area,Other,1250.0,2.0,2.0,65.0,2
Super built-up  Area,Other,1225.0,2.0,2.0,48.0,2
Built-up  Area,Kereguddadahalli,800.0,2.0,2.0,28.0,2
Super built-up  Area,Jalahalli East,1020.0,2.0,1.0,58.0,2
Built-up  Area,TC Palaya,2100.0,2.0,1.0,50.0,4
Plot  Area,Other,1350.0,2.0,1.0,80.0,2
Super built-up  Area,Anekal,925.0,2.0,1.0,40.0,2
Built-up  Area,Yelachenahalli,1800.0,3.0,1.0,220.0,4
Built-up  Area,Other,2000.0,3.0,1.0,100.0,3
Built-up  Area,Frazer Town,1510.0,2.0,1.0,75.0,3
Plot  Area,Kasavanhalli,5800.0,7.0,2.0,1200.0,5
Super built-up  Area,Other,1614.0,3.0,1.0,110.0,3
Plot  Area,Gottigere,1200.0,2.0,0.0,95.0,2
Plot  Area,TC Palaya,900.0,2.0,0.0,55.0,2
Built-up  Area,Other,1632.0,3.0,0.0,145.0,4
Super built-up  Area,OMBR Layout,1041.0,2.0,2.0,65.5,2
Built-up  Area,7th Phase JP Nagar,5080.0,7.0,2.0,450.0,6
Super built-up  Area,Bannerghatta,3012.0,6.0,2.0,250.0,4
Super built-up  Area,Marathahalli,1530.0,3.0,2.0,74.5,3
Super built-up  Area,Sector 2 HSR Layout,1450.0,2.0,2.0,135.0,3
Super built-up  Area,Bannerghatta Road,1200.0,2.0,2.0,75.0,2
Plot  Area,Sahakara Nagar,1200.0,4.0,2.0,130.0,4
Super built-up  Area,Hosur Road,1508.0,2.0,1.0,110.0,3
Super built-up  Area,Other,1188.0,2.0,3.0,73.0,2
Super built-up  Area,Old Airport Road,2690.0,4.0,3.0,199.0,4
Super built-up  Area,Harlur,1174.0,2.0,1.0,76.0,2
Super built-up  Area,Old Madras Road,1350.0,3.0,1.0,58.99,3
Super built-up  Area,Frazer Town,1870.0,3.0,3.0,185.0,3
Super built-up  Area,Kengeri Satellite Town,1072.0,2.0,1.0,25.0,2
Super built-up  Area,Kengeri,726.0,2.0,1.0,31.0,2
Super built-up  Area,Hosur Road,1345.0,2.0,2.0,106.0,2
Super built-up  Area,Begur Road,1200.0,2.0,2.0,45.0,2
Built-up  Area,Nagavarapalya,980.0,2.0,0.0,37.0,2
Super built-up  Area,Hormavu,1050.0,2.0,1.0,77.0,2
Super built-up  Area,Uttarahalli,993.0,2.0,1.0,39.71,2
Super built-up  Area,7th Phase JP Nagar,1300.0,2.0,2.0,52.0,3
Super built-up  Area,Vittasandra,1743.0,3.0,2.0,85.0,3
Plot  Area,Whitefield,1204.0,4.0,1.0,125.0,4
Plot  Area,Hormavu,1200.0,2.0,0.0,67.0,2
Super built-up  Area,Other,1480.0,3.0,2.0,90.0,3
Super built-up  Area,Sarjapur,950.0,2.0,2.0,32.5,2
Built-up  Area,Domlur,640.0,1.0,0.0,55.0,1
Super built-up  Area,Electronic City Phase II,972.0,2.0,1.0,44.0,2
Super built-up  Area,Marathahalli,1840.0,3.0,3.0,98.0,3
Super built-up  Area,Electronic City,1128.0,2.0,1.0,64.0,2
Plot  Area,Other,680.0,2.0,0.0,42.0,2
Plot  Area,Other,2400.0,2.0,1.0,95.0,2
Built-up  Area,Other,1045.0,2.0,2.0,42.0,2
Built-up  Area,Other,955.0,2.0,3.0,53.55,2
Super built-up  Area,Doddakallasandra,1360.0,2.0,2.0,54.39,3
Super built-up  Area,BTM Layout,1150.0,2.0,2.0,63.0,2
Built-up  Area,Hennur Road,3450.0,4.0,3.0,294.0,4
Super built-up  Area,Other,1115.0,2.0,2.0,56.87,2
Super built-up  Area,Jigani,920.0,2.0,2.0,46.0,2
Super built-up  Area,Bommasandra Industrial Area,1030.0,2.0,1.0,41.0,2
Super built-up  Area,Thanisandra,1564.0,3.0,1.0,101.0,3
Super built-up  Area,Uttarahalli,1045.0,2.0,1.0,45.0,2
Plot  Area,Hegde Nagar,1200.0,4.0,1.0,83.0,4
Built-up  Area,Subramanyapura,1277.0,2.0,2.0,55.0,2
Super built-up  Area,Other,2479.13,3.0,1.0,215.0,3
Super built-up  Area,Sarjapur  Road,1846.0,3.0,2.0,140.0,3
Built-up  Area,Other,1100.0,2.0,0.0,106.0,2
Super built-up  Area,Other,1690.0,3.0,2.0,75.0,3
Plot  Area,Hormavu,1200.0,3.0,0.0,70.0,2
Built-up  Area,Yelahanka,3042.0,4.0,0.0,131.0,4
Super built-up  Area,Rajaji Nagar,1640.0,3.0,3.0,223.0,3
Built-up  Area,Other,1068.0,2.0,1.0,40.05,2
Super built-up  Area,Kanakpura Road,1135.0,2.0,2.0,58.0,2
Super built-up  Area,Other,1925.0,3.0,2.0,120.0,3
Super built-up  Area,Begur Road,1615.0,3.0,2.0,60.0,3
Super built-up  Area,Other,650.0,1.0,1.0,26.0,1
Super built-up  Area,Kaggadasapura,1150.0,2.0,3.0,42.0,2
Super built-up  Area,Other,1410.0,2.0,2.0,45.12,3
Super built-up  Area,Other,2000.0,3.0,3.0,207.0,3
Super built-up  Area,Tumkur Road,1354.0,3.0,1.0,90.0,3
Plot  Area,Other,1050.0,2.0,0.0,110.0,2
Built-up  Area,Arekere,600.0,1.0,1.0,28.0,1
Plot  Area,Varthur,1320.0,2.0,1.0,110.0,4
Super built-up  Area,Koramangala,1600.0,3.0,2.0,88.0,3
Built-up  Area,Kanakpura Road,3500.0,6.0,2.0,225.0,4
Super built-up  Area,GM Palaya,1000.0,2.0,1.0,36.0,2
Super built-up  Area,Other,1130.0,3.0,1.0,38.0,3
Super built-up  Area,Vittasandra,1238.0,2.0,1.0,67.0,2
Super built-up  Area,Other,2204.0,2.0,3.0,305.0,3
Super built-up  Area,Kudlu Gate,1364.0,2.0,3.0,46.38,3
Built-up  Area,Other,900.0,2.0,1.0,45.0,2
Super built-up  Area,Gubbalala,1745.0,3.0,2.0,104.0,3
Super built-up  Area,Kogilu,1200.0,2.0,1.0,53.33,2
Super built-up  Area,Kanakapura,1020.0,2.0,1.0,42.83,2
Super built-up  Area,Banashankari Stage III,1650.0,3.0,2.0,118.0,3
Super built-up  Area,Other,1550.0,2.0,3.0,70.0,3
Super built-up  Area,5th Phase JP Nagar,1440.0,2.0,2.0,60.0,2
Super built-up  Area,Sarjapura - Attibele Road,1329.0,2.0,2.0,45.95,3
Super built-up  Area,Other,916.0,2.0,1.0,42.0,2
Super built-up  Area,Hulimavu,688.0,1.0,2.0,50.0,1
Super built-up  Area,Other,1358.0,3.0,3.0,50.0,3
Super built-up  Area,Kanakpura Road,1331.0,2.0,1.0,107.0,2
Super built-up  Area,Malleshwaram,686.0,1.0,1.0,62.5,1
Super built-up  Area,Hoodi,1050.0,2.0,2.0,50.0,2
Super built-up  Area,Talaghattapura,2106.0,3.0,2.0,126.0,3
Super built-up  Area,Bhoganhalli,1718.0,3.0,2.0,90.2,3
Super built-up  Area,Raja Rajeshwari Nagar,1530.0,3.0,2.0,57.0,3
Super built-up  Area,Other,1206.0,2.0,2.0,56.0,2
Built-up  Area,Hebbal,1075.0,2.0,3.0,52.0,2
Plot  Area,Sarjapur  Road,1200.0,3.0,1.0,95.0,3
Super built-up  Area,Other,1936.0,2.0,2.0,54.21,3
Super built-up  Area,Nagavara,2172.65,3.0,3.0,120.0,4
Super built-up  Area,Sahakara Nagar,1100.0,2.0,2.0,75.0,3
Plot  Area,BTM 2nd Stage,1260.0,5.0,1.0,185.0,3
Super built-up  Area,Sarjapur  Road,1117.0,2.0,3.0,29.99,2
Built-up  Area,Other,1685.0,2.0,1.0,110.0,3
Super built-up  Area,CV Raman Nagar,740.0,2.0,1.0,37.0,2
Plot  Area,Magadi Road,1500.0,2.0,2.0,93.0,4
Super built-up  Area,Banashankari,1800.0,3.0,2.0,115.0,3
Super built-up  Area,Yelachenahalli,1700.0,3.0,2.0,130.0,3
Built-up  Area,Uttarahalli,850.0,2.0,2.0,37.93,2
Super built-up  Area,Hennur Road,1891.0,3.0,1.0,139.0,3
Built-up  Area,Jalahalli,1400.0,1.0,1.0,80.0,2
Super built-up  Area,Lakshminarayana Pura,1172.0,2.0,2.0,82.0,2
Super built-up  Area,Electronic City Phase II,1400.0,2.0,2.0,40.43,3
Built-up  Area,Sonnenahalli,896.0,2.0,1.0,43.75,2
Super built-up  Area,Vijayanagar,1180.0,2.0,2.0,65.0,2
Plot  Area,Basaveshwara Nagar,2460.0,7.0,1.0,350.0,7
Built-up  Area,Other,850.0,2.0,1.0,33.0,2
Super built-up  Area,Anekal,530.0,1.0,1.0,18.0,1
Super built-up  Area,Other,1550.0,3.0,3.0,110.0,3
Super built-up  Area,Kanakapura,1699.0,3.0,3.0,97.0,3
Super built-up  Area,Bellandur,2025.0,4.0,3.0,109.0,4
Super built-up  Area,Ananth Nagar,500.0,2.0,2.0,14.0,1
Built-up  Area,Other,500.0,1.0,0.0,20.0,1
Built-up  Area,Other,1146.0,2.0,1.0,38.5,2
Super built-up  Area,Malleshwaram,2475.0,4.0,3.0,332.0,3
Super built-up  Area,Haralur Road,1455.0,2.0,1.0,145.0,2
Plot  Area,Seegehalli,800.0,1.0,0.0,50.0,2
Super built-up  Area,Abbigere,765.0,2.0,2.0,30.0,1
Super built-up  Area,Lingadheeranahalli,1521.0,3.0,1.0,94.99,3
Super built-up  Area,Gottigere,1600.0,2.0,2.0,55.0,3
Super built-up  Area,Other,3155.0,4.0,2.0,370.0,3
Super built-up  Area,Hebbal Kempapura,2900.0,4.0,2.0,240.0,3
Super built-up  Area,Other,1765.0,3.0,3.0,105.0,3
Super built-up  Area,Kasavanhalli,1980.0,3.0,2.0,88.0,3
Built-up  Area,Amruthahalli,1900.0,3.0,1.0,135.0,3
Super built-up  Area,Other,1265.0,2.0,3.0,70.0,2
Super built-up  Area,Bommasandra,1034.0,2.0,3.0,40.0,2
Built-up  Area,Other,1012.0,2.0,1.0,59.0,2
Super built-up  Area,Electronic City,1070.0,2.0,1.0,54.0,2
Built-up  Area,Mahadevpura,3555.0,4.0,1.0,230.0,4
Super built-up  Area,Other,1270.0,2.0,2.0,70.0,3
Super built-up  Area,Other,2045.0,4.0,3.0,154.0,3
Super built-up  Area,Bellandur,1490.0,2.0,2.0,98.0,3
Built-up  Area,Banaswadi,6150.0,6.0,1.0,830.0,7
Super built-up  Area,Mysore Road,883.0,2.0,1.0,40.0,2
Super built-up  Area,Yeshwanthpur,671.0,1.0,1.0,36.85,1
Super built-up  Area,Kammasandra,1156.0,2.0,2.0,32.0,2
Super built-up  Area,Haralur Road,2017.0,3.0,2.0,125.0,3
Super built-up  Area,Thigalarapalya,3122.0,6.0,2.0,235.0,4
Super built-up  Area,Ramagondanahalli,1635.0,3.0,1.0,62.0,3
Built-up  Area,Other,4400.0,9.0,2.0,120.0,7
Super built-up  Area,Kanakpura Road,1296.0,2.0,1.0,89.0,2
Plot  Area,Other,2400.0,4.0,2.0,280.0,6
Super built-up  Area,Budigere,1139.0,2.0,2.0,62.0,2
Super built-up  Area,CV Raman Nagar,1230.0,3.0,2.0,47.0,2
Super built-up  Area,Other,581.91,2.0,1.0,25.0,1
Super built-up  Area,Binny Pete,1245.0,2.0,1.0,86.28,2
Plot  Area,Other,1158.0,2.0,2.0,85.0,3
Built-up  Area,Marathahalli,3951.0,4.0,2.0,220.0,4
Super built-up  Area,Ramamurthy Nagar,360.0,1.0,1.0,26.0,1
Super built-up  Area,Electronics City Phase 1,1350.0,3.0,1.0,55.0,3
Built-up  Area,Green Glen Layout,1670.0,3.0,2.0,120.0,3
Super built-up  Area,Akshaya Nagar,1600.0,2.0,2.0,65.0,3
Super built-up  Area,Horamavu Banaswadi,1307.0,2.0,2.0,51.6,2
Built-up  Area,7th Phase JP Nagar,1050.0,2.0,1.0,57.0,3
Super built-up  Area,Hennur Road,1703.0,3.0,2.0,101.0,3
Super built-up  Area,Kaggalipura,1210.0,2.0,1.0,58.0,3
Built-up  Area,Electronic City,1025.0,2.0,1.0,29.6,2
Super built-up  Area,7th Phase JP Nagar,1343.0,2.0,2.0,56.41,3
Super built-up  Area,R.T. Nagar,1560.0,3.0,2.0,85.0,3
Super built-up  Area,Kalkere,925.0,2.0,2.0,51.0,2
Super built-up  Area,Kanakpura Road,1420.0,2.0,2.0,75.0,3
Built-up  Area,1st Block Koramangala,1415.0,2.0,3.0,110.0,2
Super built-up  Area,Other,1210.0,2.0,2.0,60.0,2
Super built-up  Area,Yeshwanthpur,1852.0,3.0,2.0,160.0,3
Super built-up  Area,Hoskote,1250.0,3.0,2.0,50.0,3
Super built-up  Area,9th Phase JP Nagar,1100.0,2.0,1.0,65.0,2
Super built-up  Area,Other,1150.0,2.0,1.0,40.25,2
Super built-up  Area,Jakkur,1100.0,2.0,1.0,53.35,2
Plot  Area,Magadi Road,1350.0,1.0,0.0,100.0,2
Super built-up  Area,Panathur,1546.0,3.0,2.0,99.0,3
Super built-up  Area,Ambedkar Nagar,1424.0,2.0,2.0,90.0,2
Built-up  Area,Bellandur,1398.0,3.0,1.0,68.0,3
Super built-up  Area,Indira Nagar,1650.0,3.0,2.0,200.0,3
Plot  Area,HBR Layout,1200.0,4.0,0.0,120.0,4
Super built-up  Area,Brookefield,1476.0,3.0,2.0,105.0,3
Super built-up  Area,Magadi Road,1322.0,2.0,2.0,58.82,3
Built-up  Area,Other,1100.0,2.0,2.0,55.0,2
Super built-up  Area,Other,4750.0,5.0,2.0,600.0,4
Built-up  Area,Sarjapur,1285.0,2.0,2.0,68.0,3
Built-up  Area,Ambalipura,1150.0,2.0,2.0,80.0,2
Super built-up  Area,Thanisandra,1430.0,2.0,2.0,56.0,3
Super built-up  Area,Marathahalli,1350.0,2.0,2.0,62.0,3
Plot  Area,Other,1350.0,3.0,3.0,195.0,3
Built-up  Area,Thubarahalli,1185.0,2.0,2.0,65.0,2
Super built-up  Area,Bannerghatta Road,1760.0,3.0,2.0,67.0,3
Plot  Area,Other,2400.0,5.0,2.0,350.0,4
Super built-up  Area,Kanakpura Road,900.0,2.0,1.0,41.0,2
Super built-up  Area,Kanakpura Road,1297.0,2.0,1.0,105.0,2
Super built-up  Area,Other,1840.0,3.0,2.0,155.0,3
Built-up  Area,Ramamurthy Nagar,950.0,2.0,1.0,50.79,2
Carpet  Area,BTM 2nd Stage,950.0,2.0,1.0,52.0,2
Super built-up  Area,Yeshwanthpur,1277.5,2.0,0.0,95.815,2
Super built-up  Area,Electronic City,1571.0,3.0,2.0,89.0,3
Super built-up  Area,Electronic City Phase II,1031.0,2.0,1.0,55.0,2
Super built-up  Area,Whitefield,1485.0,2.0,1.0,90.0,2
Super built-up  Area,Ananth Nagar,1109.0,2.0,1.0,60.0,2
Super built-up  Area,Koramangala,2200.0,3.0,2.0,180.0,3
Super built-up  Area,Whitefield,950.0,1.0,1.0,50.0,1
Plot  Area,Laggere,1200.0,2.0,0.0,150.0,3
Super built-up  Area,Basavangudi,2350.0,3.0,3.0,300.0,3
Super built-up  Area,Electronic City Phase II,1003.0,2.0,1.0,40.6,2
Plot  Area,Other,1350.0,2.0,1.0,185.0,2
Super built-up  Area,9th Phase JP Nagar,1080.0,2.0,2.0,37.0,2
Super built-up  Area,Hulimavu,1255.0,2.0,2.0,73.0,2
Super built-up  Area,Banaswadi,1250.0,2.0,0.0,60.0,2
Plot  Area,Brookefield,1700.0,4.0,1.0,152.0,4
Plot  Area,Ramamurthy Nagar,1200.0,2.0,0.0,66.0,3
Built-up  Area,Other,824.0,2.0,0.0,60.0,2
Super built-up  Area,1st Phase JP Nagar,1875.0,3.0,1.0,167.0,3
Built-up  Area,Bommasandra Industrial Area,1320.0,2.0,1.0,38.12,3
Plot  Area,Kothanur,9600.0,5.0,2.0,550.0,5
Super built-up  Area,Uttarahalli,1330.0,2.0,1.0,47.0,3
Super built-up  Area,Kaikondrahalli,1220.0,3.0,2.0,56.0,3
Super built-up  Area,Electronic City,1111.0,3.0,1.0,50.0,3
Super built-up  Area,Kothannur,1197.0,2.0,1.0,47.88,2
Super built-up  Area,Marathahalli,2519.0,5.0,2.0,185.0,4
Super built-up  Area,Other,1340.0,2.0,1.0,100.0,3
Plot  Area,Old Madras Road,1450.0,3.0,3.0,132.0,4
Super built-up  Area,Hoodi,1837.0,3.0,3.0,145.0,3
Plot  Area,Haralur Road,1200.0,4.0,2.0,245.0,4
Super built-up  Area,Kudlu Gate,1238.0,2.0,3.0,55.0,2
Super built-up  Area,7th Phase JP Nagar,1405.0,2.0,2.0,59.01,3
Super built-up  Area,Doddaballapur,1690.0,3.0,2.0,80.0,4
Built-up  Area,Other,1620.0,2.0,1.0,110.0,3
Super built-up  Area,Kanakpura Road,1673.0,3.0,2.0,115.0,3
Plot  Area,Margondanahalli,1090.0,2.0,0.0,58.0,2
Super built-up  Area,Varthur,1112.0,2.0,2.0,40.0,2
Super built-up  Area,Marathahalli,1385.0,2.0,2.0,66.65,3
Super built-up  Area,Subramanyapura,985.0,2.0,1.0,58.0,2
Super built-up  Area,Kanakpura Road,825.0,1.0,0.0,36.29,1
Super built-up  Area,Kanakpura Road,1080.0,2.0,1.0,37.8,2
Super built-up  Area,Hosa Road,1430.0,2.0,1.0,97.52,2
Super built-up  Area,Kengeri Satellite Town,1050.0,2.0,2.0,43.0,2
Plot  Area,Kumaraswami Layout,2000.0,4.0,1.0,139.0,4
Built-up  Area,Banashankari Stage VI,4800.0,4.0,3.0,190.0,4
Built-up  Area,Other,1533.0,3.0,2.0,115.0,3
Plot  Area,Other,2800.0,3.0,2.0,500.0,4
Super built-up  Area,Malleshwaram,2610.0,3.0,2.0,399.0,3
Super built-up  Area,Lakshminarayana Pura,1750.0,3.0,2.0,150.0,3
Super built-up  Area,Prithvi Layout,1352.0,2.0,2.0,87.5,2
Super built-up  Area,Harlur,1754.0,3.0,2.0,125.0,3
Built-up  Area,Other,1560.0,3.0,2.0,85.0,3
Super built-up  Area,Bannerghatta,3012.0,6.0,2.0,268.0,4
Super built-up  Area,Whitefield,3584.0,4.0,2.0,199.0,4
Super built-up  Area,Channasandra,1470.0,2.0,1.0,90.0,3
Built-up  Area,9th Phase JP Nagar,1035.0,2.0,1.0,45.0,2
Plot  Area,Whitefield,2400.0,5.0,2.0,329.0,4
Built-up  Area,Kammanahalli,1160.0,2.0,1.0,52.0,2
Super built-up  Area,Jakkur,1100.0,2.0,2.0,52.0,2
Super built-up  Area,Horamavu Agara,1170.0,2.0,2.0,38.0,2
Super built-up  Area,Bannerghatta Road,595.0,1.0,1.0,31.83,1
Super built-up  Area,HSR Layout,1650.0,3.0,2.0,110.0,3
Super built-up  Area,1st Block Jayanagar,1875.0,2.0,3.0,235.0,3
Super built-up  Area,Other,1375.0,2.0,3.0,48.06,3
Super built-up  Area,Ramagondanahalli,1235.0,2.0,1.0,46.8,2
Super built-up  Area,Other,750.0,1.0,2.0,25.0,1
Built-up  Area,7th Phase JP Nagar,1400.0,3.0,1.0,115.0,3
Super built-up  Area,Poorna Pragna Layout,1270.0,2.0,2.0,50.79,3
Super built-up  Area,Bannerghatta Road,1105.0,2.0,1.0,51.0,2
Super built-up  Area,Other,1375.0,2.0,3.0,85.0,3
Plot  Area,Attibele,2168.0,4.0,2.0,95.0,4
Super built-up  Area,Yelahanka,1065.0,2.0,1.0,40.84,2
Plot  Area,Other,3800.0,3.0,0.0,580.0,3
Plot  Area,Raja Rajeshwari Nagar,3125.0,9.0,2.0,350.0,9
Super built-up  Area,Whitefield,825.0,1.0,1.0,45.0,1
Built-up  Area,Other,1095.0,2.0,0.0,40.0,2
Super built-up  Area,Other,1440.0,2.0,2.0,60.33,3
Super built-up  Area,Electronic City,870.0,2.0,1.0,39.5,2
Super built-up  Area,Panathur,1195.0,2.0,1.0,84.0,2
Super built-up  Area,Other,1200.0,2.0,1.0,49.5,2
Super built-up  Area,Raja Rajeshwari Nagar,1530.0,3.0,3.0,61.2,3
Super built-up  Area,Padmanabhanagar,1708.0,2.0,1.0,90.5,3
Super built-up  Area,Other,975.0,2.0,1.0,43.0,2
Built-up  Area,KR Puram,750.0,2.0,1.0,25.0,2
Super built-up  Area,Iblur Village,1920.0,3.0,2.0,130.0,3
Super built-up  Area,Thanisandra,1183.0,2.0,1.0,58.56,2
Super built-up  Area,Mico Layout,1550.0,2.0,2.0,65.0,3
Super built-up  Area,Kaggadasapura,1110.0,2.0,3.0,53.0,2
Super built-up  Area,Kaggadasapura,1105.0,2.0,1.0,38.67,2
Plot  Area,Anekal,1800.0,3.0,2.0,68.0,3
Super built-up  Area,Other,2800.0,4.0,2.0,200.0,5
Super built-up  Area,Bommanahalli,1000.0,2.0,2.0,29.9,2
Built-up  Area,Prithvi Layout,1190.0,2.0,2.0,68.0,2
Plot  Area,Other,1350.0,4.0,1.0,200.0,4
Super built-up  Area,Hebbal,3067.0,4.0,2.0,230.0,4
Super built-up  Area,Sarjapur  Road,1929.0,4.0,1.0,103.0,3
Built-up  Area,Ramamurthy Nagar,1525.0,3.0,1.0,100.0,3
Super built-up  Area,Nehru Nagar,1775.0,3.0,3.0,110.0,3
Built-up  Area,Banashankari,1125.0,2.0,1.0,63.0,2
Super built-up  Area,Other,900.0,2.0,2.0,42.0,2
Super built-up  Area,Sarjapur  Road,1155.0,2.0,1.0,58.0,2
Built-up  Area,Hulimavu,1200.0,4.0,0.0,75.0,4
Super built-up  Area,Sonnenahalli,1268.0,2.0,1.0,73.0,2
Built-up  Area,Other,1500.0,3.0,2.0,88.0,3
Super built-up  Area,Electronic City,630.0,1.0,1.0,47.0,1
Super built-up  Area,Seegehalli,1525.0,3.0,2.0,65.0,3
Super built-up  Area,Kaggadasapura,1060.0,2.0,2.0,48.0,2
Super built-up  Area,Lingadheeranahalli,1687.0,3.0,3.0,127.0,3
Super built-up  Area,Thanisandra,1847.0,3.0,2.0,123.0,3
Super built-up  Area,Begur Road,1410.0,2.0,3.0,53.0,3
Super built-up  Area,7th Phase JP Nagar,1075.0,2.0,1.0,42.99,2
Super built-up  Area,Rajaji Nagar,3526.0,4.0,2.0,492.0,4
Built-up  Area,BTM Layout,3000.0,3.0,0.0,338.0,3
Built-up  Area,Basavangudi,1500.0,2.0,1.0,143.0,3
Built-up  Area,Other,1010.0,2.0,2.0,46.0,2
Super built-up  Area,Haralur Road,1875.0,3.0,3.0,110.0,3
Super built-up  Area,Kanakpura Road,983.0,2.0,1.0,50.6,2
Super built-up  Area,Kasturi Nagar,1101.0,2.0,2.0,65.0,2
Super built-up  Area,Other,1140.0,2.0,1.0,76.0,2
Super built-up  Area,Sarjapur  Road,1215.0,2.0,2.0,110.0,2
Super built-up  Area,Kengeri Satellite Town,1007.0,2.0,3.0,42.0,2
Super built-up  Area,Bellandur,2039.0,3.0,2.0,168.0,3
Built-up  Area,Ulsoor,1020.0,3.0,2.0,110.0,3
Super built-up  Area,Other,1198.0,2.0,1.0,84.0,2
Built-up  Area,Other,4000.0,4.0,1.0,520.0,4
Plot  Area,Other,1470.0,4.0,2.0,34.5,4
Built-up  Area,Other,1370.0,2.0,2.0,75.0,2
Super built-up  Area,Other,1316.0,2.0,3.0,55.5,2
Super built-up  Area,Kaggadasapura,1350.0,3.0,1.0,55.5,3
Super built-up  Area,Gunjur Palya,1050.0,2.0,1.0,43.0,2
Carpet  Area,KR Puram,1128.76,3.0,0.0,47.405,3
Super built-up  Area,Electronic City,921.0,2.0,1.0,34.0,2
Super built-up  Area,Kundalahalli,1010.0,2.0,1.0,49.27,2
Super built-up  Area,KR Puram,1015.0,2.0,1.0,43.0,2
Plot  Area,TC Palaya,1200.0,2.0,0.0,66.5,3
Built-up  Area,Lakshminarayana Pura,1179.0,2.0,1.0,75.0,2
Built-up  Area,Anjanapura,1850.0,4.0,2.0,86.0,4
Super built-up  Area,Kammasandra,870.0,2.0,1.0,24.0,2
Super built-up  Area,Bellandur,1605.0,3.0,2.0,85.0,3
Plot  Area,Banashankari Stage VI,2800.0,4.0,2.0,89.0,4
Super built-up  Area,Malleshwaram,2475.0,4.0,3.0,320.0,3
Plot  Area,Other,3000.0,2.0,0.0,510.0,2
Plot  Area,Other,2400.0,7.0,2.0,110.0,6
Super built-up  Area,Other,1000.0,1.0,1.0,55.0,2
Plot  Area,Ramamurthy Nagar,1200.0,2.0,0.0,80.0,2
Plot  Area,Other,1200.0,2.0,2.0,125.0,2
Plot  Area,Kammasandra,1200.0,2.0,1.0,66.0,2
Built-up  Area,Other,1200.0,2.0,2.0,50.0,2
Super built-up  Area,Hennur,1255.0,2.0,1.0,57.5,2
Super built-up  Area,Hosur Road,1085.0,2.0,2.0,30.38,2
Super built-up  Area,Kanakpura Road,1592.0,3.0,2.0,125.0,3
Super built-up  Area,Other,1313.0,2.0,1.0,58.27,2
Super built-up  Area,Kogilu,1934.0,3.0,2.0,150.0,3
Super built-up  Area,Harlur,1200.0,2.0,1.0,49.5,2
Super built-up  Area,Uttarahalli,3600.0,6.0,2.0,120.0,6
Super built-up  Area,Old Madras Road,935.0,2.0,1.0,45.0,2
Built-up  Area,Bommasandra,877.0,2.0,2.0,30.0,2
Super built-up  Area,Other,936.0,2.0,2.0,42.0,2
Super built-up  Area,Other,1470.0,2.0,2.0,110.0,3
Built-up  Area,Other,1050.0,1.0,1.0,70.0,1
Super built-up  Area,Hennur Road,1232.0,2.0,0.0,69.61,2
Super built-up  Area,Ambedkar Nagar,2225.0,4.0,2.0,169.0,3
Plot  Area,Other,1200.0,2.0,0.0,80.0,3
Super built-up  Area,Dasarahalli,1901.0,3.0,2.0,119.0,3
Super built-up  Area,Sarjapur  Road,1819.0,3.0,2.0,100.0,3
Super built-up  Area,Old Madras Road,3715.0,6.0,0.0,200.5,4
Built-up  Area,9th Phase JP Nagar,5000.0,4.0,3.0,290.0,4
Super built-up  Area,Other,1200.0,4.0,3.0,169.0,4
Super built-up  Area,Other,1256.0,2.0,1.0,60.0,2
Super built-up  Area,7th Phase JP Nagar,1100.0,2.0,2.0,44.0,2
Plot  Area,TC Palaya,4800.0,3.0,3.0,302.0,4
Super built-up  Area,Kothanur,1435.0,3.0,3.0,70.0,3
Super built-up  Area,6th Phase JP Nagar,3245.0,4.0,2.0,250.0,4
Super built-up  Area,Sarjapur  Road,1845.0,4.0,1.0,110.0,3
Plot  Area,Jigani,2400.0,4.0,1.0,130.0,3
Super built-up  Area,Ulsoor,1200.0,2.0,0.0,60.0,2
Super built-up  Area,Talaghattapura,2254.0,3.0,2.0,170.0,3
Super built-up  Area,Frazer Town,1750.0,3.0,2.0,150.0,3
Built-up  Area,Other,1020.0,2.0,1.0,37.0,2
Built-up  Area,Bommanahalli,515.0,1.0,1.0,25.0,1
Super built-up  Area,Lingadheeranahalli,1893.0,3.0,2.0,140.0,3
Super built-up  Area,Other,3025.0,3.0,0.0,500.0,3
Built-up  Area,Other,830.0,2.0,0.0,34.0,2
Built-up  Area,Singasandra,600.0,2.0,1.0,36.5,2
Super built-up  Area,Bisuvanahalli,1075.0,2.0,1.0,90.0,3
Plot  Area,Other,3200.0,4.0,2.0,1200.0,4
Super built-up  Area,Kasavanhalli,1200.0,2.0,1.0,78.0,2
Super built-up  Area,Sarjapur  Road,1233.0,2.0,2.0,77.65,2
Super built-up  Area,Bannerghatta Road,1255.0,2.0,2.0,65.26,2
Super built-up  Area,Begur Road,1200.0,2.0,2.0,37.8,2
Super built-up  Area,Varthur,2145.0,3.0,2.0,175.0,3
Built-up  Area,1st Phase JP Nagar,1500.0,5.0,2.0,85.0,5
Built-up  Area,Kothannur,740.0,2.0,1.0,34.0,2
Super built-up  Area,Kengeri,1250.0,3.0,3.0,48.0,3
Super built-up  Area,Other,1210.0,2.0,2.0,40.0,2
Super built-up  Area,Sarjapur  Road,1525.0,2.0,2.0,60.0,3
Built-up  Area,Kogilu,540.0,1.0,0.0,36.0,1
Super built-up  Area,Tumkur Road,1240.0,2.0,1.0,84.0,3
Super built-up  Area,Subramanyapura,1245.0,2.0,1.0,68.0,3
Plot  Area,Other,1865.0,3.0,3.0,350.0,3
Super built-up  Area,Hosa Road,1104.0,2.0,0.0,36.43,2
Super built-up  Area,Bisuvanahalli,1075.0,2.0,1.0,35.99,3
Built-up  Area,Nagavara,2200.0,2.0,1.0,55.0,2
Super built-up  Area,Whitefield,1155.0,2.0,1.0,60.0,2
Super built-up  Area,Other,1520.0,2.0,3.0,62.0,2
Super built-up  Area,Thigalarapalya,3122.0,6.0,2.0,245.0,4
Super built-up  Area,Harlur,1290.0,2.0,1.0,85.0,2
Built-up  Area,Other,2300.0,3.0,2.0,80.0,3
Built-up  Area,Kannamangala,3000.0,4.0,0.0,200.0,4
Super built-up  Area,Whitefield,3251.97,4.0,2.0,270.0,4
Built-up  Area,Other,400.0,1.0,0.0,14.0,1
Super built-up  Area,Banashankari,1340.0,2.0,3.0,53.6,3
Super built-up  Area,Malleshwaram,900.0,2.0,1.0,95.0,2
Plot  Area,Rajaji Nagar,1800.0,4.0,2.0,324.0,6
Super built-up  Area,Hennur Road,987.0,2.0,1.0,49.0,2
Super built-up  Area,Old Madras Road,1720.0,3.0,2.0,100.0,3
Super built-up  Area,Hebbal,1040.0,2.0,1.0,50.0,2
Built-up  Area,Anandapura,900.0,2.0,0.0,64.0,2
Built-up  Area,Raja Rajeshwari Nagar,1030.0,2.0,1.0,50.0,2
Super built-up  Area,Neeladri Nagar,2556.0,3.0,2.0,133.0,3
Super built-up  Area,Basavangudi,1850.0,3.0,1.0,168.0,3
Super built-up  Area,Balagere,1028.0,2.0,1.0,31.86,2
Super built-up  Area,7th Phase JP Nagar,1270.0,2.0,1.0,83.0,2
Built-up  Area,Sahakara Nagar,1655.0,3.0,1.0,115.0,3
Built-up  Area,Electronics City Phase 1,940.0,2.0,1.0,40.0,2
Super built-up  Area,Domlur,1050.0,2.0,2.0,85.0,2
Super built-up  Area,Other,946.0,2.0,1.0,38.0,2
Built-up  Area,CV Raman Nagar,1726.0,3.0,3.0,145.0,3
Super built-up  Area,Sarakki Nagar,2121.0,4.0,3.0,253.0,3
Super built-up  Area,Vittasandra,1404.0,2.0,1.0,75.0,2
Super built-up  Area,Sarjapur,1525.0,2.0,2.0,48.0,3
Super built-up  Area,Kengeri,1025.0,2.0,2.0,57.0,2
Plot  Area,Other,1575.0,4.0,0.0,150.0,5
Built-up  Area,Other,860.0,1.0,1.0,43.0,2
Super built-up  Area,Talaghattapura,1223.0,2.0,1.0,42.81,3
Super built-up  Area,Other,3750.0,3.0,2.0,550.0,4
Super built-up  Area,Kothannur,1197.0,2.0,1.0,47.8,2
Super built-up  Area,Garudachar Palya,1150.0,2.0,1.0,52.75,2
Built-up  Area,Other,4800.0,5.0,3.0,629.0,4
Super built-up  Area,R.T. Nagar,1040.0,2.0,2.0,46.0,2
Super built-up  Area,Banashankari,1310.0,2.0,2.0,80.0,2
Super built-up  Area,Uttarahalli,1788.0,3.0,2.0,98.34,3
Super built-up  Area,Raja Rajeshwari Nagar,1144.0,2.0,2.0,38.55,2
Super built-up  Area,Anjanapura,1070.0,2.0,2.0,39.0,2
Super built-up  Area,Other,1200.0,2.0,2.0,70.0,2
Super built-up  Area,Ambedkar Nagar,1862.0,3.0,2.0,120.0,3
Plot  Area,Margondanahalli,1200.0,2.0,1.0,58.5,2
Super built-up  Area,Begur Road,970.0,2.0,2.0,27.0,2
Super built-up  Area,Kasavanhalli,1646.0,3.0,2.0,79.5,3
Super built-up  Area,Sarjapur  Road,4395.0,4.0,2.0,242.0,4
Super built-up  Area,Iblur Village,1995.0,3.0,2.0,135.0,3
Plot  Area,1st Block Jayanagar,2400.0,4.0,2.0,450.0,4
Super built-up  Area,Hosakerehalli,1085.0,2.0,1.0,47.74,2
Super built-up  Area,Budigere,1139.0,2.0,2.0,56.8,2
Super built-up  Area,Haralur Road,1092.0,2.0,2.0,44.0,2
Super built-up  Area,Pattandur Agrahara,1767.0,3.0,2.0,98.0,3
Built-up  Area,Other,1700.0,3.0,2.0,80.0,3
Super built-up  Area,Bellandur,1692.0,3.0,2.0,88.0,3
Built-up  Area,6th Phase JP Nagar,1645.0,3.0,3.0,100.0,3
Super built-up  Area,Uttarahalli,1345.0,2.0,1.0,57.0,3
Super built-up  Area,Other,1100.0,2.0,1.0,60.0,2
Super built-up  Area,Gollarapalya Hosahalli,1408.0,3.0,3.0,62.0,3
Plot  Area,Banashankari Stage III,2400.0,4.0,1.0,240.0,4
Plot  Area,Kadugodi,1920.0,4.0,2.0,200.0,4
Plot  Area,Other,6040.0,4.0,2.0,170.0,5
Super built-up  Area,Thigalarapalya,2072.0,4.0,2.0,150.0,3
Super built-up  Area,Malleshwaram,1420.0,2.0,1.0,158.0,2
Plot  Area,Electronics City Phase 1,2040.0,3.0,2.0,137.0,3
Super built-up  Area,Sarjapur  Road,1220.0,3.0,2.0,56.0,3
Plot  Area,8th Phase JP Nagar,1200.0,4.0,2.0,145.0,4
Super built-up  Area,Other,1300.0,2.0,1.0,79.0,2
Super built-up  Area,Electronics City Phase 1,1150.0,2.0,2.0,39.0,2
Super built-up  Area,KR Puram,1470.0,2.0,2.0,86.0,2
Super built-up  Area,Hosa Road,1063.0,2.0,1.0,31.9,2
Super built-up  Area,Other,1311.0,2.0,2.0,48.0,2
Super built-up  Area,Other,3500.0,4.0,3.0,350.0,4
Super built-up  Area,Other,1400.0,2.0,2.0,55.0,3
Built-up  Area,Kanakpura Road,2200.0,2.0,0.0,62.0,2
Built-up  Area,Vidyaranyapura,1060.0,2.0,2.0,55.0,2
Built-up  Area,Other,1000.0,2.0,0.0,110.0,3
Super built-up  Area,Sector 7 HSR Layout,1760.0,3.0,2.0,145.0,3
Super built-up  Area,Whitefield,2010.0,3.0,3.0,92.0,3
Super built-up  Area,Kanakpura Road,1480.0,2.0,2.0,64.23,3
Super built-up  Area,8th Phase JP Nagar,1230.0,2.0,2.0,43.5,3
Super built-up  Area,Gottigere,1300.0,3.0,3.0,65.0,3
Super built-up  Area,Frazer Town,4850.0,6.0,2.0,385.0,4
Super built-up  Area,Singasandra,1100.0,2.0,1.0,52.0,2
Super built-up  Area,Harlur,1752.12,3.0,2.0,116.0,3
Super built-up  Area,Marathahalli,957.0,2.0,1.0,46.9,2
Super built-up  Area,Balagere,790.5,1.0,0.0,41.9,1
Built-up  Area,Other,1942.0,3.0,2.0,102.0,3
Built-up  Area,Other,1000.0,2.0,2.0,53.0,2
Super built-up  Area,Yeshwanthpur,668.0,1.0,1.0,36.85,1
Plot  Area,Other,3000.0,6.0,3.0,1000.0,5
Super built-up  Area,Uttarahalli,1089.0,2.0,1.0,43.55,2
Super built-up  Area,Thanisandra,1800.0,3.0,3.0,90.0,3
Super built-up  Area,Yelahanka New Town,960.0,2.0,1.0,18.0,1
Super built-up  Area,Yelahanka,1036.0,2.0,3.0,39.35,2
Super built-up  Area,Marathahalli,1583.0,3.0,3.0,105.0,3
Built-up  Area,7th Phase JP Nagar,3300.0,4.0,0.0,150.0,4
Super built-up  Area,Padmanabhanagar,1100.0,2.0,2.0,65.0,2
Plot  Area,Other,800.0,1.0,1.0,100.0,1
Super built-up  Area,Vittasandra,1246.0,2.0,1.0,65.0,2
Super built-up  Area,Dodda Nekkundi,850.0,2.0,3.0,28.0,2
Super built-up  Area,Raja Rajeshwari Nagar,1196.0,2.0,2.0,51.51,2
Super built-up  Area,Thanisandra,1697.0,3.0,2.0,114.0,3
Built-up  Area,TC Palaya,1000.0,2.0,0.0,64.0,2
Super built-up  Area,HRBR Layout,1567.0,3.0,3.0,90.0,3
Plot  Area,Sarjapur  Road,3750.0,6.0,3.0,290.0,4
Super built-up  Area,Other,950.0,2.0,2.0,45.0,2
Super built-up  Area,Other,1022.0,2.0,2.0,52.0,2
Super built-up  Area,Kammasandra,1018.0,2.0,0.0,23.45,2
Plot  Area,Other,2000.0,3.0,2.0,25.0,4
Super built-up  Area,Bharathi Nagar,1322.0,2.0,2.0,68.0,2
Plot  Area,Other,1800.0,4.0,2.0,145.0,4
Super built-up  Area,Doddakallasandra,1460.0,2.0,2.0,58.39,3
Super built-up  Area,Other,990.0,2.0,1.0,44.55,2
Built-up  Area,Other,2400.0,3.0,1.0,260.0,3
Super built-up  Area,Whitefield,1635.0,2.0,2.0,85.0,3
Super built-up  Area,Rajaji Nagar,3526.0,4.0,1.0,558.0,4
Built-up  Area,Padmanabhanagar,3400.0,3.0,1.0,210.0,4
Built-up  Area,Other,2770.0,3.0,1.0,460.0,3
Super built-up  Area,EPIP Zone,3035.0,5.0,0.0,200.0,4
Super built-up  Area,Other,1533.0,3.0,2.0,85.0,3
Super built-up  Area,Akshaya Nagar,1720.0,3.0,1.0,134.0,3
Super built-up  Area,Frazer Town,2000.0,3.0,1.0,200.0,3
Super built-up  Area,Yeshwanthpur,1185.0,2.0,2.0,75.84,2
Super built-up  Area,Varthur Road,900.0,2.0,1.0,27.0,2
Built-up  Area,Attibele,395.0,1.0,1.0,10.25,1
Super built-up  Area,Electronic City Phase II,1031.0,2.0,1.0,56.35,2
Plot  Area,Other,2400.0,8.0,2.0,650.0,6
Super built-up  Area,Thanisandra,2650.0,4.0,2.0,240.0,4
Plot  Area,Basaveshwara Nagar,2400.0,5.0,1.0,415.0,5
Super built-up  Area,Hennur,1259.0,2.0,2.0,57.0,2
Built-up  Area,Raja Rajeshwari Nagar,1570.0,3.0,2.0,88.0,3
Built-up  Area,Bisuvanahalli,1075.0,2.0,1.0,36.0,3
Super built-up  Area,Whitefield,1216.0,2.0,1.0,79.0,2
Super built-up  Area,Sarjapur  Road,1428.0,2.0,2.0,66.0,3
Super built-up  Area,Begur Road,1160.0,2.0,2.0,40.59,2
Super built-up  Area,Other,1475.0,3.0,2.0,70.0,3
Super built-up  Area,Harlur,1754.0,3.0,2.0,135.0,3
Super built-up  Area,Rayasandra,1639.0,3.0,1.0,83.0,3
Super built-up  Area,Hennur Road,1804.0,3.0,2.0,102.0,3
Plot  Area,Whitefield,1200.0,3.0,2.0,56.2,3
Built-up  Area,Other,1135.0,2.0,3.0,55.0,2
Super built-up  Area,Begur Road,1260.0,2.0,2.0,46.62,2
Built-up  Area,Hennur Road,2160.0,3.0,2.0,160.0,3
Super built-up  Area,Rachenahalli,1220.0,2.0,2.0,59.5,2
Plot  Area,Margondanahalli,1200.0,2.0,0.0,67.0,2
Super built-up  Area,Yelahanka,1300.0,2.0,3.0,65.0,2
Super built-up  Area,Cox Town,605.0,1.0,1.0,29.0,1
Super built-up  Area,Bhoganhalli,1444.0,2.0,1.0,75.97,2
Built-up  Area,Amruthahalli,924.0,2.0,1.0,45.0,2
Super built-up  Area,Kaikondrahalli,1000.0,2.0,1.0,30.0,2
Plot  Area,Other,1200.0,3.0,3.0,225.0,3
Super built-up  Area,Bisuvanahalli,845.0,2.0,1.0,29.0,2
Super built-up  Area,Kanakpura Road,700.0,2.0,1.0,35.0,2
Super built-up  Area,Kothanur,1187.0,2.0,2.0,58.0,2
Super built-up  Area,Kaggadasapura,1625.0,3.0,2.0,55.0,3
Plot  Area, Devarachikkanahalli,1200.0,2.0,2.0,83.0,2
Super built-up  Area,Other,1452.55,2.0,3.0,110.0,2
Built-up  Area,Other,2357.0,3.0,2.0,151.0,3
Super built-up  Area,Kaval Byrasandra,1200.0,2.0,1.0,49.5,2
Super built-up  Area,Budigere,1139.0,2.0,2.0,56.85,2
Built-up  Area,Basavangudi,600.0,1.0,0.0,97.5,1
Super built-up  Area,Kanakpura Road,1660.0,3.0,3.0,75.0,3
Super built-up  Area,Other,1170.0,2.0,3.0,105.0,2
Super built-up  Area,Somasundara Palya,1448.0,2.0,2.0,68.0,2
Super built-up  Area,Kadugodi,1762.0,3.0,3.0,110.0,3
Super built-up  Area,Kaggadasapura,1105.0,2.0,1.0,38.65,2
Super built-up  Area,Yelahanka,1825.0,3.0,1.0,105.0,3
Super built-up  Area,Thanisandra,1185.0,2.0,2.0,43.0,2
Built-up  Area,Electronic City Phase II,1320.0,2.0,1.0,38.12,3
Super built-up  Area,Hulimavu,1058.0,2.0,1.0,48.0,2
Super built-up  Area,Bellandur,1220.0,2.0,2.0,60.0,2
Super built-up  Area,Sarjapur,925.0,2.0,1.0,25.0,2
Super built-up  Area,Old Madras Road,1200.0,2.0,1.0,72.0,2
Super built-up  Area,Kengeri,1160.0,2.0,2.0,40.6,3
Super built-up  Area,Other,1411.0,3.0,2.0,91.72,3
Super built-up  Area,Bannerghatta Road,1550.0,3.0,2.0,78.0,3
Super built-up  Area,Green Glen Layout,3250.0,4.0,3.0,230.0,4
Super built-up  Area,Haralur Road,2475.0,4.0,2.0,130.0,3
Super built-up  Area,Jakkur,3181.0,2.0,2.0,260.5,4
Super built-up  Area,7th Phase JP Nagar,2503.0,4.0,0.0,188.0,4
Super built-up  Area,Marathahalli,2524.0,5.0,2.0,190.0,4
Super built-up  Area,Kaggadasapura,1063.0,2.0,2.0,42.0,2
Super built-up  Area,Kanakpura Road,1077.0,2.0,1.0,37.7,2
Super built-up  Area,Other,1200.0,3.0,2.0,44.0,2
Built-up  Area,Hosakerehalli,1500.0,3.0,2.0,70.0,4
Super built-up  Area,Jalahalli,1045.0,2.0,2.0,76.77,2
Super built-up  Area,Kanakapura,1290.0,2.0,3.0,45.15,3
Super built-up  Area,Hoodi,1400.0,2.0,1.0,78.0,2
Built-up  Area,Begur Road,1600.0,3.0,2.0,58.14,3
Super built-up  Area,Other,3095.0,3.0,3.0,375.0,3
Super built-up  Area,Nagavara,1545.0,2.0,1.0,58.0,3
Super built-up  Area,Sarjapur  Road,1680.0,3.0,1.0,112.0,3
Built-up  Area,Other,1350.0,2.0,1.0,67.5,2
Super built-up  Area,Gottigere,950.0,2.0,1.0,38.0,2
Super built-up  Area,Thanisandra,1050.0,2.0,2.0,45.0,2
Super built-up  Area,Banashankari Stage V,1305.0,2.0,2.0,49.0,3
Built-up  Area,Kodichikkanahalli,2700.0,7.0,2.0,125.0,5
Plot  Area,Other,1100.0,3.0,1.0,78.0,3
Built-up  Area,Thanisandra,3500.0,5.0,0.0,160.0,6
Super built-up  Area,Begur Road,1634.0,3.0,1.0,83.33,3
Super built-up  Area,Prithvi Layout,1352.0,2.0,2.0,85.0,2
Super built-up  Area,Balagere,1145.0,2.0,2.0,65.0,2
Super built-up  Area,Other,1240.0,2.0,2.0,43.79,2
Super built-up  Area,7th Phase JP Nagar,2200.0,3.0,2.0,190.0,3
Super built-up  Area,Bommasandra Industrial Area,1020.0,2.0,1.0,39.0,2
Super built-up  Area,Other,3600.0,4.0,2.0,365.0,4
Super built-up  Area,Raja Rajeshwari Nagar,1168.0,2.0,1.0,61.0,2
Super built-up  Area,Electronic City Phase II,1205.0,2.0,1.0,75.0,2
Super built-up  Area,Yeshwanthpur,1195.0,2.0,2.0,100.0,2
Built-up  Area,CV Raman Nagar,1028.0,2.0,1.0,49.0,2
Super built-up  Area,Other,1175.0,2.0,2.0,48.27,2
Super built-up  Area,Pai Layout,1550.0,2.0,2.0,90.0,3
Super built-up  Area,Yeshwanthpur,1826.0,3.0,2.0,165.0,3
Plot  Area,Hoodi,2400.0,5.0,2.0,160.0,5
Super built-up  Area,Yelahanka,1603.0,3.0,2.0,96.0,3
Built-up  Area,Marathahalli,1350.0,3.0,1.0,72.0,3
Built-up  Area,KR Puram,714.0,1.0,1.0,28.0,1
Super built-up  Area,Whitefield,1215.0,2.0,3.0,65.0,2
Built-up  Area,Malleshpalya,1405.0,2.0,2.0,77.0,3
Super built-up  Area,KR Puram,1142.0,2.0,1.0,51.0,2
Built-up  Area,Other,4000.0,4.0,3.0,170.0,4
Super built-up  Area,Whitefield,1870.0,3.0,2.0,90.0,3
Super built-up  Area,Subramanyapura,1313.0,2.0,2.0,73.0,2
Built-up  Area,Other,1945.0,3.0,3.0,120.0,3
Super built-up  Area,Thanisandra,1573.0,3.0,2.0,95.0,3
Super built-up  Area,Sarjapur  Road,1255.0,2.0,1.0,92.0,2
Super built-up  Area,Benson Town,1400.0,3.0,2.0,91.15,4
Super built-up  Area,Kannamangala,1235.0,2.0,2.0,43.63,2
Super built-up  Area,Sarjapur  Road,1380.0,2.0,1.0,52.0,3
Super built-up  Area,Other,1465.0,2.0,3.0,74.72,3
Super built-up  Area,Thigalarapalya,1418.0,2.0,2.0,103.0,2
Super built-up  Area,Other,1650.0,3.0,1.0,165.0,3
Built-up  Area,Other,351.0,1.0,1.0,16.0,1
Super built-up  Area,Uttarahalli,1279.0,2.0,2.0,48.0,2
Built-up  Area,Kasavanhalli,1870.0,3.0,1.0,200.0,3
Plot  Area,Other,1500.0,5.0,1.0,230.0,4
Super built-up  Area,Hebbal,2526.0,2.0,2.0,250.0,3
Plot  Area,Other,1550.0,2.0,1.0,150.0,3
Super built-up  Area,Rajaji Nagar,3539.5,2.0,2.0,424.5,4
Super built-up  Area,Uttarahalli,1845.0,2.0,1.0,68.27,3
Super built-up  Area,Other,1360.0,2.0,1.0,59.27,3
Built-up  Area,Other,1150.0,2.0,1.0,75.0,3
Super built-up  Area,Whitefield,1260.0,2.0,2.0,49.5,2
Plot  Area,Other,1200.0,3.0,1.0,74.0,3
Built-up  Area,Dasanapura,965.0,2.0,1.0,42.5,2
Built-up  Area,Hoodi,1350.0,2.0,3.0,48.0,3
Super built-up  Area,Bhoganhalli,1447.0,2.0,1.0,75.97,2
Super built-up  Area,Other,1229.0,3.0,1.0,86.03,3
Super built-up  Area,Kudlu,1027.0,2.0,2.0,43.0,2
Super built-up  Area,Gottigere,1153.0,2.0,1.0,48.5,2
Super built-up  Area,Whitefield,2856.0,5.0,0.0,145.5,4
Super built-up  Area,Malleshpalya,1065.0,2.0,2.0,50.0,2
Built-up  Area,Other,1030.0,2.0,3.0,61.0,2
Super built-up  Area,Mallasandra,1340.0,2.0,2.0,61.0,2
Built-up  Area,Other,600.0,1.0,0.0,32.0,1
Super built-up  Area,Begur Road,1410.0,2.0,3.0,44.42,3
Super built-up  Area,Varthur,1055.0,2.0,2.0,45.35,2
Super built-up  Area,Yelahanka,1304.0,2.0,1.0,79.0,2
Super built-up  Area,Sadashiva Nagar,2720.0,4.0,1.0,485.0,4
Built-up  Area,Kammasandra,990.0,2.0,1.0,31.5,2
Super built-up  Area,7th Phase JP Nagar,1035.0,2.0,1.0,39.33,2
Super built-up  Area,Tumkur Road,700.0,1.0,0.0,30.09,1
Super built-up  Area,Sonnenahalli,1120.0,2.0,2.0,43.0,2
Super built-up  Area,Haralur Road,1300.0,2.0,2.0,73.0,2
Super built-up  Area,Tumkur Road,1239.0,2.0,1.0,82.0,2
Super built-up  Area,Hosa Road,1365.0,2.0,1.0,92.0,2
Super built-up  Area,Other,1165.0,2.0,1.0,135.0,2
Super built-up  Area,Subramanyapura,1130.0,2.0,3.0,45.19,3
Super built-up  Area,Green Glen Layout,1776.42,3.0,2.0,105.0,3
Super built-up  Area,Other,1107.0,2.0,2.0,33.0,2
Super built-up  Area,Nagavara,2319.0,3.0,2.0,180.0,3
Super built-up  Area,Other,1520.0,3.0,3.0,80.0,3
Super built-up  Area,Kannamangala,1536.0,3.0,1.0,89.0,3
Built-up  Area,Other,3000.0,4.0,2.0,240.0,4
Super built-up  Area,Other,1050.0,2.0,1.0,38.0,2
Super built-up  Area,Hoodi,1850.0,3.0,2.0,146.0,3
Super built-up  Area,Billekahalli,1112.0,2.0,2.0,62.0,2
Super built-up  Area,Marathahalli,1535.0,3.0,2.0,72.5,3
Built-up  Area,Kanakpura Road,1050.0,2.0,1.0,35.0,2
Plot  Area,Banashankari,2400.0,3.0,2.0,370.0,4
Super built-up  Area,7th Phase JP Nagar,1250.0,3.0,2.0,65.0,3
Super built-up  Area,Kalena Agrahara,1187.0,2.0,3.0,52.0,2
Built-up  Area,9th Phase JP Nagar,1164.0,2.0,1.0,56.0,2
Super built-up  Area,Electronic City Phase II,1395.0,2.0,1.0,62.78,3
Super built-up  Area,Arekere,2072.0,3.0,2.0,108.0,3
Super built-up  Area,Kanakpura Road,1450.0,3.0,3.0,60.91,3
Super built-up  Area,Bannerghatta Road,1550.0,3.0,2.0,82.0,3
Super built-up  Area,Other,1315.0,2.0,2.0,90.0,2
Super built-up  Area,Hebbal,3067.0,4.0,3.0,230.0,4
Super built-up  Area,Other,1210.0,2.0,2.0,72.0,2
Super built-up  Area,Bisuvanahalli,1075.0,2.0,1.0,47.0,3
Super built-up  Area,Other,11338.0,9.0,1.0,1000.0,6
Super built-up  Area,Other,1215.0,3.0,1.0,42.2,3
Built-up  Area,Kaggadasapura,1470.0,2.0,2.0,75.0,3
Built-up  Area,Hosur Road,1590.0,2.0,2.0,125.0,3
Super built-up  Area,Kanakpura Road,1050.0,2.0,1.0,36.75,2
Super built-up  Area,Raja Rajeshwari Nagar,1306.0,2.0,1.0,55.91,2
Built-up  Area,Malleshwaram,2000.0,3.0,2.0,250.0,3
Built-up  Area,Other,1445.0,3.0,2.0,64.0,3
Super built-up  Area,Sarjapur  Road,1220.0,3.0,2.0,58.0,3
Plot  Area,Sarjapur,3190.0,3.0,1.0,160.0,4
Super built-up  Area,Ramagondanahalli,1215.0,2.0,1.0,51.26,2
Built-up  Area,Budigere,1920.0,2.0,1.0,88.0,3
Super built-up  Area,Dodda Nekkundi,1390.0,2.0,2.0,60.0,2
Super built-up  Area,Hoodi,1196.0,2.0,0.0,71.74,2
Super built-up  Area,Bannerghatta Road,1550.0,2.0,2.0,75.0,3
Super built-up  Area,Thigalarapalya,1418.0,2.0,2.0,101.0,2
Super built-up  Area,Varthur Road,1655.0,3.0,2.0,115.0,3
Built-up  Area,KR Puram,1115.0,2.0,2.0,33.45,2
Super built-up  Area,Other,1170.0,2.0,2.0,68.0,2
Super built-up  Area,Anekal,1035.0,2.0,2.0,38.3,2
Super built-up  Area,Singasandra,1306.0,2.0,2.0,58.0,3
Super built-up  Area,Kengeri,750.0,2.0,2.0,22.0,2
Super built-up  Area,Thanisandra,1917.0,3.0,3.0,122.0,3
Super built-up  Area,Kaggadasapura,1615.0,3.0,3.0,58.0,3
Super built-up  Area,Marathahalli,1071.0,2.0,2.0,52.25,2
Super built-up  Area,Koramangala,1325.0,2.0,2.0,119.0,2
Plot  Area,Malleshwaram,3000.0,4.0,2.0,900.0,7
Super built-up  Area,5th Phase JP Nagar,1400.0,2.0,1.0,88.0,3
Super built-up  Area,Tumkur Road,1246.0,2.0,1.0,82.0,2
Built-up  Area,Sarjapur,1215.0,2.0,0.0,40.0,2
Super built-up  Area,Munnekollal,1200.0,2.0,2.0,49.5,2
Super built-up  Area,Kodigehaali,1200.0,2.0,2.0,60.0,2
Built-up  Area,Kaval Byrasandra,945.0,2.0,2.0,50.0,2
Super built-up  Area,Benson Town,4460.0,5.0,2.0,650.0,4
Super built-up  Area,Hormavu,1175.0,2.0,1.0,52.0,2
Super built-up  Area,Whitefield,920.0,2.0,1.0,63.0,2
Super built-up  Area,Hosakerehalli,3024.0,5.0,1.0,350.0,4
Plot  Area,Other,1600.0,2.0,2.0,110.0,2
Plot  Area,Other,2400.0,4.0,2.0,700.0,4
Built-up  Area,Other,955.0,1.0,2.0,34.01,2
Super built-up  Area,Ardendale,1750.0,3.0,3.0,100.0,3
Super built-up  Area,Uttarahalli,1425.0,2.0,2.0,64.0,3
Super built-up  Area,Basavangudi,2150.0,3.0,2.0,265.0,3
Super built-up  Area,Whitefield,1165.0,2.0,1.0,40.5,2
Super built-up  Area,Kaggadasapura,1050.0,2.0,2.0,48.0,2
Super built-up  Area,Other,1370.0,2.0,2.0,75.0,3
Super built-up  Area,Electronic City,1374.0,2.0,1.0,72.0,3
Super built-up  Area,Harlur,1754.0,3.0,2.0,124.0,3
Super built-up  Area,Kothanur,1847.0,3.0,2.0,110.0,3
Super built-up  Area,Ambedkar Nagar,1850.0,4.0,3.0,139.0,3
Plot  Area,Chikka Tirupathi,3297.0,3.0,1.0,135.0,3
Super built-up  Area,Other,1187.0,2.0,2.0,45.0,2
Built-up  Area,Bommasandra Industrial Area,1400.0,2.0,1.0,40.44,3
Super built-up  Area,Chamrajpet,1350.0,2.0,3.0,180.0,2
Plot  Area,Doddaballapur,3000.0,2.0,2.0,120.0,3
Super built-up  Area,Thanisandra,693.0,1.0,1.0,34.3,1
Super built-up  Area,Dairy Circle,1980.0,3.0,2.0,224.0,3
Super built-up  Area,KR Puram,1021.0,2.0,1.0,48.0,2
Super built-up  Area,Thigalarapalya,1165.0,2.0,2.0,95.0,2
Super built-up  Area,Horamavu Agara,1756.0,3.0,2.0,92.0,3
Super built-up  Area,Bharathi Nagar,1739.0,3.0,1.0,105.0,3
Super built-up  Area,Varthur,1280.0,2.0,2.0,65.0,2
Super built-up  Area,Marathahalli,1215.0,2.0,2.0,58.86,2
Super built-up  Area,Munnekollal,950.0,2.0,1.0,46.5,2
Built-up  Area,Kengeri,1082.0,2.0,1.0,49.0,3
Super built-up  Area,Devanahalli,1080.0,2.0,0.0,53.35,2
Super built-up  Area,Arekere,1100.0,2.0,2.0,55.0,2
Plot  Area,Ardendale,3200.0,4.0,1.0,205.0,4
Super built-up  Area,Sarjapur  Road,1311.0,2.0,1.0,78.0,2
Super built-up  Area,Raja Rajeshwari Nagar,1608.0,3.0,1.0,67.98,3
Super built-up  Area,Begur Road,1160.0,2.0,2.0,36.0,2
Super built-up  Area,Whitefield,1170.0,2.0,1.0,71.0,2
Super built-up  Area,Kengeri,1155.0,2.0,2.0,40.6,2
Super built-up  Area,Hebbal,1255.0,2.0,1.0,77.68,3
Super built-up  Area,Rayasandra,1065.0,2.0,2.0,44.95,2
Super built-up  Area,Neeladri Nagar,674.0,1.0,1.0,21.0,1
Super built-up  Area,Ambedkar Nagar,1936.0,4.0,2.0,126.0,3
Super built-up  Area,Sarakki Nagar,2289.0,3.0,2.0,260.0,3
Super built-up  Area,Other,1100.0,2.0,1.0,38.45,2
Super built-up  Area,Ramagondanahalli,2257.0,4.0,2.0,157.0,3
Super built-up  Area,Nagarbhavi,1055.0,2.0,2.0,55.0,2
Super built-up  Area,Raja Rajeshwari Nagar,1530.0,3.0,3.0,51.87,3
Super built-up  Area,Other,1700.0,3.0,1.0,97.0,3
Super built-up  Area,Raja Rajeshwari Nagar,1575.0,2.0,2.0,78.0,3
Built-up  Area,Frazer Town,3500.0,4.0,2.0,330.0,3
Super built-up  Area,Rajiv Nagar,1263.0,2.0,1.0,93.32,2
Super built-up  Area,KR Puram,1559.0,3.0,0.0,69.315,3
Super built-up  Area,Kengeri Satellite Town,1043.0,2.0,2.0,65.0,2
Super built-up  Area,Hennur,1255.0,2.0,2.0,53.5,2
Super built-up  Area,JP Nagar,1352.5,2.0,0.0,93.865,2
Super built-up  Area,Chandapura,590.0,1.0,0.0,13.57,1
Plot  Area,Yelahanka,1550.0,3.0,1.0,120.0,3
Super built-up  Area,Sarjapur  Road,1220.0,3.0,3.0,56.0,3
Super built-up  Area,Other,1900.0,3.0,3.0,160.0,3
Super built-up  Area,Other,1360.0,3.0,3.0,55.0,3
Built-up  Area,Other,1100.0,2.0,1.0,75.0,2
Super built-up  Area,8th Phase JP Nagar,1455.0,3.0,2.0,73.31,3
Built-up  Area,KR Puram,1035.0,2.0,1.0,40.5,2
Super built-up  Area,Harlur,1152.0,2.0,2.0,69.0,2
Super built-up  Area,Bellandur,1299.0,2.0,2.0,82.0,2
Super built-up  Area,Rachenahalli,1050.0,2.0,2.0,52.5,2
Super built-up  Area,Pai Layout,1050.0,2.0,2.0,40.0,2
Super built-up  Area,Vittasandra,1246.0,2.0,1.0,67.4,2
Built-up  Area,Other,1929.0,3.0,2.0,115.0,3
Super built-up  Area,Hennur,1285.0,2.0,1.0,60.0,2
Plot  Area,Margondanahalli,1200.0,2.0,0.0,65.0,3
Built-up  Area,Other,3161.0,4.0,3.0,214.0,4
Built-up  Area,BTM 2nd Stage,1850.0,3.0,2.0,170.0,3
Built-up  Area,Sompura,1025.0,2.0,0.0,37.0,3
Built-up  Area,Malleshwaram,1124.0,3.0,2.0,80.0,2
Super built-up  Area,Balagere,1012.0,2.0,1.0,54.59,2
Super built-up  Area,Giri Nagar,4500.0,5.0,3.0,250.0,7
Super built-up  Area,8th Phase JP Nagar,871.0,2.0,2.0,55.0,2
Built-up  Area,Other,1020.0,2.0,2.0,40.0,2
Super built-up  Area,Rachenahalli,1550.0,3.0,3.0,73.5,3
Plot  Area,Other,3515.0,3.0,1.0,420.0,3
Super built-up  Area,Akshaya Nagar,1410.0,2.0,2.0,80.0,3
Plot  Area,Chikka Tirupathi,3500.0,5.0,3.0,150.0,4
Super built-up  Area,Whitefield,1118.0,2.0,1.0,75.0,2
Super built-up  Area,Thanisandra,1098.0,2.0,1.0,68.0,2
Super built-up  Area,Kanakapura,1130.0,2.0,1.0,45.2,2
Super built-up  Area,Sarjapur  Road,1145.0,2.0,2.0,75.0,2
Plot  Area,Kadugodi,950.0,3.0,1.0,80.0,3
Super built-up  Area,Other,1051.0,2.0,1.0,33.0,2
Super built-up  Area,Marathahalli,1102.0,2.0,2.0,53.67,2
Super built-up  Area,Jalahalli,1478.0,2.0,2.0,125.0,2
Carpet  Area,Hebbal,823.0,2.0,1.0,50.63,2
Super built-up  Area,Abbigere,880.0,2.0,1.0,35.0,2
Super built-up  Area,Budigere,1991.0,4.0,2.0,100.0,3
Built-up  Area,TC Palaya,1100.0,3.0,1.0,50.0,3
Super built-up  Area,Gubbalala,1745.0,3.0,2.0,115.0,3
Built-up  Area,Other,1226.0,3.0,1.0,135.0,2
Super built-up  Area,Other,1100.0,2.0,1.0,70.0,2
Plot  Area,Banashankari Stage VI,1200.0,4.0,3.0,195.0,4
Super built-up  Area,5th Phase JP Nagar,1450.0,2.0,1.0,58.0,2
Super built-up  Area,Singasandra,3366.0,4.0,2.0,120.0,4
Built-up  Area,Sahakara Nagar,1150.0,2.0,1.0,54.0,2
Plot  Area,Banashankari Stage VI,2200.0,4.0,2.0,195.0,4
Built-up  Area,Bommanahalli,1090.0,3.0,2.0,44.0,2
Super built-up  Area,Kaggadasapura,1132.0,2.0,2.0,42.0,2
Super built-up  Area,Hulimavu,1375.0,2.0,2.0,80.0,2
Plot  Area,7th Phase JP Nagar,1500.0,5.0,3.0,220.0,4
Super built-up  Area,Thanisandra,760.0,1.0,2.0,50.3,1
Super built-up  Area,Kaggadasapura,1180.0,2.0,2.0,65.0,2
Super built-up  Area,Jigani,918.0,2.0,2.0,45.0,2
Built-up  Area,Margondanahalli,1200.0,1.0,0.0,53.0,2
Plot  Area,Other,2400.0,7.0,3.0,355.0,7
Super built-up  Area,Ardendale,1728.0,3.0,2.0,95.0,3
Super built-up  Area,Malleshwaram,2215.0,3.0,1.0,275.0,3
Super built-up  Area,BTM 2nd Stage,1200.0,2.0,2.0,80.0,2
Super built-up  Area,6th Phase JP Nagar,1280.0,2.0,2.0,56.0,2
Super built-up  Area,Other,1455.0,2.0,2.0,56.0,3
Super built-up  Area,Other,440.0,1.0,0.0,28.0,1
Plot  Area,Kanakpura Road,1500.0,3.0,2.0,97.0,3
Super built-up  Area,Whitefield,1800.0,3.0,2.0,110.0,3
Super built-up  Area,Mysore Road,1525.0,3.0,2.0,96.0,3
Super built-up  Area,Rachenahalli,1204.0,2.0,3.0,38.5,2
Super built-up  Area,Old Madras Road,1225.0,2.0,1.0,53.55,2
Super built-up  Area,Bannerghatta Road,1650.0,3.0,2.0,122.0,3
Built-up  Area,Other,4200.0,4.0,2.0,255.0,4
Plot  Area,Other,1200.0,2.0,0.0,55.0,2
Super built-up  Area,9th Phase JP Nagar,1005.0,2.0,1.0,42.0,2
Super built-up  Area,Whitefield,1562.0,3.0,2.0,103.0,3
Built-up  Area,Devanahalli,5000.0,5.0,2.0,395.0,4
Super built-up  Area,Ramamurthy Nagar,1200.0,2.0,3.0,42.0,2
Super built-up  Area,Kasavanhalli,1555.0,3.0,2.0,82.5,3
Plot  Area,KR Puram,1550.0,2.0,1.0,71.0,2
Super built-up  Area,Whitefield,1190.0,2.0,2.0,67.0,2
Built-up  Area,Chikkalasandra,1070.0,2.0,2.0,50.0,2
Super built-up  Area,Jalahalli East,1020.0,2.0,1.0,42.48,2
Super built-up  Area,Yelahanka,1610.0,3.0,1.0,115.0,3
Super built-up  Area,Other,700.0,1.0,1.0,41.0,1
Super built-up  Area,Other,1300.0,2.0,1.0,49.0,3
Super built-up  Area,Hebbal,1420.0,2.0,1.0,123.0,2
Carpet  Area,Hebbal,1069.0,3.0,2.0,65.4,3
Super built-up  Area,Marathahalli,1900.0,3.0,3.0,123.0,3
Super built-up  Area,Old Airport Road,1655.0,2.0,1.0,97.65,2
Super built-up  Area,Uttarahalli,1155.0,2.0,2.0,40.42,2
Built-up  Area,Sarjapur  Road,1300.0,2.0,2.0,70.0,3
Super built-up  Area,Electronic City,1100.0,2.0,2.0,45.0,2
Super built-up  Area,Doddathoguru,1030.0,2.0,2.0,42.0,2
Super built-up  Area,Vittasandra,2105.0,2.0,1.0,70.2,2
Built-up  Area,Bhoganhalli,1700.0,3.0,2.0,126.0,3
Super built-up  Area,Jakkur,1760.0,3.0,2.0,139.0,3
Built-up  Area,Kadugodi,6200.0,9.0,0.0,200.0,9
Built-up  Area,Other,1400.0,2.0,1.0,67.0,2
Super built-up  Area,Other,1200.0,2.0,0.0,53.0,2
Built-up  Area,Bannerghatta Road,912.0,2.0,1.0,55.0,2
Super built-up  Area,Whitefield,1102.0,2.0,1.0,48.0,2
Super built-up  Area,Other,1535.0,3.0,1.0,55.0,3
Super built-up  Area,Haralur Road,1243.0,2.0,2.0,46.0,2
Super built-up  Area,Jigani,918.0,2.0,2.0,63.2,2
Super built-up  Area,Begur Road,1500.0,2.0,3.0,70.0,3
Plot  Area,Other,3000.0,3.0,0.0,250.0,3
Super built-up  Area,Kasavanhalli,1476.0,3.0,0.0,89.0,3
Super built-up  Area,Mysore Road,1200.0,2.0,3.0,65.0,2
Super built-up  Area,Vijayanagar,606.0,1.0,0.0,34.78,1
Super built-up  Area,Other,1100.0,2.0,3.0,61.0,2
Super built-up  Area,Garudachar Palya,1295.0,2.0,1.0,59.5,3
Built-up  Area,Neeladri Nagar,527.0,1.0,0.0,26.0,1
Super built-up  Area,OMBR Layout,1300.0,2.0,2.0,80.0,2
Plot  Area,Other,1260.0,1.0,0.0,41.0,1
Built-up  Area,Koramangala,1140.0,2.0,1.0,75.2,2
Plot  Area,Other,1500.0,1.0,0.0,37.5,1
Super built-up  Area,Whitefield,2321.0,4.0,1.0,128.0,3
Super built-up  Area,Sarjapur  Road,1390.0,2.0,2.0,62.0,2
Super built-up  Area,Sarjapur  Road,1725.0,3.0,3.0,90.0,3
Super built-up  Area,Hebbal,3067.0,4.0,1.0,310.0,4
Super built-up  Area,Hennur Road,1186.0,2.0,1.0,63.0,3
Super built-up  Area,Kanakpura Road,1230.0,2.0,1.0,85.0,2
Built-up  Area,Other,600.0,1.0,1.0,17.0,1
Super built-up  Area,Yeshwanthpur,1313.0,3.0,1.0,96.0,3
Super built-up  Area,Ambalipura,1250.0,2.0,2.0,66.25,2
Super built-up  Area,Binny Pete,660.0,1.0,1.0,54.0,1
Super built-up  Area,Basavangudi,1036.0,2.0,2.0,105.0,2
Built-up  Area,Koramangala,2700.0,4.0,3.0,450.0,4
Super built-up  Area,Old Madras Road,1100.0,2.0,1.0,70.0,2
Plot  Area,BTM 2nd Stage,1500.0,2.0,1.0,450.0,4
Built-up  Area,Electronics City Phase 1,1015.0,2.0,1.0,56.0,2
Plot  Area,Gottigere,812.0,1.0,0.0,26.0,1
Built-up  Area,Other,1360.0,2.0,2.0,65.0,3
Super built-up  Area,Nehru Nagar,2167.0,3.0,3.0,170.0,3
Super built-up  Area,Raja Rajeshwari Nagar,1200.0,2.0,1.0,35.0,2
Super built-up  Area,Other,1165.0,2.0,2.0,75.0,2
Super built-up  Area,BTM 2nd Stage,1274.0,2.0,2.0,70.0,2
Super built-up  Area,Raja Rajeshwari Nagar,1151.0,2.0,2.0,39.02,2
Super built-up  Area,Thubarahalli,1626.0,2.0,2.0,120.0,3
Super built-up  Area,Banashankari Stage V,1035.0,2.0,2.0,35.77,2
Plot  Area,Other,1272.0,4.0,0.0,75.0,3
Built-up  Area,Other,965.0,2.0,1.0,45.0,2
Plot  Area,Other,1600.0,5.0,2.0,140.0,5
Super built-up  Area,Kothannur,1070.0,2.0,1.0,42.79,2
Built-up  Area,Raja Rajeshwari Nagar,1570.0,2.0,2.0,65.0,3
Built-up  Area,Other,1053.0,2.0,2.0,38.0,2
Super built-up  Area,Other,780.0,2.0,2.0,25.0,2
Super built-up  Area,Other,1000.0,2.0,1.0,65.0,3
Plot  Area,9th Phase JP Nagar,1200.0,3.0,2.0,188.0,4
Built-up  Area,Tindlu,7500.0,7.0,2.0,400.0,7
Built-up  Area,5th Phase JP Nagar,1700.0,2.0,3.0,100.0,3
Super built-up  Area,Haralur Road,1850.0,3.0,2.0,110.0,3
Built-up  Area,Kereguddadahalli,904.0,2.0,1.0,30.0,2
Super built-up  Area,Other,1121.0,2.0,1.0,43.72,2
Super built-up  Area,7th Phase JP Nagar,1385.0,2.0,2.0,58.17,3
Super built-up  Area,Sahakara Nagar,1270.0,2.0,1.0,69.85,2
Super built-up  Area,Kanakpura Road,1450.0,3.0,3.0,56.0,3
Plot  Area,Other,2400.0,4.0,2.0,325.0,3
Super built-up  Area,Mahadevpura,730.0,1.0,1.0,35.0,1
Super built-up  Area,Raja Rajeshwari Nagar,1580.0,3.0,3.0,53.56,3
Super built-up  Area,Thanisandra,1111.0,2.0,1.0,50.0,2
Super built-up  Area,Varthur,977.0,2.0,2.0,36.0,2
Super built-up  Area,Gunjur Palya,674.0,1.0,1.0,19.9,2
Plot  Area,Sarjapur,2540.0,4.0,1.0,115.0,4
Super built-up  Area,Jakkur,1290.0,2.0,1.0,100.0,2
Super built-up  Area,Abbigere,795.0,2.0,1.0,32.54,2
Super built-up  Area,Kanakpura Road,700.0,1.0,1.0,35.0,2
Built-up  Area,Other,1463.0,1.0,1.0,142.0,2
Built-up  Area,Vijayanagar,1000.0,3.0,0.0,140.0,3
Super built-up  Area,Other,1306.0,2.0,2.0,58.0,3
Super built-up  Area,Other,2401.0,3.0,2.0,185.0,3
Plot  Area,Other,1670.0,3.0,0.0,135.0,4
Built-up  Area,Other,1875.0,2.0,3.0,235.0,3
Plot  Area,Other,1200.0,3.0,1.0,90.0,3
Super built-up  Area,Dodda Nekkundi,1804.0,3.0,2.0,121.0,3
Super built-up  Area,1st Phase JP Nagar,2065.0,4.0,1.0,210.0,3
Super built-up  Area,Hoskote,1225.0,3.0,1.0,40.0,3
Super built-up  Area,Thanisandra,1185.5,2.0,0.0,58.68,2
Super built-up  Area,Bellandur,900.0,2.0,2.0,56.0,2
Super built-up  Area,Binny Pete,1350.0,2.0,1.0,91.0,2
Super built-up  Area,Kaggalipura,700.0,1.0,0.0,36.0,1
Super built-up  Area,Mysore Road,1005.0,2.0,0.0,35.175,2
Super built-up  Area,Poorna Pragna Layout,1160.0,2.0,1.0,46.39,2
Super built-up  Area,Hennur Road,1680.0,3.0,2.0,99.27,3
Carpet  Area,LB Shastri Nagar,1043.0,2.0,2.0,55.0,2
Plot  Area,Hoskote,1200.0,4.0,1.0,120.0,4
Super built-up  Area,Hebbal,1040.0,2.0,2.0,46.0,2
Super built-up  Area,Tindlu,1357.0,2.0,2.0,65.0,3
Super built-up  Area,Other,1225.0,2.0,2.0,47.0,2
Super built-up  Area,Yelachenahalli,1130.0,2.0,2.0,40.0,2
Built-up  Area,Basavangudi,2500.0,4.0,1.0,150.0,4
Carpet  Area,Sultan Palaya,1700.0,3.0,3.0,120.0,3
Super built-up  Area,Doddathoguru,1549.0,3.0,2.0,65.0,3
Super built-up  Area,Yeshwanthpur,1400.0,2.0,2.0,100.0,2
Super built-up  Area,Dodda Nekkundi,1080.0,2.0,2.0,50.0,2
Built-up  Area,Ulsoor,1180.0,2.0,2.0,100.0,2
Super built-up  Area,Domlur,1800.0,3.0,2.0,150.0,3
Super built-up  Area,Haralur Road,1225.0,2.0,1.0,67.38,2
Built-up  Area,Other,890.0,1.0,1.0,75.0,1
Super built-up  Area,Abbigere,1005.0,2.0,1.0,39.59,2
Super built-up  Area,Whitefield,1320.0,2.0,1.0,95.0,2
Built-up  Area,Anandapura,1475.0,2.0,1.0,50.0,4
Super built-up  Area,Kudlu Gate,1707.0,2.0,2.0,99.745,3
Super built-up  Area,Other,1110.0,2.0,2.0,51.0,2
Plot  Area,Other,1300.0,2.0,0.0,54.0,2
Super built-up  Area,Electronic City,1128.0,2.0,1.0,65.35,2
Super built-up  Area,Jakkur,1452.19,2.0,1.0,100.0,2
Plot  Area,Other,2400.0,3.0,2.0,290.0,3
Super built-up  Area,Banashankari,2600.0,4.0,1.0,135.0,3
Super built-up  Area,Sarakki Nagar,2500.0,4.0,2.0,325.0,3
Built-up  Area,Sanjay nagar,630.0,1.0,1.0,35.0,2
Super built-up  Area,Hosa Road,1243.0,2.0,2.0,48.5,2
Built-up  Area,Other,960.0,2.0,2.0,32.0,2
Super built-up  Area,Other,1690.0,3.0,2.0,100.0,3
Built-up  Area,Whitefield,735.0,2.0,1.0,35.0,2
Super built-up  Area,Banaswadi,1365.0,2.0,2.0,73.0,2
Super built-up  Area,Rajaji Nagar,2849.0,5.0,0.0,300.0,5
Super built-up  Area,Hebbal,1420.0,2.0,1.0,99.39,2
Super built-up  Area,Somasundara Palya,1570.0,3.0,3.0,68.0,3
Super built-up  Area,Bisuvanahalli,850.0,1.0,1.0,32.0,2
Super built-up  Area,7th Phase JP Nagar,1575.0,2.0,2.0,110.0,3
Super built-up  Area,Thigalarapalya,1418.0,2.0,2.0,104.0,2
Super built-up  Area,Uttarahalli,1050.0,2.0,1.0,42.0,2
Super built-up  Area,Hennur Road,1065.0,2.0,1.0,42.6,2
Built-up  Area,Ulsoor,1340.0,3.0,0.0,90.0,3
Super built-up  Area,Yelahanka New Town,1610.0,3.0,2.0,92.0,3
Built-up  Area,Electronic City Phase II,1160.0,2.0,1.0,33.5,2
Super built-up  Area,Kudlu,1092.0,2.0,2.0,44.0,2
Super built-up  Area,Yelahanka,1455.0,3.0,1.0,61.5,3
Super built-up  Area,Abbigere,734.0,1.0,0.0,19.82,1
Built-up  Area,Other,799.0,2.0,1.0,38.0,2
Built-up  Area,Whitefield,1896.0,3.0,1.0,75.0,3
Super built-up  Area,Ardendale,1100.0,2.0,1.0,48.0,2
Built-up  Area,Bellandur,1350.0,2.0,1.0,79.0,2
Super built-up  Area,Other,1355.0,3.0,1.0,61.0,3
Plot  Area,Other,1350.0,2.0,0.0,90.0,2
Super built-up  Area,Cunningham Road,3875.0,3.0,2.0,864.0,3
Super built-up  Area,Kasavanhalli,1493.0,3.0,2.0,82.0,3
Super built-up  Area,8th Phase JP Nagar,1098.0,2.0,1.0,43.91,2
Super built-up  Area,Banashankari,1900.0,2.0,1.0,170.0,3
Super built-up  Area,Other,1460.0,3.0,2.0,88.0,3
Super built-up  Area,Frazer Town,2350.0,4.0,3.0,285.0,3
Plot  Area,Horamavu Banaswadi,1600.0,5.0,3.0,140.0,5
Super built-up  Area,Varthur,1091.0,2.0,1.0,32.0,2
Super built-up  Area,Yelahanka,1180.0,2.0,3.0,42.0,2
Super built-up  Area,Kanakpura Road,1366.0,3.0,1.0,76.85,2
Super built-up  Area,Other,1685.0,3.0,2.0,95.0,3
Built-up  Area,Koramangala,1260.0,2.0,3.0,100.0,2
Plot  Area,Whitefield,3010.0,3.0,2.0,200.0,3
Plot  Area,Ramamurthy Nagar,1330.0,4.0,1.0,140.0,3
Plot  Area,Mallasandra,1200.0,2.0,0.0,130.0,2
Super built-up  Area,Whitefield,1346.0,2.0,1.0,96.17,2
Super built-up  Area,Chandapura,630.0,1.0,0.0,13.86,1
Super built-up  Area,Sarjapur  Road,1476.0,2.0,2.0,98.94,3
Super built-up  Area,7th Phase JP Nagar,1850.0,3.0,2.0,140.0,3
Plot  Area,Frazer Town,2350.0,2.0,0.0,423.0,5
Super built-up  Area,Electronic City,755.0,1.0,1.0,34.0,2
Super built-up  Area,Other,1194.0,2.0,2.0,46.0,2
Super built-up  Area,Whitefield,3850.0,5.0,2.0,316.0,3
Super built-up  Area,Hebbal,4235.0,4.0,2.0,365.0,4
Plot  Area,Other,800.0,1.0,0.0,52.0,1
Super built-up  Area,Rachenahalli,2250.0,3.0,1.0,195.0,3
Super built-up  Area,Vijayanagar,1352.0,2.0,2.0,68.0,2
Super built-up  Area,Thanisandra,2002.0,3.0,2.0,112.0,3
Plot  Area,Other,4000.0,5.0,1.0,280.0,4
Built-up  Area,Kaval Byrasandra,1060.0,2.0,2.0,45.0,2
Super built-up  Area,Kanakpura Road,1419.59,2.0,1.0,59.0,3
Super built-up  Area,Raja Rajeshwari Nagar,1196.0,2.0,2.0,51.15,2
Built-up  Area,Electronic City,1220.0,2.0,2.0,35.24,3
Super built-up  Area,Electronics City Phase 1,1595.0,3.0,2.0,75.0,3
Super built-up  Area,Banashankari,1260.0,2.0,3.0,75.0,2
Super built-up  Area,Hebbal,1100.0,2.0,2.0,47.0,2
Super built-up  Area,Frazer Town,1550.0,2.0,2.0,140.0,2
Super built-up  Area,Other,1180.0,2.0,3.0,52.0,2
Plot  Area,Electronic City,4000.0,5.0,1.0,150.0,4
Built-up  Area,Akshaya Nagar,1662.0,3.0,2.0,85.0,3
Super built-up  Area,Ambedkar Nagar,1862.0,3.0,2.0,119.0,3
Super built-up  Area,Raja Rajeshwari Nagar,1419.0,2.0,2.0,48.0,2
Built-up  Area,Whitefield,1410.0,3.0,2.0,43.71,3
Super built-up  Area,Raja Rajeshwari Nagar,1560.0,2.0,2.0,62.4,3
Super built-up  Area,Thanisandra,1634.0,3.0,3.0,78.0,3
Plot  Area,Ambedkar Nagar,5530.0,5.0,3.0,627.0,5
Built-up  Area,Whitefield,1150.0,2.0,3.0,44.0,3
Super built-up  Area,Other,1100.0,2.0,2.0,53.0,2
Super built-up  Area,Yelahanka,1616.0,3.0,1.0,65.0,3
Super built-up  Area,Nagavarapalya,1392.0,2.0,1.0,99.0,2
Super built-up  Area,Jakkur,1798.0,3.0,1.0,120.0,3
Super built-up  Area,Babusapalaya,1675.0,3.0,3.0,75.0,3
Plot  Area,Other,792.0,2.0,1.0,70.0,2
Super built-up  Area,Other,2000.0,4.0,1.0,103.0,5
Super built-up  Area,Hebbal,1700.0,3.0,2.0,124.0,3
Super built-up  Area,Hulimavu,1248.0,2.0,1.0,69.0,2
Built-up  Area,Kalkere,1147.0,2.0,1.0,54.0,2
Super built-up  Area,Sultan Palaya,1100.0,2.0,2.0,40.0,2
Super built-up  Area,Vijayanagar,1527.0,3.0,2.0,115.0,3
Plot  Area,Other,2400.0,5.0,2.0,235.0,5
Super built-up  Area,Kanakpura Road,525.0,1.0,1.0,25.0,1
Super built-up  Area,Kaggadasapura,1100.0,2.0,3.0,58.0,2
Super built-up  Area,Seegehalli,1118.0,2.0,2.0,37.5,2
Super built-up  Area,Kanakapura,1476.0,3.0,1.0,75.0,3
Built-up  Area,Other,2100.0,3.0,1.0,75.0,3
Super built-up  Area,Other,1215.0,2.0,2.0,46.5,3
Super built-up  Area,Ambalipura,1332.0,2.0,1.0,79.0,2
Super built-up  Area,Hennur Road,1350.0,2.0,3.0,49.0,2
Super built-up  Area,NGR Layout,1105.0,2.0,2.0,49.73,2
Plot  Area,Padmanabhanagar,1500.0,2.0,1.0,200.0,3
Super built-up  Area,Kasavanhalli,1200.0,2.0,2.0,50.0,2
Super built-up  Area,Ramagondanahalli,1251.0,2.0,1.0,47.4,2
Super built-up  Area,Pai Layout,1400.0,2.0,3.0,67.0,3
Super built-up  Area,Rajaji Nagar,1800.0,3.0,3.0,260.0,3
Super built-up  Area,Hegde Nagar,1703.0,3.0,2.0,113.0,3
Super built-up  Area,NRI Layout,2500.0,5.0,3.0,130.0,5
Super built-up  Area,Varthur,1250.0,3.0,2.0,71.0,3
Super built-up  Area,Jigani,933.0,2.0,2.0,43.0,2
Plot  Area,Other,461.82,1.0,1.0,31.7,1
Super built-up  Area,Brookefield,1262.0,2.0,1.0,75.0,2
Super built-up  Area,Yelahanka,915.0,2.0,2.0,48.0,2
Super built-up  Area,Panathur,1370.0,2.0,2.0,61.5,3
Super built-up  Area,Malleshpalya,1210.0,2.0,3.0,55.0,2
Super built-up  Area,Kodihalli,2392.0,4.0,2.0,260.0,3
Plot  Area,Other,1500.0,2.0,0.0,85.0,3
Super built-up  Area,Other,1065.0,2.0,3.0,50.0,2
Super built-up  Area,Rajaji Nagar,3100.0,4.0,2.0,570.0,4
Super built-up  Area,Ramamurthy Nagar,1515.0,3.0,3.0,65.0,3
Plot  Area,Sarjapura - Attibele Road,1800.0,4.0,2.0,110.0,4
Super built-up  Area,Thanisandra,1445.0,2.0,3.0,40.31,3
Super built-up  Area,Uttarahalli,1300.0,2.0,1.0,55.0,3
Built-up  Area,Vijayanagar,989.0,2.0,0.0,60.0,2
Super built-up  Area,Jakkur,1300.0,2.0,1.0,85.0,2
Super built-up  Area,Chandapura,1185.0,2.0,2.0,30.22,3
Super built-up  Area,Marathahalli,1045.0,2.0,3.0,60.0,2
Super built-up  Area,Other,1205.0,2.0,2.0,42.18,2
Super built-up  Area,Other,1260.0,2.0,1.0,75.0,2
Super built-up  Area,Ulsoor,1500.0,2.0,2.0,125.0,3
Super built-up  Area,Bommanahalli,1250.0,2.0,2.0,42.5,3
Built-up  Area,Other,1199.0,2.0,2.0,50.0,2
Super built-up  Area,Hennur Road,1385.0,2.0,1.0,83.09,2
Super built-up  Area,Lakshminarayana Pura,1149.0,2.0,1.0,75.0,2
Super built-up  Area,Sarjapur  Road,2180.0,3.0,2.0,170.0,3
Super built-up  Area,Hulimavu,1818.0,3.0,1.0,135.0,3
Super built-up  Area,Other,1070.0,2.0,2.0,33.0,2
Super built-up  Area,Rajaji Nagar,1640.0,3.0,2.0,241.0,3
Built-up  Area,Nagarbhavi,1350.0,2.0,2.0,54.6,3
Built-up  Area,Chandapura,630.0,1.0,1.0,27.0,2
Super built-up  Area,Hoodi,1430.0,2.0,2.0,113.0,2
Super built-up  Area,Nagavara,2430.0,4.0,3.0,180.0,3
Super built-up  Area,Sarjapur  Road,1084.0,2.0,3.0,55.0,2
Super built-up  Area,Hennur Road,1186.0,2.0,1.0,56.0,3
Built-up  Area,Kengeri,1255.0,2.0,2.0,50.0,2
Super built-up  Area,Haralur Road,3400.0,5.0,3.0,240.0,4
Super built-up  Area,Hosa Road,1541.0,3.0,1.0,69.84,3
Super built-up  Area,Iblur Village,3596.0,5.0,1.0,282.0,4
Super built-up  Area,Raja Rajeshwari Nagar,1295.0,2.0,2.0,70.0,2
Built-up  Area,Other,2820.0,3.0,2.0,285.0,3
Super built-up  Area,7th Phase JP Nagar,1370.0,2.0,2.0,54.79,3
Super built-up  Area,Electronic City,1100.0,2.0,1.0,40.0,2
Super built-up  Area,Hebbal,4772.0,6.0,2.0,510.0,4
Super built-up  Area,Rajaji Nagar,1370.0,2.0,1.0,170.0,2
Super built-up  Area,7th Phase JP Nagar,1370.0,2.0,1.0,54.79,3
Super built-up  Area,JP Nagar,1200.0,2.0,2.0,62.0,2
Plot  Area,Gunjur,2000.0,3.0,0.0,95.0,4
Built-up  Area,9th Phase JP Nagar,3500.0,4.0,2.0,300.0,4
Plot  Area,Kengeri,2400.0,5.0,2.0,253.0,4
Super built-up  Area,Sarjapur  Road,1220.0,3.0,2.0,62.0,3
Built-up  Area,Other,1950.0,3.0,2.0,130.0,3
Super built-up  Area,Somasundara Palya,1178.0,2.0,3.0,73.0,2
Super built-up  Area,Dasanapura,1286.0,3.0,2.0,61.44,3
Super built-up  Area,Begur Road,1160.0,2.0,2.0,42.0,2
Super built-up  Area,Jigani,918.0,2.0,2.0,55.0,2
Super built-up  Area,Electronic City,1563.0,3.0,2.0,91.84,3
Super built-up  Area,Other,1326.0,2.0,1.0,62.17,2
Super built-up  Area,Other,1350.0,2.0,2.0,140.0,3
Super built-up  Area,Hebbal,3960.0,5.0,3.0,386.0,4
Super built-up  Area,Begur Road,1240.0,2.0,2.0,39.06,2
Super built-up  Area,Kaggadasapura,1325.0,2.0,2.0,50.0,2
Super built-up  Area,Sonnenahalli,1100.0,2.0,1.0,44.0,2
Super built-up  Area,Cunningham Road,3875.0,3.0,2.0,800.0,3
Super built-up  Area,Gollarapalya Hosahalli,1605.0,3.0,2.0,50.0,3
Super built-up  Area,Hennur Road,5600.0,5.0,3.0,515.0,5
Super built-up  Area,Somasundara Palya,1260.0,2.0,1.0,60.0,2
Super built-up  Area,Hoodi,1553.0,3.0,2.0,83.09,3
Super built-up  Area,Whitefield,1280.0,2.0,2.0,52.0,2
Super built-up  Area,Hebbal,1550.0,2.0,2.0,75.0,3
Super built-up  Area,Arekere,1445.0,2.0,2.0,125.0,3
Super built-up  Area,Murugeshpalya,1550.0,3.0,2.0,74.0,3
Super built-up  Area,Electronics City Phase 1,1515.0,2.0,1.0,80.91,3
Super built-up  Area,Hosa Road,1332.0,2.0,1.0,86.12,3
Super built-up  Area,Electronic City,1652.0,3.0,2.0,70.0,3
Super built-up  Area,Hegde Nagar,1570.0,3.0,1.0,105.0,3
Plot  Area,Sarjapur  Road,5400.0,4.0,3.0,725.0,4
Super built-up  Area,Sector 2 HSR Layout,794.0,1.0,1.0,60.0,1
Plot  Area,Seegehalli,1200.0,2.0,0.0,62.0,3
Built-up  Area,7th Phase JP Nagar,3600.0,3.0,2.0,410.0,4
Plot  Area,Hosakerehalli,1200.0,3.0,2.0,175.0,3
Super built-up  Area,JP Nagar,1650.0,3.0,1.0,220.0,4
Super built-up  Area,HRBR Layout,2800.0,3.0,2.0,250.0,3
Super built-up  Area,Sarjapur  Road,1750.0,3.0,2.0,110.0,3
Built-up  Area,Hebbal,1053.0,2.0,1.0,48.0,2
Super built-up  Area,Kadubeesanahalli,1665.0,3.0,3.0,70.0,3
Plot  Area,Other,4051.0,4.0,3.0,345.0,4
Plot  Area,Malleshwaram,5500.0,5.0,1.0,1500.0,4
Built-up  Area,Bommasandra,1447.0,3.0,2.0,80.0,3
Built-up  Area,Balagere,1012.0,2.0,1.0,75.0,2
Super built-up  Area,Malleshpalya,1900.0,3.0,2.0,60.0,3
Super built-up  Area,Narayanapura,1308.0,2.0,2.0,92.66,2
Super built-up  Area,Green Glen Layout,3250.0,4.0,2.0,230.0,4
Super built-up  Area,Hormavu,1351.0,2.0,1.0,53.0,1
Super built-up  Area,Electronic City,1000.0,2.0,2.0,22.0,2
Plot  Area,Other,1200.0,4.0,2.0,350.0,4
Super built-up  Area,Gunjur,1140.0,2.0,2.0,49.11,2
Super built-up  Area,Jakkur,3181.0,4.0,0.0,260.5,4
Built-up  Area,Uttarahalli,1250.0,2.0,1.0,55.0,3
Super built-up  Area,Kanakapura,1290.0,3.0,3.0,45.15,3
Super built-up  Area,Garudachar Palya,1320.0,2.0,2.0,60.6,3
Built-up  Area,Akshaya Nagar,1662.0,3.0,2.0,85.5,3
Super built-up  Area,Other,8321.0,5.0,3.0,2700.0,5
Built-up  Area,Koramangala,1975.0,3.0,2.0,210.0,3
Super built-up  Area,Garudachar Palya,1295.0,2.0,2.0,59.5,3
Super built-up  Area,Battarahalli,1777.0,3.0,2.0,100.0,3
Super built-up  Area,Kadugodi,1900.0,3.0,2.0,108.0,3
Super built-up  Area,Anandapura,1576.0,3.0,2.0,59.1,3
Super built-up  Area,Sompura,1020.0,2.0,3.0,41.0,2
Super built-up  Area,Other,2100.0,3.0,3.0,170.0,3
Super built-up  Area,Raja Rajeshwari Nagar,648.0,1.0,1.0,31.75,1
Super built-up  Area,Neeladri Nagar,1167.0,2.0,1.0,38.0,3
Super built-up  Area,Hoodi,1220.0,2.0,2.0,50.89,2
Super built-up  Area,Kogilu,2350.0,5.0,1.0,327.0,3
Super built-up  Area,Vittasandra,1259.0,2.0,1.0,67.4,2
Built-up  Area,Gottigere,2000.0,4.0,2.0,82.0,4
Super built-up  Area,8th Phase JP Nagar,1800.0,3.0,1.0,80.0,3
Built-up  Area,Other,1991.0,3.0,2.0,160.0,3
Super built-up  Area,Bannerghatta,1665.0,3.0,3.0,110.0,3
Built-up  Area,Other,1234.0,2.0,1.0,61.0,2
Super built-up  Area,Mysore Road,1340.0,2.0,2.0,64.31,3
Super built-up  Area,Banashankari,1170.0,2.0,2.0,46.79,2
Built-up  Area,Electronics City Phase 1,995.0,2.0,0.0,46.0,2
Super built-up  Area,Old Airport Road,1075.0,2.0,2.0,60.0,2
Super built-up  Area,Electronic City,1025.0,2.0,1.0,54.5,2
Super built-up  Area,Rachenahalli,2721.0,3.0,2.0,113.0,3
Super built-up  Area,Thanisandra,2000.0,3.0,2.0,99.0,3
Super built-up  Area,Whitefield,2500.0,4.0,3.0,155.0,4
Super built-up  Area,Mallasandra,1325.0,2.0,2.0,70.0,2
Super built-up  Area,Kadugodi,1314.0,2.0,3.0,68.2,2
Super built-up  Area,Kanakpura Road,2265.0,3.0,2.0,136.0,3
Built-up  Area,7th Phase JP Nagar,4800.0,7.0,0.0,170.0,7
Super built-up  Area,Yelahanka,1026.0,2.0,1.0,41.0,2
Built-up  Area,Other,1200.0,3.0,2.0,66.0,3
Built-up  Area,Other,2220.0,4.0,2.0,65.0,3
Super built-up  Area,KR Puram,1192.5,2.0,0.0,51.22,2
Super built-up  Area,Hebbal,1420.0,2.0,1.0,99.39,2
Super built-up  Area,Sarjapur  Road,1888.0,4.0,1.0,95.0,3
Super built-up  Area,JP Nagar,1300.0,2.0,1.0,90.87,2
Super built-up  Area,Rajaji Nagar,1216.0,2.0,0.0,97.16,2
Plot  Area,Other,3000.0,4.0,3.0,342.0,4
Built-up  Area,Begur,1559.0,3.0,2.0,63.0,3
Super built-up  Area,Harlur,1290.0,2.0,1.0,87.0,2
Plot  Area,Other,2400.0,6.0,2.0,245.0,6
Built-up  Area,Whitefield,905.0,1.0,1.0,55.0,1
Built-up  Area,Other,1069.0,2.0,2.0,55.0,2
Super built-up  Area,Sarjapura - Attibele Road,829.0,2.0,1.0,22.8,2
Built-up  Area,Koramangala,1900.0,2.0,1.0,200.0,2
Built-up  Area,Sarjapur  Road,1300.0,3.0,2.0,60.0,3
Super built-up  Area,Channasandra,1115.0,2.0,1.0,33.45,2
Super built-up  Area,Rajaji Nagar,2409.0,3.0,2.0,360.0,3
Super built-up  Area,Ambedkar Nagar,2150.0,4.0,2.0,125.0,3
Super built-up  Area,Marathahalli,1305.0,2.0,1.0,69.0,3
Super built-up  Area,Kanakpura Road,1252.0,2.0,1.0,56.32,2
Plot  Area,Hosakerehalli,2400.0,5.0,2.0,250.0,5
Plot  Area,Whitefield,1200.0,2.0,1.0,46.13,2
Built-up  Area,Koramangala,1750.0,3.0,1.0,130.0,3
Plot  Area,Other,1375.0,2.0,1.0,105.0,2
Super built-up  Area,Subramanyapura,1313.0,2.0,2.0,66.5,2
Plot  Area,Attibele,3640.0,4.0,1.0,275.0,4
Super built-up  Area,Other,1693.0,3.0,2.0,108.0,3
Super built-up  Area,Other,1160.0,2.0,1.0,41.75,2
Plot  Area,Other,1200.0,3.0,0.0,200.0,3
Super built-up  Area,Subramanyapura,1255.0,2.0,2.0,79.0,3
Built-up  Area,Other,900.0,2.0,1.0,45.0,2
Super built-up  Area,Yelahanka New Town,1700.0,3.0,2.0,90.0,3
Carpet  Area,Indira Nagar,1875.0,3.0,1.0,180.0,3
Carpet  Area,Uttarahalli,1700.0,3.0,2.0,88.0,3
Super built-up  Area,Harlur,1749.0,3.0,2.0,115.0,3
Plot  Area,Dasanapura,1500.0,3.0,1.0,65.0,2
Super built-up  Area,Other,1175.0,2.0,1.0,48.0,2
Built-up  Area,Akshaya Nagar,1280.0,2.0,1.0,60.0,2
Built-up  Area,Other,1200.0,2.0,2.0,50.0,2
Super built-up  Area,Ramagondanahalli,1610.0,2.0,2.0,115.0,3
Super built-up  Area,Electronic City,1070.0,2.0,1.0,46.0,2
Plot  Area,TC Palaya,1200.0,2.0,0.0,66.0,2
Super built-up  Area,9th Phase JP Nagar,1127.0,2.0,1.0,50.0,2
Built-up  Area,Indira Nagar,1210.0,2.0,1.0,102.0,2
Built-up  Area,Other,600.0,2.0,1.0,23.0,2
Super built-up  Area,Thigalarapalya,4190.0,4.0,3.0,380.0,4
Super built-up  Area,Other,1364.0,2.0,2.0,70.0,2
Super built-up  Area,Whitefield,2268.0,3.0,0.0,146.0,4
Super built-up  Area,Other,1150.0,2.0,2.0,77.5,3
Super built-up  Area,Other,1146.0,2.0,1.0,39.5,2
Built-up  Area,Magadi Road,1345.0,2.0,2.0,55.0,2
Super built-up  Area,Other,1110.0,2.0,2.0,41.0,2
Built-up  Area,Kengeri,750.0,2.0,1.0,36.0,2
Built-up  Area,Other,1156.0,2.0,2.0,49.5,2
Super built-up  Area,Pattandur Agrahara,1247.0,2.0,1.0,59.8,2
Super built-up  Area,Other,1058.0,2.0,2.0,60.0,2
Super built-up  Area,Kaggalipura,950.0,2.0,1.0,48.0,2
Super built-up  Area,Vijayanagar,1520.0,2.0,1.0,103.0,3
Built-up  Area,Other,900.0,1.0,1.0,30.0,1
Super built-up  Area,Hennur Road,2350.0,3.0,2.0,174.0,3
Super built-up  Area,Thanisandra,1050.0,2.0,2.0,46.0,2
Super built-up  Area,Other,1672.0,3.0,2.0,150.0,3
Plot  Area,Laggere,2800.0,5.0,2.0,125.0,5
Super built-up  Area,Other,1500.0,2.0,2.0,65.0,3
Super built-up  Area,Other,1400.0,2.0,2.0,65.0,2
Plot  Area,Whitefield,4500.0,4.0,2.0,378.0,4
Built-up  Area,8th Phase JP Nagar,2700.0,4.0,2.0,130.0,4
Super built-up  Area,Bommasandra,920.0,2.0,1.0,37.46,2
Plot  Area,Sarjapur  Road,1200.0,3.0,2.0,70.0,3
Built-up  Area,Other,1250.0,3.0,2.0,139.0,3
Super built-up  Area,Hosakerehalli,1817.0,4.0,2.0,153.0,3
Plot  Area,Cooke Town,2043.0,6.0,2.0,375.0,5
Built-up  Area,Yelahanka,4346.0,4.0,1.0,450.0,4
Super built-up  Area,Haralur Road,1464.0,2.0,2.0,56.0,2
Super built-up  Area,Other,1468.0,3.0,2.0,130.0,2
Super built-up  Area,Electronics City Phase 1,1555.0,2.0,1.0,82.0,3
Built-up  Area,Whitefield,1150.0,2.0,0.0,55.0,2
Super built-up  Area,Kadubeesanahalli,970.0,2.0,1.0,35.0,2
Super built-up  Area,Banashankari,2500.0,4.0,3.0,95.0,4
Super built-up  Area,Other,1166.0,2.0,1.0,53.0,2
Plot  Area,Konanakunte,2779.0,3.0,1.0,317.0,3
Super built-up  Area,Electronic City,1350.0,3.0,2.0,58.0,3
Built-up  Area,Other,900.0,2.0,3.0,46.0,2
Built-up  Area,Other,1190.0,3.0,1.0,55.0,3
Super built-up  Area,Kodichikkanahalli,1495.0,2.0,2.0,75.0,3
Built-up  Area,Indira Nagar,1224.0,2.0,2.0,105.0,2
Super built-up  Area,Banashankari Stage III,1350.0,2.0,2.0,68.0,3
Built-up  Area,Green Glen Layout,940.0,2.0,1.0,56.8,2
Super built-up  Area,Raja Rajeshwari Nagar,1100.0,2.0,1.0,55.0,2
Super built-up  Area,Kaikondrahalli,1300.0,2.0,2.0,61.0,2
Built-up  Area,Other,1480.0,2.0,0.0,145.0,3
Super built-up  Area,Hoodi,1105.0,2.0,2.0,46.37,2
Plot  Area,Sarjapur  Road,2600.0,3.0,2.0,200.0,3
Super built-up  Area,Yelahanka,1517.0,3.0,2.0,76.3,3
Built-up  Area,Horamavu Banaswadi,3800.0,8.0,0.0,200.0,6
Super built-up  Area,Jalahalli,1615.0,3.0,2.0,89.75,3
Super built-up  Area,Other,1500.0,3.0,2.0,65.0,3
Super built-up  Area,Mysore Road,1082.0,3.0,1.0,50.5,3
Super built-up  Area,Marathahalli,1365.0,2.0,2.0,73.0,2
Super built-up  Area,Electronic City,1000.0,2.0,3.0,25.0,2
Super built-up  Area,CV Raman Nagar,1392.0,2.0,1.0,98.0,2
Super built-up  Area,Other,1086.0,2.0,1.0,33.66,2
Super built-up  Area,Hennur Road,1586.0,3.0,3.0,93.94,3
Built-up  Area,Hennur,1100.0,2.0,1.0,60.0,2
Super built-up  Area,Electronic City Phase II,1065.0,2.0,1.0,30.75,2
Plot  Area,TC Palaya,1500.0,2.0,1.0,120.0,3
Built-up  Area,7th Phase JP Nagar,1575.0,2.0,2.0,120.0,3
Super built-up  Area,Hennur Road,1975.0,3.0,3.0,123.0,3
Super built-up  Area,Other,820.0,2.0,2.0,24.0,2
Super built-up  Area,Gubbalala,1745.0,3.0,2.0,110.0,3
Super built-up  Area,Nagarbhavi,1223.0,2.0,1.0,60.0,2
Super built-up  Area,Ananth Nagar,1200.0,2.0,1.0,65.0,3
Super built-up  Area,Basaveshwara Nagar,1200.0,2.0,0.0,90.0,2
Super built-up  Area,Binny Pete,665.0,1.0,1.0,46.08,1
Super built-up  Area,Bharathi Nagar,1351.0,2.0,2.0,70.0,2
Super built-up  Area,Hebbal,1355.0,3.0,1.0,83.87,3
Built-up  Area,Sector 7 HSR Layout,3900.0,3.0,2.0,300.0,3
Super built-up  Area,Thanisandra,1588.0,3.0,1.0,75.55,3
Carpet  Area,Amruthahalli,900.0,2.0,1.0,60.0,2
Built-up  Area,Harlur,3385.0,4.0,2.0,260.0,4
Super built-up  Area,Panathur,1370.0,2.0,2.0,75.0,3
Plot  Area,Whitefield,1500.0,3.0,1.0,71.8,3
Super built-up  Area,Other,2280.0,3.0,2.0,285.0,3
Super built-up  Area,Kanakpura Road,1100.0,3.0,2.0,53.0,3
Built-up  Area,Hoodi,1247.0,2.0,0.0,53.0,2
Super built-up  Area,Other,2000.0,3.0,2.0,200.0,3
Super built-up  Area,Balagere,1020.07,2.0,1.0,68.38,2
Super built-up  Area,Gunjur Palya,1033.0,2.0,2.0,32.0,3
Built-up  Area,Other,1460.0,2.0,3.0,73.0,3
Super built-up  Area,Garudachar Palya,1150.0,2.0,2.0,52.8,2
Super built-up  Area,Sarjapur  Road,5965.0,5.0,2.0,385.0,5
Super built-up  Area,Babusapalaya,1141.0,2.0,1.0,46.0,2
Super built-up  Area,Yelahanka,2912.5,6.0,0.0,125.5,4
Plot  Area,Doddaballapur,4200.0,4.0,3.0,325.0,4
Super built-up  Area,Hosa Road,1665.0,2.0,3.0,125.0,3
Super built-up  Area,Kanakapura,1295.0,2.0,2.0,64.0,2
Super built-up  Area,Haralur Road,1230.0,2.0,1.0,78.0,2
Super built-up  Area,Other,1080.0,2.0,2.0,75.0,3
Super built-up  Area,Kaggalipura,1000.0,2.0,1.0,60.0,2
Super built-up  Area,Kaval Byrasandra,2400.0,2.0,0.0,50.0,3
Super built-up  Area,Whitefield,630.5,1.0,0.0,32.79,1
Super built-up  Area,Rayasandra,1708.0,3.0,2.0,75.0,3
Super built-up  Area,Thanisandra,1697.0,3.0,2.0,115.0,3
Super built-up  Area,Whitefield,3537.0,5.0,3.0,210.0,4
Super built-up  Area,Hosa Road,615.0,1.0,1.0,28.29,1
Built-up  Area,Banashankari,1350.0,2.0,0.0,83.0,3
Super built-up  Area,Kanakpura Road,1530.0,2.0,2.0,66.4,3
Super built-up  Area,Jalahalli,1083.0,2.0,1.0,32.49,2
Super built-up  Area,Gottigere,1460.0,2.0,2.0,65.0,3
Super built-up  Area,Babusapalaya,1084.0,2.0,1.0,58.0,2
Super built-up  Area,Bommasandra,1035.0,2.0,1.0,41.43,2
Super built-up  Area,Other,2400.0,2.0,1.0,150.0,3
Super built-up  Area,Hosur Road,460.0,1.0,1.0,21.0,1
Super built-up  Area,Whitefield,1285.0,2.0,2.0,55.9,2
Plot  Area,Sarjapur,1200.0,3.0,2.0,78.0,3
Built-up  Area,Other,1070.0,2.0,1.0,35.0,2
Super built-up  Area,Hegde Nagar,1801.0,3.0,2.0,140.0,3
Super built-up  Area,Whitefield,1697.0,3.0,2.0,115.0,3
Super built-up  Area,AECS Layout,1199.0,2.0,2.0,65.0,2
Super built-up  Area,Iblur Village,2300.0,3.0,1.0,220.0,3
Super built-up  Area,Mysore Road,1340.0,2.0,3.0,64.31,3
Super built-up  Area,Marathahalli,3800.0,4.0,3.0,205.0,4
Super built-up  Area,Other,1125.0,2.0,1.0,75.0,2
Plot  Area,Anandapura,1200.0,2.0,1.0,67.0,2
Built-up  Area,Subramanyapura,1050.0,2.0,3.0,41.0,2
Built-up  Area,Nagarbhavi,956.0,2.0,1.0,49.0,2
Super built-up  Area,Sarjapur,1000.0,2.0,2.0,30.0,2
Built-up  Area,Other,1596.0,3.0,0.0,95.0,3
Super built-up  Area,Kanakpura Road,1296.0,2.0,3.0,89.06,2
Built-up  Area,Other,1639.0,3.0,3.0,123.0,3
Super built-up  Area,Electronic City Phase II,1219.0,2.0,1.0,61.25,2
Built-up  Area,Uttarahalli,1200.0,3.0,1.0,50.0,3
Super built-up  Area,Bannerghatta Road,1218.0,2.0,1.0,73.0,2
Super built-up  Area,Other,920.0,2.0,3.0,37.0,2
Super built-up  Area,Yeshwanthpur,2559.0,3.0,2.0,141.0,3
Super built-up  Area,Other,525.0,1.0,1.0,26.0,1
Super built-up  Area,Bannerghatta Road,1427.0,2.0,2.0,48.51,3
Super built-up  Area,Kothannur,1270.0,3.0,2.0,45.0,3
Built-up  Area,Ramagondanahalli,920.0,2.0,3.0,65.0,2
Built-up  Area,Dommasandra,2700.0,3.0,2.0,68.0,4
Super built-up  Area,Other,1740.0,3.0,2.0,199.0,3
Built-up  Area,Ramamurthy Nagar,1355.0,2.0,2.0,40.0,3
Super built-up  Area,Lingadheeranahalli,1530.0,2.0,2.0,90.0,3
Carpet  Area,Other,1372.0,2.0,1.0,90.0,3
Super built-up  Area,Nehru Nagar,2363.0,5.0,2.0,120.0,4
Super built-up  Area,Marathahalli,3895.0,4.0,3.0,220.0,4
Super built-up  Area,Jakkur,1950.0,3.0,2.0,131.0,3
Built-up  Area,Other,885.0,2.0,3.0,40.0,2
Built-up  Area,Yelahanka,600.0,2.0,2.0,27.0,2
Plot  Area,Vijayanagar,1380.0,2.0,0.0,225.0,2
Super built-up  Area,Kanakpura Road,1339.0,2.0,2.0,62.0,2
Super built-up  Area,Whitefield,1130.0,2.0,1.0,36.0,2
Built-up  Area,Uttarahalli,1085.0,2.0,2.0,43.0,2
Built-up  Area,Yeshwanthpur,1430.0,3.0,2.0,72.0,3
Carpet  Area,Bhoganhalli,1451.5,4.0,1.0,121.0,4
Super built-up  Area,Other,6200.0,5.0,2.0,720.0,5
Super built-up  Area,Other,1490.0,2.0,1.0,59.6,3
Built-up  Area,Other,1650.0,4.0,0.0,99.0,4
Super built-up  Area,Bellandur,1286.0,2.0,2.0,57.0,2
Built-up  Area,Other,925.0,2.0,2.0,63.0,2
Super built-up  Area,Bellandur,3016.0,4.0,3.0,230.0,4
Built-up  Area,Haralur Road,1000.0,2.0,2.0,44.0,2
Super built-up  Area,Whitefield,1215.0,2.0,2.0,39.0,2
Plot  Area,Other,1200.0,3.0,1.0,95.0,4
Super built-up  Area,Lakshminarayana Pura,1336.0,2.0,2.0,100.0,2
Super built-up  Area,Yeshwanthpur,673.0,1.0,1.0,36.85,1
Plot  Area,Anandapura,1200.0,2.0,1.0,58.0,2
Super built-up  Area,Malleshwaram,1600.0,3.0,3.0,160.0,3
Plot  Area,Other,1200.0,2.0,0.0,79.0,2
Plot  Area,Indira Nagar,2480.0,4.0,1.0,750.0,6
Super built-up  Area,Other,2500.0,3.0,2.0,270.0,3
Plot  Area,Devanahalli,2400.0,5.0,3.0,100.0,5
Super built-up  Area,Sector 2 HSR Layout,1143.0,2.0,2.0,65.0,2
Super built-up  Area,Kanakpura Road,1470.0,2.0,2.0,61.74,2
Plot  Area,Other,1584.0,3.0,2.0,145.0,4
Super built-up  Area,Marathahalli,1785.0,3.0,2.0,94.0,3
Super built-up  Area,Koramangala,2292.0,3.0,2.0,286.0,3
Super built-up  Area,Kothanur,1460.0,3.0,3.0,71.0,3
Super built-up  Area,Kasturi Nagar,1500.0,2.0,3.0,80.0,3
Built-up  Area,Sanjay nagar,3300.0,3.0,2.0,250.0,5
Super built-up  Area,Chikkalasandra,1230.0,2.0,2.0,48.0,2
Super built-up  Area,Yelahanka New Town,650.0,1.0,1.0,20.0,1
Super built-up  Area,Benson Town,1480.0,2.0,2.0,120.0,2
Super built-up  Area,Thanisandra,1220.0,2.0,1.0,43.92,2
Super built-up  Area,Other,1570.0,3.0,1.0,115.0,3
Built-up  Area,Sadashiva Nagar,3000.0,3.0,3.0,400.0,3
Super built-up  Area,Mallasandra,1665.0,3.0,2.0,86.91,3
Plot  Area,Other,1350.0,3.0,1.0,380.0,3
Plot  Area,Sarjapur  Road,4000.0,5.0,2.0,600.0,4
Plot  Area,Ramamurthy Nagar,1100.0,2.0,0.0,68.0,2
Super built-up  Area,Kathriguppe,1350.0,2.0,1.0,87.01,3
Built-up  Area,Kasavanhalli,1719.0,3.0,2.0,116.0,3
Super built-up  Area,Budigere,664.0,1.0,1.0,35.0,1
Super built-up  Area,Sonnenahalli,1011.0,2.0,1.0,50.53,2
Built-up  Area,Other,2400.0,6.0,0.0,130.0,6
Super built-up  Area,Other,1680.0,3.0,2.0,85.0,3
Super built-up  Area,Yeshwanthpur,717.0,2.0,0.0,49.475,2
Super built-up  Area,Whitefield,1520.0,2.0,2.0,150.0,3
Carpet  Area,Uttarahalli,1350.0,2.0,2.0,53.0,3
Super built-up  Area,Kothanur,1760.0,3.0,2.0,150.0,3
Super built-up  Area,Pattandur Agrahara,875.0,2.0,1.0,33.0,2
Super built-up  Area,Hennur,1231.0,2.0,2.0,48.0,2
Super built-up  Area,Somasundara Palya,1174.0,2.0,3.0,74.0,2
Built-up  Area,Munnekollal,1560.0,3.0,3.0,75.0,3
Super built-up  Area,Other,1464.0,2.0,2.0,56.0,2
Plot  Area,Kanakpura Road,2200.0,3.0,2.0,130.0,3
Built-up  Area,Shivaji Nagar,850.0,2.0,2.0,55.0,2
Built-up  Area,Other,1750.0,3.0,1.0,180.0,3
Super built-up  Area,1st Phase JP Nagar,2024.0,3.0,2.0,157.0,3
Plot  Area,Other,1500.0,1.0,0.0,160.0,2
Plot  Area,Other,2100.0,6.0,2.0,275.0,6
Super built-up  Area,Kodihalli,2408.0,4.0,2.0,260.0,3
Super built-up  Area,Devanahalli,1080.0,2.0,1.0,44.0,2
Super built-up  Area,Indira Nagar,2070.0,3.0,2.0,225.0,3
Built-up  Area,Electronic City,1020.0,2.0,1.0,29.46,2
Super built-up  Area,Begur Road,1500.0,2.0,3.0,55.0,3
Plot  Area,Other,1575.0,5.0,1.0,158.0,4
Plot  Area,Kodichikkanahalli,3250.0,4.0,1.0,180.0,4
Super built-up  Area,Uttarahalli,1175.0,2.0,1.0,47.0,2
Super built-up  Area,Channasandra,1030.0,2.0,1.0,34.5,2
Super built-up  Area,Hebbal,1440.0,2.0,1.0,115.0,2
Built-up  Area,Hoodi,1500.0,2.0,1.0,84.0,2
Plot  Area,Thanisandra,1380.0,1.0,1.0,62.1,1
Built-up  Area,Other,1200.0,2.0,3.0,50.0,2
Built-up  Area,Other,705.0,1.0,2.0,36.5,1
Super built-up  Area,Harlur,2240.0,5.0,2.0,155.0,3
Super built-up  Area,Hegde Nagar,1584.01,3.0,1.0,103.0,3
Super built-up  Area,Other,1340.0,3.0,3.0,77.0,3
Super built-up  Area,Other,1800.0,3.0,2.0,70.0,3
Super built-up  Area,R.T. Nagar,1200.0,2.0,3.0,45.0,2
Super built-up  Area,Sarjapur  Road,685.0,1.0,1.0,40.0,1
Super built-up  Area,Kalkere,925.0,2.0,3.0,42.0,2
Super built-up  Area,Other,1230.0,2.0,2.0,57.0,2
Super built-up  Area,Kodichikkanahalli,1125.0,2.0,1.0,52.0,2
Super built-up  Area,Hebbal,1100.0,2.0,1.0,54.0,2
Plot  Area,Jigani,2400.0,3.0,2.0,149.0,3
Super built-up  Area,Electronic City Phase II,1400.0,2.0,2.0,41.58,3
Super built-up  Area,Jakkur,1858.0,3.0,1.0,98.3,3
Plot  Area,Other,1260.0,1.0,1.0,41.0,1
Built-up  Area,Ambedkar Nagar,3530.0,4.0,2.0,290.0,4
Super built-up  Area,HSR Layout,1185.0,2.0,2.0,60.0,2
Plot  Area,Other,1200.0,2.0,1.0,216.0,2
Super built-up  Area,Hennur,1255.0,2.0,1.0,58.0,2
Super built-up  Area,Rajaji Nagar,3436.0,6.0,3.0,475.0,4
Built-up  Area,Kudlu Gate,1335.0,3.0,2.0,89.0,3
Super built-up  Area,Dodda Nekkundi,1999.0,3.0,2.0,132.0,3
Plot  Area,Other,1200.0,2.0,1.0,125.0,2
Super built-up  Area,Kundalahalli,1397.0,3.0,2.0,110.0,3
Super built-up  Area,Cooke Town,3950.0,4.0,2.0,450.0,4
Plot  Area,Yelahanka New Town,1200.0,2.0,1.0,130.0,2
Plot  Area,Chikka Tirupathi,1616.0,3.0,0.0,95.0,3
Built-up  Area,Other,1270.0,2.0,1.0,175.0,4
Super built-up  Area,Raja Rajeshwari Nagar,1140.0,2.0,2.0,38.55,2
Super built-up  Area,Kanakpura Road,525.0,1.0,1.0,30.0,1
Plot  Area,Varthur,1200.0,2.0,1.0,98.0,3
Built-up  Area,Other,700.0,1.0,1.0,162.0,1
Super built-up  Area,Balagere,1205.47,2.0,1.0,81.0,2
Plot  Area,Other,1200.0,3.0,2.0,130.0,3
Super built-up  Area,Electronic City,1700.0,3.0,2.0,75.0,3
Super built-up  Area,Kanakpura Road,1090.0,2.0,1.0,54.54,2
Super built-up  Area,Yeshwanthpur,3600.0,5.0,2.0,220.0,4
Built-up  Area,Kundalahalli,2400.0,1.0,0.0,650.0,1
Super built-up  Area,Thanisandra,923.0,1.0,1.0,60.84,1
Super built-up  Area,Other,3595.0,6.0,2.0,360.0,4
Super built-up  Area,Green Glen Layout,1050.0,2.0,2.0,48.0,2
Super built-up  Area,Whitefield,1495.0,2.0,2.0,79.5,2
Super built-up  Area,Hennur Road,1664.0,2.0,2.0,93.865,3
Built-up  Area,Narayanapura,1485.0,3.0,2.0,85.0,3
Super built-up  Area,Dommasandra,1033.0,2.0,2.0,31.5,3
Super built-up  Area,Electronic City,1400.0,2.0,1.0,48.0,3
Built-up  Area,Indira Nagar,500.0,1.0,0.0,70.0,1
Super built-up  Area,Sarjapur  Road,944.0,2.0,1.0,35.0,2
Built-up  Area,Whitefield,3250.0,5.0,0.0,290.0,5
Super built-up  Area,Whitefield,1216.0,2.0,1.0,66.48,2
Super built-up  Area,Other,1100.0,2.0,1.0,39.5,2
Super built-up  Area,Thanisandra,1743.0,3.0,2.0,93.25,3
Super built-up  Area,Yelahanka,1274.0,2.0,2.0,48.42,2
Super built-up  Area,Other,2500.0,3.0,2.0,425.0,3
Super built-up  Area,Mysore Road,1512.0,2.0,2.0,110.0,3
Super built-up  Area,Other,3100.0,5.0,1.0,385.0,4
Super built-up  Area,Cox Town,1650.0,3.0,3.0,100.0,3
Built-up  Area,Doddathoguru,1875.0,3.0,1.0,55.0,3
Built-up  Area,Whitefield,1350.0,3.0,2.0,54.0,3
Super built-up  Area,Other,1219.0,2.0,2.0,40.0,2
Plot  Area,Other,1200.0,4.0,1.0,150.0,4
Plot  Area,Sarjapura - Attibele Road,2400.0,3.0,3.0,85.0,3
Super built-up  Area,Hormavu,1141.0,2.0,1.0,44.4,2
Super built-up  Area,Anandapura,1151.0,2.0,1.0,43.1,2
Super built-up  Area,Sarjapur  Road,915.0,2.0,1.0,38.0,2
Plot  Area,Other,3259.0,3.0,0.0,270.0,3
Super built-up  Area,Bannerghatta Road,1115.0,2.0,1.0,65.12,2
Super built-up  Area,Thigalarapalya,2072.0,4.0,2.0,139.0,3
Super built-up  Area,Kaggadasapura,1200.0,2.0,2.0,53.0,2
Super built-up  Area,Singasandra,1300.0,2.0,2.0,65.0,2
Super built-up  Area,Bellandur,1457.0,2.0,2.0,85.0,2
Super built-up  Area,Kannamangala,1262.0,2.0,2.0,55.0,2
Super built-up  Area,Ananth Nagar,900.0,2.0,2.0,22.5,2
Built-up  Area,Attibele,420.0,1.0,1.0,17.0,1
Super built-up  Area,Kanakapura,1160.0,2.0,1.0,46.39,2
Super built-up  Area,Kasavanhalli,1115.0,2.0,2.0,50.0,2
Built-up  Area,JP Nagar,1315.0,2.0,1.0,85.4,3
Built-up  Area,Babusapalaya,1500.0,2.0,2.0,57.0,2
Super built-up  Area,HSR Layout,1127.0,2.0,1.0,68.0,2
Super built-up  Area,Kundalahalli,1397.0,3.0,2.0,104.0,3
Built-up  Area,Whitefield,1173.0,2.0,1.0,60.0,2
Super built-up  Area,Sompura,1090.0,2.0,2.0,28.0,2
Super built-up  Area,Sarjapur  Road,2720.0,5.0,2.0,210.0,3
Super built-up  Area,Jakkur,1230.0,2.0,1.0,76.0,2
Super built-up  Area,Other,3200.0,3.0,3.0,190.0,4
Super built-up  Area,Sarjapur  Road,858.0,2.0,1.0,31.57,2
Super built-up  Area,Talaghattapura,1868.0,3.0,1.0,121.0,3
Super built-up  Area,Uttarahalli,1689.28,3.0,2.0,91.2,3
Super built-up  Area,Banashankari,1425.0,3.0,3.0,49.88,3
Plot  Area,Tindlu,1350.0,2.0,1.0,100.0,2
Built-up  Area,Channasandra,4200.0,6.0,0.0,180.0,6
Super built-up  Area,Uttarahalli,1310.0,2.0,1.0,85.0,3
Super built-up  Area,Haralur Road,3185.0,2.0,2.0,175.0,4
Super built-up  Area,Other,970.0,2.0,1.0,40.0,2
Super built-up  Area,Kundalahalli,1397.0,3.0,3.0,108.0,3
Super built-up  Area,Sarjapur,1157.0,2.0,1.0,40.0,2
Super built-up  Area,Kasavanhalli,1125.0,2.0,1.0,61.2,2
Super built-up  Area,Sonnenahalli,1157.0,2.0,1.0,42.0,2
Super built-up  Area,Sarjapur  Road,1241.0,2.0,1.0,82.0,2
Super built-up  Area,Binny Pete,660.0,1.0,1.0,62.0,1
Built-up  Area,Marathahalli,4000.0,4.0,3.0,220.0,4
Super built-up  Area,Rajiv Nagar,2340.0,4.0,1.0,148.0,4
Built-up  Area,Other,596.0,1.0,1.0,42.0,1
Plot  Area,Other,1200.0,4.0,3.0,110.0,4
Super built-up  Area,Other,1910.0,3.0,1.0,190.0,3
Super built-up  Area,Brookefield,1139.0,2.0,2.0,80.0,2
Super built-up  Area,Thigalarapalya,3122.0,5.0,2.0,225.0,4
Super built-up  Area,Sarjapura - Attibele Road,1033.0,2.0,2.0,28.41,2
Super built-up  Area,Yeshwanthpur,1168.0,2.0,2.0,64.08,2
Super built-up  Area,Chandapura,877.0,2.0,3.0,42.0,2
Built-up  Area,Electronics City Phase 1,1340.0,2.0,2.0,75.0,2
Built-up  Area,Other,1405.0,2.0,2.0,70.0,3
Super built-up  Area,Other,1800.0,3.0,3.0,65.0,3
Built-up  Area,Other,1750.0,3.0,3.0,149.0,3
Super built-up  Area,Other,1360.0,2.0,1.0,65.0,3
Super built-up  Area,Other,985.0,2.0,1.0,63.0,2
Super built-up  Area,Other,1300.0,2.0,1.0,129.0,2
Super built-up  Area,7th Phase JP Nagar,1850.0,3.0,2.0,150.0,3
Super built-up  Area,Other,1490.0,2.0,3.0,88.0,3
Super built-up  Area,Other,620.0,1.0,1.0,25.0,2
Super built-up  Area,Hormavu,1130.0,2.0,1.0,42.3,2
Super built-up  Area,Yelachenahalli,1080.0,2.0,2.0,55.0,2
Built-up  Area,Singasandra,3126.0,4.0,2.0,120.0,4
Super built-up  Area,Begur Road,1410.0,2.0,3.0,52.17,3
Super built-up  Area,Bommanahalli,1375.0,3.0,2.0,59.0,3
Super built-up  Area,Hennur Road,1290.0,2.0,1.0,94.5,3
Super built-up  Area,Hosa Road,1318.0,2.0,1.0,85.28,3
Super built-up  Area,Electronic City,1128.0,2.0,1.0,68.0,2
Plot  Area,Other,4428.0,4.0,2.0,255.0,4
Super built-up  Area,Kanakpura Road,1051.0,2.0,2.0,56.74,2
Plot  Area,Kengeri,3500.0,5.0,0.0,275.0,3
Plot  Area,Kannamangala,2400.0,4.0,1.0,130.0,4
Super built-up  Area,Yelahanka,1327.0,2.0,3.0,85.0,2
Super built-up  Area,Thigalarapalya,2912.0,6.0,2.0,210.0,4
Super built-up  Area,Other,1301.0,2.0,2.0,55.0,2
Super built-up  Area,Other,650.0,1.0,0.0,30.0,1
Plot  Area,Varthur,1200.0,3.0,1.0,67.75,3
Super built-up  Area,Other,1500.0,2.0,2.0,89.99,3
Plot  Area,Other,2700.0,6.0,2.0,675.0,4
Plot  Area,Other,1350.0,4.0,2.0,145.0,4
Built-up  Area,Electronic City Phase II,1000.0,2.0,1.0,28.88,2
Super built-up  Area,Sarjapur  Road,984.0,2.0,1.0,45.91,2
Super built-up  Area,Jakkur,1819.18,3.0,1.0,160.0,3
Built-up  Area,Nagarbhavi,900.0,1.0,0.0,175.0,1
Super built-up  Area,Hebbal,1355.0,3.0,1.0,83.87,3
Super built-up  Area,Sarakki Nagar,2145.0,4.0,1.0,270.0,3
Super built-up  Area,Malleshwaram,2475.0,4.0,3.0,300.0,3
Super built-up  Area,Kaggadasapura,1118.0,2.0,0.0,30.0,2
Super built-up  Area,Other,910.0,1.0,1.0,42.0,1
Super built-up  Area,Other,1250.0,3.0,2.0,39.0,3
Super built-up  Area,Hosakerehalli,1304.0,2.0,3.0,100.0,2
Super built-up  Area,Begur Road,1615.0,3.0,2.0,58.0,3
Super built-up  Area,Sarjapur  Road,1400.0,2.0,2.0,68.0,2
Super built-up  Area,CV Raman Nagar,1070.0,2.0,2.0,47.5,2
Super built-up  Area,Hebbal,3500.0,3.0,3.0,395.0,3
Super built-up  Area,Hoodi,1132.0,2.0,1.0,89.37,2
Super built-up  Area,Other,2000.0,3.0,2.0,85.0,3
Plot  Area,Hebbal,2400.0,5.0,1.0,550.0,7
Super built-up  Area,Sector 2 HSR Layout,794.0,1.0,2.0,65.0,1
Super built-up  Area,Raja Rajeshwari Nagar,1090.0,2.0,2.0,43.59,2
Super built-up  Area,Gottigere,1500.0,3.0,2.0,70.0,3
Super built-up  Area,1st Phase JP Nagar,2059.0,3.0,2.0,225.0,3
Super built-up  Area,Bhoganhalli,1447.0,2.0,1.0,75.97,2
Super built-up  Area,Whitefield,1269.0,2.0,1.0,75.0,2
Plot  Area,Other,4800.0,4.0,0.0,700.0,4
Super built-up  Area,Kanakpura Road,1070.0,2.0,2.0,37.45,2
Super built-up  Area,Talaghattapura,1150.0,2.0,0.0,28.0,2
Super built-up  Area,Marathahalli,1208.0,2.0,2.0,70.0,2
Super built-up  Area,Ramamurthy Nagar,1185.0,2.0,1.0,45.5,2
Plot  Area,Laggere,1200.0,3.0,1.0,130.0,3
Super built-up  Area,Anekal,888.0,2.0,1.0,34.0,2
Super built-up  Area,Chandapura,1015.0,2.0,2.0,25.88,2
Built-up  Area,Other,532.0,1.0,1.0,22.49,1
Super built-up  Area,Other,1060.0,3.0,1.0,62.0,3
Built-up  Area,Electronic City,700.0,1.0,1.0,35.0,1
Super built-up  Area,Other,902.0,2.0,2.0,42.0,2
Super built-up  Area,Binny Pete,1365.0,2.0,1.0,122.0,2
Super built-up  Area,Doddathoguru,984.0,2.0,1.0,51.0,2
Plot  Area,Hebbal,2700.0,2.0,2.0,100.0,4
Super built-up  Area,Jalahalli East,1475.0,3.0,2.0,96.0,3
Super built-up  Area,Haralur Road,1300.0,2.0,2.0,79.0,2
Built-up  Area,Babusapalaya,1453.0,2.0,2.0,43.59,3
Super built-up  Area,Other,1550.0,2.0,3.0,160.0,2
Built-up  Area,Akshaya Nagar,1666.0,3.0,2.0,95.0,3
Plot  Area,Akshaya Nagar,1410.0,4.0,2.0,160.0,4
Plot  Area,Yelahanka,4025.0,5.0,3.0,800.0,4
Super built-up  Area,Murugeshpalya,1845.0,3.0,3.0,91.0,3
Super built-up  Area,Sarjapura - Attibele Road,1676.0,3.0,3.0,52.0,3
Super built-up  Area,Uttarahalli,1137.0,2.0,1.0,63.0,2
Super built-up  Area,Electronic City,1360.0,2.0,1.0,70.5,3
Super built-up  Area,Other,1374.0,2.0,2.0,70.0,3
Built-up  Area,Judicial Layout,1700.0,3.0,2.0,155.0,3
Plot  Area,Whitefield,3227.0,5.0,0.0,250.0,5
Super built-up  Area,Other,2145.0,4.0,2.0,125.0,4
Plot  Area,Koramangala,2400.0,6.0,3.0,600.0,4
Super built-up  Area,Kasavanhalli,2170.0,3.0,2.0,151.0,3
Built-up  Area,Other,1080.0,2.0,1.0,55.0,2
Built-up  Area,Electronic City Phase II,1790.0,3.0,3.0,100.0,3
Super built-up  Area,Doddathoguru,550.0,1.0,1.0,17.0,1
Built-up  Area,Somasundara Palya,1033.0,2.0,2.0,48.0,2
Built-up  Area,Other,1000.0,2.0,1.0,80.0,2
Super built-up  Area,Binny Pete,2940.0,6.0,2.0,280.0,4
Super built-up  Area,Other,1240.0,2.0,2.0,52.6,2
Plot  Area,Kasturi Nagar,1650.0,5.0,1.0,450.0,5
Built-up  Area,Other,1500.0,2.0,0.0,97.0,3
Super built-up  Area,Marathahalli,1730.0,3.0,3.0,139.0,3
Super built-up  Area,Kasavanhalli,1915.0,3.0,3.0,80.0,3
Super built-up  Area,Whitefield,1545.0,3.0,2.0,79.0,3
Super built-up  Area,Other,1865.0,4.0,2.0,140.0,3
Super built-up  Area,Hebbal Kempapura,1150.0,2.0,2.0,40.0,2
Super built-up  Area,Other,1200.0,2.0,2.0,49.0,2
Built-up  Area,Kengeri,963.0,2.0,2.0,40.0,2
Plot  Area,Other,1200.0,3.0,1.0,120.0,3
Super built-up  Area,Basavangudi,2600.0,4.0,3.0,260.0,4
Built-up  Area,Kaikondrahalli,1700.0,4.0,2.0,108.0,4
Super built-up  Area,Lingadheeranahalli,1682.0,3.0,1.0,120.0,3
Built-up  Area,Yelahanka,1371.0,2.0,2.0,65.0,3
Super built-up  Area,Hennur Road,901.0,2.0,1.0,49.5,2
Super built-up  Area,Ambalipura,1730.0,3.0,1.0,120.0,3
Plot  Area,Konanakunte,1200.0,4.0,0.0,125.0,4
Super built-up  Area,EPIP Zone,1500.0,3.0,3.0,102.0,3
Super built-up  Area,Sarjapur  Road,3785.0,6.0,2.0,280.0,4
Built-up  Area,Other,3500.0,4.0,2.0,245.0,4
Carpet  Area,Other,1203.0,2.0,1.0,59.86,2
Super built-up  Area,Horamavu Banaswadi,1357.0,2.0,2.0,54.0,2
Super built-up  Area,Other,1600.0,3.0,2.0,76.0,3
Built-up  Area,Yelahanka New Town,350.0,1.0,1.0,13.5,1
Super built-up  Area,Varthur,1665.0,3.0,1.0,53.0,3
Plot  Area,Ramamurthy Nagar,1400.0,3.0,3.0,200.0,3
Super built-up  Area,Sarjapur  Road,835.0,1.0,1.0,46.95,1
Plot  Area,Other,815.0,3.0,2.0,160.0,2
Super built-up  Area,Haralur Road,1444.0,2.0,1.0,80.0,3
Super built-up  Area,Kanakapura,1277.0,2.0,2.0,55.0,2
Super built-up  Area,Lingadheeranahalli,1521.0,3.0,1.0,94.71,3
Super built-up  Area,Other,1134.0,2.0,1.0,40.0,2
Super built-up  Area,Other,995.0,2.0,1.0,34.82,2
Super built-up  Area,Old Madras Road,2760.0,5.0,2.0,157.0,3
Built-up  Area,Marathahalli,1325.0,1.0,1.0,92.0,2
Built-up  Area,Kothanur,4000.0,6.0,2.0,150.0,6
Built-up  Area,Marathahalli,1525.0,3.0,2.0,90.0,3
Super built-up  Area,Other,1320.0,2.0,2.0,73.0,3
Super built-up  Area,Electronics City Phase 1,650.0,1.0,1.0,23.0,1
Built-up  Area,Old Airport Road,1858.0,2.0,1.0,167.0,3
Super built-up  Area,Electronic City,1150.0,2.0,1.0,38.0,2
Super built-up  Area,Electronic City Phase II,769.0,2.0,1.0,40.0,2
Super built-up  Area,Electronic City,1571.0,3.0,2.0,105.0,3
Super built-up  Area,Hennur Road,1445.0,3.0,1.0,86.56,3
Super built-up  Area,Hosur Road,1590.0,2.0,2.0,135.0,3
Super built-up  Area,Bommasandra,902.0,2.0,2.0,49.0,2
Plot  Area,Sarjapur,2238.0,3.0,1.0,140.0,3
Built-up  Area,Electronic City,1090.0,2.0,1.0,31.49,2
Built-up  Area,Yelahanka,1712.0,3.0,3.0,82.0,3
Built-up  Area,Haralur Road,1088.0,2.0,1.0,68.0,2
Super built-up  Area,Somasundara Palya,1575.0,3.0,3.0,63.1,3
Plot  Area,Other,2150.0,6.0,3.0,205.0,6
Super built-up  Area,Kundalahalli,1920.0,3.0,2.0,150.0,3
Plot  Area,Margondanahalli,1000.0,2.0,0.0,57.0,2
Super built-up  Area,Other,1100.0,2.0,2.0,56.1,2
Super built-up  Area,Electronic City,1089.0,2.0,2.0,45.0,2
Built-up  Area,Horamavu Agara,1106.0,2.0,1.0,43.09,2
Super built-up  Area,Kengeri,927.0,2.0,2.0,37.0,2
Super built-up  Area,Kanakpura Road,1339.0,2.0,2.0,58.0,2
Built-up  Area,Thanisandra,923.0,1.0,1.0,45.69,1
Plot  Area,Sarjapur  Road,2900.0,3.0,2.0,285.0,3
Super built-up  Area,Lakshminarayana Pura,1175.0,2.0,2.0,75.0,2
Built-up  Area,Thubarahalli,975.0,2.0,1.0,55.0,2
Super built-up  Area,Hebbal,2400.0,4.0,1.0,180.0,3
Super built-up  Area,Subramanyapura,1330.0,3.0,2.0,72.0,3
Super built-up  Area,Thanisandra,1183.0,2.0,1.0,59.74,2
Super built-up  Area,Harlur,1758.0,3.0,2.0,133.0,3
Plot  Area,Nagarbhavi,1200.0,3.0,2.0,265.0,3
Built-up  Area,Pai Layout,1100.0,2.0,2.0,50.0,2
Super built-up  Area,Ramamurthy Nagar,1170.0,2.0,2.0,46.8,2
Built-up  Area,Other,2400.0,5.0,2.0,120.0,5
Super built-up  Area,Raja Rajeshwari Nagar,1530.0,3.0,3.0,51.77,3
Built-up  Area,Hebbal,1420.0,2.0,2.0,107.0,2
Plot  Area,Other,1200.0,4.0,2.0,300.0,4
Super built-up  Area,Kanakpura Road,1591.0,3.0,1.0,115.0,3
Plot  Area,Other,675.0,3.0,1.0,52.0,2
Super built-up  Area,Hoodi,1055.0,2.0,1.0,57.63,2
Super built-up  Area,Iblur Village,1918.0,3.0,2.0,129.0,3
Super built-up  Area,Sarjapur  Road,1280.0,2.0,1.0,76.0,2
Super built-up  Area,Nagarbhavi,1560.0,3.0,3.0,66.0,3
Super built-up  Area,Sarjapur  Road,1145.0,2.0,2.0,49.5,2
Super built-up  Area,Other,1801.0,3.0,2.0,139.0,3
Super built-up  Area,Rajaji Nagar,1718.0,3.0,2.0,288.0,2
Super built-up  Area,Whitefield,1306.0,3.0,2.0,54.65,3
Super built-up  Area,Hebbal,1320.0,2.0,1.0,92.0,2
Built-up  Area,Other,1350.0,2.0,2.0,65.0,3
Built-up  Area,Other,2990.0,4.0,2.0,324.0,4
Built-up  Area,Kalyan nagar,3800.0,5.0,3.0,300.0,4
Super built-up  Area,Bannerghatta Road,1344.0,2.0,1.0,42.0,3
Super built-up  Area,Bannerghatta Road,1893.0,3.0,2.0,100.0,3
Super built-up  Area,Chandapura,1107.0,2.0,1.0,43.0,3
Super built-up  Area,Lakshminarayana Pura,1190.0,2.0,1.0,75.0,2
Built-up  Area,Whitefield,1000.0,2.0,1.0,35.0,2
Plot  Area,Other,2400.0,2.0,1.0,160.0,2
Super built-up  Area,Kumaraswami Layout,1000.0,2.0,1.0,48.5,2
Super built-up  Area,Jalahalli,2113.0,3.0,2.0,155.0,3
Built-up  Area,KR Puram,1100.0,2.0,1.0,46.0,2
Super built-up  Area,Harlur,1884.0,4.0,2.0,120.0,4
Super built-up  Area,Electronic City,1110.0,2.0,1.0,40.0,2
Super built-up  Area,Kudlu,1027.0,2.0,2.0,43.0,2
Super built-up  Area,Other,1250.0,3.0,2.0,40.0,3
Built-up  Area,Sarjapur  Road,1470.0,3.0,0.0,62.0,3
Built-up  Area,Other,1150.0,2.0,1.0,75.0,2
Plot  Area,Other,1200.0,3.0,2.0,165.0,3
Super built-up  Area,Kudlu Gate,703.0,1.0,1.0,52.0,1
Super built-up  Area,Other,1400.0,2.0,2.0,62.0,3
Super built-up  Area,Bellandur,1195.0,2.0,2.0,51.0,2
Super built-up  Area,Narayanapura,1302.0,2.0,1.0,69.1,2
Super built-up  Area,Begur Road,1583.0,3.0,1.0,74.4,3
Super built-up  Area,Other,1488.0,2.0,3.0,60.0,3
Super built-up  Area,Kammasandra,1385.0,2.0,2.0,34.63,3
Super built-up  Area,Whitefield,3262.0,4.0,2.0,260.0,4
Built-up  Area,Electronic City,1600.0,3.0,2.0,104.0,3
Super built-up  Area,Old Airport Road,1150.0,2.0,1.0,90.0,2
Plot  Area,Other,4500.0,9.0,2.0,166.0,9
Super built-up  Area,Sarjapur  Road,1263.0,2.0,1.0,78.0,2
Super built-up  Area,Kanakpura Road,1299.0,2.0,2.0,85.0,2
Super built-up  Area,Banashankari,1330.0,2.0,1.0,78.0,2
Super built-up  Area,Devanahalli,1282.0,2.0,2.0,52.43,3
Built-up  Area,Other,1853.0,3.0,2.0,82.0,3
Super built-up  Area,Other,861.0,2.0,1.0,35.0,2
Built-up  Area,Bannerghatta Road,1600.0,3.0,2.0,95.0,3
Built-up  Area,Other,1256.0,2.0,1.0,62.8,2
Super built-up  Area,Other,1390.0,2.0,2.0,80.0,3
Super built-up  Area,Other,1550.0,2.0,2.0,90.0,3
Built-up  Area,Hebbal,919.0,2.0,1.0,49.0,2
Plot  Area,Margondanahalli,1625.0,3.0,0.0,80.0,3
Super built-up  Area,Gunjur,1195.0,2.0,2.0,44.0,2
Super built-up  Area,Domlur,2400.0,4.0,1.0,600.0,6
Super built-up  Area,Yelenahalli,1159.0,2.0,1.0,60.0,2
Super built-up  Area,Whitefield,1386.0,3.0,1.0,57.46,3
Super built-up  Area,Harlur,1197.0,2.0,1.0,79.0,2
Super built-up  Area,Jigani,4303.5,2.0,2.0,226.0,4
Super built-up  Area,Bommasandra,1295.0,2.0,1.0,50.28,3
Built-up  Area,Other,1310.0,2.0,1.0,37.83,3
Super built-up  Area,Whitefield,1132.0,2.0,1.0,79.28,2
Built-up  Area,Other,2350.0,3.0,2.0,400.0,3
Plot  Area,Other,2400.0,4.0,2.0,500.0,4
Super built-up  Area,Hebbal,1645.0,3.0,2.0,135.0,3
Super built-up  Area,Whitefield,1200.0,2.0,1.0,45.84,2
Plot  Area,Whitefield,3000.0,4.0,0.0,330.0,4
Super built-up  Area,Marathahalli,1937.0,3.0,2.0,140.0,3
Super built-up  Area,Doddathoguru,1015.0,2.0,2.0,33.5,2
Super built-up  Area,Other,1080.0,2.0,2.0,39.0,2
Super built-up  Area,Kathriguppe,1350.0,2.0,2.0,80.99,3
Super built-up  Area,Kengeri Satellite Town,1149.0,2.0,2.0,29.0,3
Super built-up  Area,Kothanur,1185.0,2.0,2.0,59.0,2
Super built-up  Area,Domlur,1720.0,3.0,1.0,135.0,3
Super built-up  Area,Hebbal,2080.0,3.0,3.0,175.0,3
Plot  Area,Tindlu,1500.0,3.0,1.0,87.0,3
Super built-up  Area,Yelahanka,1566.0,3.0,2.0,97.0,3
Super built-up  Area,Rajaji Nagar,2386.0,3.0,2.0,334.0,3
Plot  Area,Other,1500.0,4.0,0.0,110.0,4
Super built-up  Area,KR Puram,1290.0,2.0,1.0,49.02,2
Built-up  Area,Other,1531.0,3.0,2.0,72.0,3
Super built-up  Area,Other,1839.0,3.0,3.0,165.0,3
Plot  Area,Other,4200.0,4.0,1.0,760.0,4
Super built-up  Area,Electronic City Phase II,1400.0,2.0,2.0,40.43,3
Super built-up  Area,Whitefield,1140.0,2.0,2.0,39.0,2
Super built-up  Area,Tumkur Road,1343.5,3.0,0.0,57.76,3
Built-up  Area,Banashankari Stage III,2000.0,4.0,0.0,100.0,4
Built-up  Area,Kaval Byrasandra,1100.0,2.0,1.0,46.0,2
Built-up  Area,Other,1200.0,2.0,2.0,55.0,2
Super built-up  Area,Bannerghatta,1618.0,3.0,1.0,68.0,3
Super built-up  Area,Whitefield,2830.0,5.0,2.0,160.0,4
Super built-up  Area,Uttarahalli,1315.0,2.0,2.0,74.0,3
Super built-up  Area,Anandapura,1141.0,2.0,1.0,42.75,2
Super built-up  Area,AECS Layout,1080.0,2.0,2.0,55.0,2
Super built-up  Area,HBR Layout,1200.0,2.0,2.0,60.0,2
Super built-up  Area,Varthur,1111.0,2.0,2.0,41.88,2
Super built-up  Area,NGR Layout,1022.0,2.0,1.0,45.9,2
Super built-up  Area,Bannerghatta Road,1275.0,2.0,2.0,65.0,2
Super built-up  Area,Other,900.0,2.0,1.0,70.0,2
Super built-up  Area,Rachenahalli,1224.0,2.0,3.0,39.2,2
Super built-up  Area,Battarahalli,1135.0,2.0,3.0,43.0,2
Super built-up  Area,Rachenahalli,1050.0,2.0,2.0,52.1,2
Super built-up  Area,Nagavarapalya,1392.0,2.0,1.0,130.0,2
Super built-up  Area,Bellandur,1050.0,2.0,2.0,72.0,2
Super built-up  Area,Hosa Road,1513.0,3.0,1.0,103.0,3
Super built-up  Area,Gottigere,1621.0,3.0,3.0,72.0,3
Super built-up  Area,Bannerghatta Road,892.0,2.0,1.0,39.0,2
Super built-up  Area,Whitefield,1205.0,2.0,1.0,40.0,2
Super built-up  Area,Hebbal,1355.0,3.0,2.0,83.87,3
Super built-up  Area,Other,1200.0,6.0,3.0,70.0,4
Super built-up  Area,Indira Nagar,1400.0,2.0,2.0,168.0,2
Super built-up  Area,Kengeri,726.0,2.0,1.0,35.0,2
Plot  Area,Other,1500.0,3.0,2.0,149.0,3
Super built-up  Area,Hebbal,3895.0,4.0,2.0,405.0,4
Super built-up  Area,Horamavu Agara,1079.0,2.0,2.0,41.0,2
Super built-up  Area,Begur Road,1170.0,2.0,2.0,46.0,2
Super built-up  Area,Doddathoguru,1104.0,2.0,2.0,39.0,2
Super built-up  Area,Kanakpura Road,950.0,2.0,1.0,45.0,2
Built-up  Area,Hormavu,4818.0,4.0,3.0,390.0,4
Built-up  Area,Other,1650.0,2.0,1.0,52.0,3
Super built-up  Area,Kogilu,1559.0,3.0,2.0,127.0,3
Built-up  Area,Other,1100.0,2.0,1.0,38.0,2
Super built-up  Area,Benson Town,1750.0,3.0,3.0,150.0,3
Super built-up  Area,Ramagondanahalli,1215.0,2.0,1.0,45.5,2
Super built-up  Area,Talaghattapura,1868.0,3.0,1.0,135.0,3
Built-up  Area,Electronic City,1130.0,2.0,1.0,32.63,2
Super built-up  Area,Sarjapur  Road,1691.0,3.0,1.0,98.0,3
Built-up  Area,Ardendale,4355.0,3.0,1.0,350.0,5
Super built-up  Area,Hulimavu,1225.0,2.0,2.0,55.0,2
Super built-up  Area,JP Nagar,1690.0,3.0,2.0,112.0,3
Super built-up  Area,Kasturi Nagar,1896.0,3.0,1.0,125.0,4
Super built-up  Area,Sonnenahalli,605.0,1.0,1.0,40.0,1
Super built-up  Area,Electronic City Phase II,900.0,2.0,2.0,32.5,2
Plot  Area,Other,750.0,2.0,0.0,50.0,1
Super built-up  Area,Ananth Nagar,908.0,2.0,1.0,26.0,2
Built-up  Area,Sarjapur  Road,3416.5,6.0,0.0,143.0,4
Super built-up  Area,Thanisandra,3216.0,4.0,1.0,226.0,4
Plot  Area,Other,2400.0,4.0,1.0,225.0,5
Built-up  Area,Iblur Village,1400.0,2.0,2.0,68.0,2
Super built-up  Area,Hulimavu,1255.0,2.0,2.0,74.0,2
Built-up  Area,Electronic City,1500.0,2.0,1.0,100.0,3
Super built-up  Area,Thanisandra,1296.0,2.0,2.0,72.0,2
Super built-up  Area,Horamavu Banaswadi,925.0,2.0,3.0,38.0,2
Built-up  Area,Raja Rajeshwari Nagar,1023.0,2.0,2.0,42.0,2
Built-up  Area,Other,600.0,3.0,2.0,75.0,2
Super built-up  Area,Thanisandra,1020.0,2.0,1.0,44.5,2
Super built-up  Area,Choodasandra,1530.0,3.0,2.0,77.0,3
Super built-up  Area,Gubbalala,1650.0,3.0,2.0,71.0,3
Built-up  Area,Other,1605.0,2.0,3.0,85.0,3
Super built-up  Area,Hosakerehalli,1925.0,2.0,1.0,50.0,2
Super built-up  Area,Kogilu,1190.0,2.0,2.0,50.66,2
Super built-up  Area,Jakkur,1374.0,3.0,2.0,68.0,3
Built-up  Area,6th Phase JP Nagar,1140.0,2.0,2.0,65.0,2
Super built-up  Area,Green Glen Layout,1725.0,3.0,2.0,130.0,3
Super built-up  Area,Bisuvanahalli,1075.0,2.0,1.0,50.0,3
Super built-up  Area,Kannamangala,1574.0,3.0,1.0,93.34,3
Built-up  Area,Sanjay nagar,965.0,1.0,1.0,32.0,1
Super built-up  Area,Marathahalli,1550.0,3.0,2.0,83.0,3
Super built-up  Area,Other,1205.0,2.0,2.0,60.0,2
Super built-up  Area,Kambipura,1082.0,2.0,1.0,55.0,3
Super built-up  Area,Uttarahalli,1215.0,2.0,2.0,52.85,3
Super built-up  Area,Hebbal,2483.0,5.0,2.0,230.0,4
Plot  Area,Other,1200.0,3.0,1.0,46.14,2
Super built-up  Area,Other,1500.0,1.0,1.0,19.5,1
Plot  Area,1st Block Koramangala,2360.0,4.0,2.0,600.0,4
Super built-up  Area,Ardendale,3198.0,4.0,2.0,250.0,4
Super built-up  Area,Kanakpura Road,1452.0,3.0,3.0,60.98,3
Super built-up  Area,Electronic City Phase II,1329.0,2.0,2.0,41.0,3
Super built-up  Area,Other,1125.0,2.0,1.0,44.0,2
Plot  Area,Other,1200.0,2.0,0.0,70.0,2
Built-up  Area,Sarjapur  Road,1350.0,3.0,3.0,39.97,3
Super built-up  Area,Uttarahalli,1312.5,3.0,0.0,51.19,3
Super built-up  Area,Hebbal,2600.0,3.0,2.0,195.0,3
Plot  Area,Other,1200.0,2.0,1.0,160.0,2
Built-up  Area,Electronic City Phase II,1220.0,3.0,1.0,35.23,3
Super built-up  Area,Pai Layout,1255.0,2.0,1.0,80.0,2
Super built-up  Area,Other,1904.0,3.0,3.0,155.0,3
Super built-up  Area,Somasundara Palya,1329.0,2.0,2.0,70.0,2
Plot  Area,Chandapura,1200.0,2.0,1.0,60.0,2
Super built-up  Area,Murugeshpalya,2135.0,3.0,2.0,160.0,3
Super built-up  Area,Other,2770.0,4.0,3.0,315.0,3
Built-up  Area,Other,813.0,1.0,1.0,39.0,1
Plot  Area,Other,3884.0,4.0,3.0,240.0,4
Plot  Area,Doddaballapur,3876.0,3.0,1.0,300.0,3
Super built-up  Area,Kalena Agrahara,800.0,2.0,2.0,30.0,2
Plot  Area,Other,4750.0,2.0,1.0,120.0,4
Super built-up  Area,Hormavu,1500.0,3.0,3.0,70.0,3
Super built-up  Area,Bannerghatta Road,1880.0,3.0,2.0,95.0,3
Super built-up  Area,Electronic City,1440.0,2.0,2.0,55.0,3
Super built-up  Area,Akshaya Nagar,1575.0,3.0,2.0,90.0,3
Super built-up  Area,Other,1630.0,2.0,2.0,97.78,3
Super built-up  Area,Yelahanka,1180.0,3.0,1.0,55.0,3
Built-up  Area,Other,1090.0,2.0,1.0,36.0,2
Super built-up  Area,NGR Layout,1020.0,2.0,2.0,48.45,2
Built-up  Area,Other,2425.0,4.0,3.0,173.0,4
Super built-up  Area,Varthur,1097.0,2.0,1.0,33.82,2
Super built-up  Area,Raja Rajeshwari Nagar,1070.0,2.0,1.0,50.0,2
Super built-up  Area,Kumaraswami Layout,1000.0,2.0,1.0,58.0,2
Super built-up  Area,Other,1150.0,2.0,1.0,56.0,2
Built-up  Area,Frazer Town,1900.0,4.0,2.0,145.0,3
Super built-up  Area,Other,1141.0,2.0,2.0,49.0,2
Built-up  Area,Jigani,937.0,2.0,1.0,44.0,2
Built-up  Area,Green Glen Layout,1075.0,2.0,1.0,60.0,2
Super built-up  Area,Panathur,1000.0,2.0,1.0,65.3,2
Super built-up  Area,Kasavanhalli,1450.0,3.0,2.0,77.41,3
Super built-up  Area,Other,936.0,2.0,2.0,43.0,2
Built-up  Area,Other,1280.0,2.0,1.0,75.0,2
Super built-up  Area,Babusapalaya,1050.0,2.0,3.0,45.0,2
Super built-up  Area,Marathahalli,1350.0,2.0,1.0,86.0,2
Super built-up  Area,Mallasandra,1325.0,2.0,1.0,70.0,2
Super built-up  Area,Devanahalli,1174.0,2.0,1.0,59.0,2
Super built-up  Area,Hosur Road,1890.0,3.0,2.0,162.0,3
Super built-up  Area,Other,735.0,1.0,1.0,75.0,1
Built-up  Area,Other,500.0,1.0,0.0,24.0,1
Super built-up  Area,Gottigere,1304.0,3.0,3.0,80.0,3
Built-up  Area,Yelahanka,1653.0,3.0,2.0,120.0,3
Super built-up  Area,Bisuvanahalli,1075.0,2.0,1.0,52.0,3
Super built-up  Area,7th Phase JP Nagar,1212.0,3.0,1.0,42.0,2
Built-up  Area,Other,1100.0,2.0,1.0,50.0,2
Super built-up  Area,Rajaji Nagar,3436.0,6.0,3.0,500.0,4
Plot  Area,Other,1200.0,4.0,0.0,145.0,3
Super built-up  Area,Billekahalli,1140.0,2.0,2.0,50.0,2
Plot  Area,Other,1200.0,2.0,1.0,100.0,2
Super built-up  Area,Kudlu Gate,1532.0,3.0,2.0,83.0,3
Plot  Area,Doddaballapur,2776.0,4.0,2.0,195.0,3
Super built-up  Area,Padmanabhanagar,1531.0,2.0,0.0,75.0,3
Super built-up  Area,Uttarahalli,1325.0,2.0,1.0,53.0,2
Plot  Area,Other,1200.0,3.0,1.0,160.0,3
Super built-up  Area,Electronic City,1156.0,2.0,2.0,44.0,3
Plot  Area,R.T. Nagar,2000.0,4.0,2.0,320.0,4
Super built-up  Area,Bannerghatta Road,1260.0,2.0,2.0,70.0,2
Super built-up  Area,Vittasandra,1934.0,2.0,0.0,90.0,2
Super built-up  Area,Malleshpalya,1060.0,2.0,1.0,40.0,2
Super built-up  Area,Kasavanhalli,1476.0,3.0,1.0,95.0,3
Super built-up  Area,Murugeshpalya,1185.0,2.0,1.0,85.0,2
Super built-up  Area,Other,1265.0,2.0,1.0,82.0,3
Built-up  Area,Other,3200.0,5.0,1.0,150.0,4
Super built-up  Area,Other,1196.0,2.0,2.0,56.81,2
Built-up  Area,EPIP Zone,1280.0,2.0,1.0,69.0,2
Built-up  Area,Hulimavu,1175.0,2.0,2.0,45.0,2
Built-up  Area,Other,1850.0,3.0,3.0,98.0,3
Plot  Area,Indira Nagar,2400.0,4.0,2.0,525.0,4
Super built-up  Area,Whitefield,1195.0,2.0,1.0,70.0,2
Super built-up  Area,Ulsoor,2000.0,3.0,3.0,185.0,3
Super built-up  Area,Hosur Road,1180.0,2.0,2.0,36.5,2
Super built-up  Area,Jakkur,1050.0,2.0,1.0,49.87,2
Built-up  Area,Electronic City,1400.0,2.0,1.0,40.44,3
Plot  Area,Other,2360.0,4.0,2.0,150.0,4
Super built-up  Area,Other,1030.0,2.0,1.0,77.25,2
Super built-up  Area,Other,1512.0,1.0,2.0,65.01,2
Built-up  Area,Subramanyapura,929.0,2.0,1.0,48.0,2
Super built-up  Area,Jigani,1252.0,3.0,3.0,61.0,3
Built-up  Area,Green Glen Layout,1485.0,3.0,2.0,115.0,3
Super built-up  Area,Electronics City Phase 1,1124.0,2.0,2.0,55.0,3
Plot  Area,TC Palaya,2400.0,6.0,3.0,370.0,6
Built-up  Area,Indira Nagar,1407.0,3.0,1.0,120.0,3
Super built-up  Area,Hennur Road,1482.0,2.0,3.0,97.0,3
Super built-up  Area,Sector 7 HSR Layout,1163.0,2.0,1.0,98.86,2
Super built-up  Area,Jalahalli,1570.0,3.0,2.0,140.0,3
Super built-up  Area,Whitefield,3480.0,4.0,2.0,284.0,3
Super built-up  Area,Chandapura,520.0,1.0,1.0,14.04,1
Super built-up  Area,Other,2000.0,3.0,2.0,160.0,3
Super built-up  Area,Prithvi Layout,1352.0,2.0,2.0,75.0,2
Super built-up  Area,Electronic City,1152.0,2.0,1.0,65.0,2
Built-up  Area,Other,1575.0,3.0,2.0,93.0,3
Super built-up  Area,Hegde Nagar,1965.0,4.0,2.0,125.0,3
Built-up  Area,Other,1300.0,2.0,2.0,70.0,3
Super built-up  Area,Marathahalli,957.0,2.0,1.0,47.0,2
Super built-up  Area,Hoskote,1740.0,3.0,3.0,60.0,3
Super built-up  Area,Neeladri Nagar,1060.0,2.0,0.0,35.0,2
Carpet  Area,Other,975.0,2.0,2.0,50.0,2
Super built-up  Area,Ramamurthy Nagar,1150.0,2.0,2.0,51.0,2
Super built-up  Area,Whitefield,1738.0,2.0,3.0,79.0,3
Super built-up  Area,Bommanahalli,1250.0,3.0,2.0,55.0,3
Built-up  Area,Bannerghatta Road,1788.0,3.0,2.0,90.0,3
Super built-up  Area,Kanakapura,1151.0,2.0,1.0,59.0,2
Super built-up  Area,Uttarahalli,1300.0,2.0,2.0,60.0,3
Super built-up  Area,Garudachar Palya,1150.0,2.0,1.0,52.8,2
Super built-up  Area,Other,1380.0,2.0,1.0,75.0,2
Super built-up  Area,Hebbal,1645.0,3.0,2.0,117.0,3
Super built-up  Area,Babusapalaya,1141.0,2.0,1.0,45.9,2
Super built-up  Area,7th Phase JP Nagar,1175.0,2.0,2.0,82.5,2
Super built-up  Area,Banashankari Stage V,1355.0,2.0,1.0,61.0,3
Built-up  Area,Dasarahalli,1150.0,2.0,0.0,70.0,2
Super built-up  Area,Other,5800.0,5.0,2.0,80.0,5
Built-up  Area,Other,1000.0,2.0,2.0,45.0,2
Super built-up  Area,Balagere,1007.0,2.0,1.0,65.0,2
Super built-up  Area,Other,3000.0,5.0,2.0,100.0,4
Super built-up  Area,Kothanur,1436.0,3.0,3.0,70.0,3
Super built-up  Area,Marathahalli,4000.0,4.0,3.0,220.0,4
Built-up  Area,Somasundara Palya,2372.0,3.0,2.0,140.0,3
Plot  Area,Rajaji Nagar,1200.0,2.0,0.0,150.0,2
Super built-up  Area,Rayasandra,1016.0,2.0,1.0,58.0,2
Super built-up  Area,Dodda Nekkundi,1100.0,2.0,2.0,48.0,2
Super built-up  Area,Other,1080.0,2.0,1.0,45.0,2
Super built-up  Area,Electronic City,1070.0,2.0,1.0,60.0,2
Super built-up  Area,Kadubeesanahalli,1532.0,3.0,1.0,115.0,3
Super built-up  Area,Hennur,1040.0,2.0,2.0,42.12,2
Plot  Area,Other,3100.0,3.0,3.0,250.0,3
Super built-up  Area,Tumkur Road,1137.5,2.0,0.0,48.905,2
Super built-up  Area,Thanisandra,1430.0,2.0,2.0,51.6,3
Plot  Area,Rajaji Nagar,1160.0,1.0,0.0,163.0,2
Super built-up  Area,ITPL,3262.0,5.0,2.0,205.0,4
Plot  Area,Other,2100.0,7.0,0.0,410.0,7
Built-up  Area,Other,1190.0,2.0,2.0,100.0,2
Super built-up  Area,Other,1827.0,3.0,3.0,100.0,3
Super built-up  Area,HRBR Layout,1210.0,2.0,1.0,75.0,2
Super built-up  Area,Other,1500.0,3.0,3.0,95.0,3
Super built-up  Area,Hebbal,1251.0,2.0,1.0,88.73,2
Super built-up  Area,HSR Layout,1600.0,2.0,2.0,115.0,3
Super built-up  Area,Electronic City,1128.0,2.0,1.0,65.5,2
Super built-up  Area,Budigere,1820.0,3.0,2.0,93.0,3
Super built-up  Area,Thigalarapalya,2072.0,4.0,2.0,159.0,3
Super built-up  Area,Raja Rajeshwari Nagar,1510.0,2.0,3.0,59.0,3
Super built-up  Area,Hoodi,1925.0,2.0,3.0,114.0,3
Plot  Area,Hennur Road,2651.0,2.0,2.0,225.0,3
Super built-up  Area,Thigalarapalya,2072.0,4.0,2.0,147.0,3
Super built-up  Area,Kumaraswami Layout,1000.0,2.0,2.0,36.0,2
Plot  Area,KR Puram,1752.0,3.0,2.0,145.0,3
Super built-up  Area,Sahakara Nagar,960.0,2.0,3.0,56.0,2
Super built-up  Area,Other,1180.0,2.0,2.0,63.0,2
Built-up  Area,Benson Town,2270.0,3.0,1.0,180.0,3
Built-up  Area,NRI Layout,650.0,2.0,0.0,59.0,2
Super built-up  Area,Lakshminarayana Pura,1200.0,2.0,1.0,75.0,2
Super built-up  Area,Bisuvanahalli,1180.0,2.0,1.0,46.0,3
Super built-up  Area,Other,1300.0,3.0,2.0,47.0,3
Built-up  Area,Bannerghatta Road,1157.0,2.0,0.0,40.0,2
Super built-up  Area,Kanakpura Road,1300.0,3.0,2.0,69.0,3
Super built-up  Area,Banashankari Stage III,1305.0,2.0,1.0,59.0,3
Super built-up  Area,Hegde Nagar,2006.0,4.0,2.0,196.0,3
Super built-up  Area,Jakkur,1290.0,2.0,1.0,80.0,2
Super built-up  Area,Hoskote,1170.0,2.0,3.0,45.0,2
Super built-up  Area,Yelachenahalli,1400.0,2.0,3.0,78.0,2
Super built-up  Area,Lakshminarayana Pura,1200.0,2.0,2.0,75.0,2
Built-up  Area,Other,1155.0,2.0,0.0,60.0,3
Built-up  Area,Hormavu,1725.0,3.0,2.0,85.0,3
Super built-up  Area,Kanakpura Road,700.0,2.0,1.0,40.0,2
Built-up  Area,Other,7000.0,5.0,2.0,2050.0,4
Super built-up  Area,Hoodi,1112.0,2.0,1.0,88.0,2
Super built-up  Area,Somasundara Palya,1178.0,2.0,2.0,78.0,2
Super built-up  Area,Other,1274.0,2.0,1.0,81.0,2
Super built-up  Area,Doddathoguru,915.0,2.0,1.0,32.0,2
Super built-up  Area,Hosur Road,760.0,1.0,2.0,21.28,1
Built-up  Area,Other,1540.0,3.0,2.0,68.0,3
Super built-up  Area,Other,1206.0,2.0,3.0,38.5,2
Super built-up  Area,Other,1645.0,3.0,2.0,95.0,3
Plot  Area,Other,1200.0,4.0,2.0,170.0,4
Plot  Area,Other,1200.0,4.0,1.0,140.0,4
Super built-up  Area,Nehru Nagar,2342.0,3.0,2.0,115.0,4
Super built-up  Area,Other,1200.0,2.0,1.0,55.0,3
Super built-up  Area,Yelenahalli,1056.0,2.0,2.0,33.0,2
Plot  Area,Raja Rajeshwari Nagar,4800.0,8.0,2.0,225.0,8
Super built-up  Area,Kanakpura Road,1450.0,3.0,3.0,54.3,3
Super built-up  Area,Other,1161.0,2.0,2.0,36.69,2
Super built-up  Area,Other,1097.0,2.0,3.0,65.0,2
Built-up  Area,Uttarahalli,850.0,2.0,2.0,35.0,2
Super built-up  Area,Green Glen Layout,1715.0,3.0,2.0,115.0,3
Super built-up  Area,Basavangudi,2300.0,3.0,2.0,317.0,3
Super built-up  Area,Electronic City,1200.0,2.0,1.0,59.0,2
Super built-up  Area,8th Phase JP Nagar,1080.0,2.0,2.0,38.0,2
Super built-up  Area,Kasavanhalli,1200.0,2.0,1.0,50.3,2
Plot  Area,Other,2400.0,4.0,0.0,550.0,4
Super built-up  Area,Banashankari,1400.0,2.0,1.0,78.0,3
Plot  Area,Whitefield,1500.0,4.0,3.0,200.0,4
Carpet  Area,Kanakpura Road,458.0,1.0,0.0,19.695,1
Super built-up  Area,Marathahalli,1230.0,2.0,1.0,57.0,2
Built-up  Area,Kalyan nagar,1640.0,3.0,3.0,88.0,3
Super built-up  Area,Banashankari,1700.0,3.0,2.0,125.0,3
Super built-up  Area,Bommasandra,1478.0,2.0,2.0,44.0,3
Super built-up  Area,Other,6600.0,4.0,2.0,986.0,4
Super built-up  Area,Banashankari,1020.0,2.0,2.0,40.79,2
Built-up  Area,Yelahanka,1275.0,2.0,2.0,95.0,3
Built-up  Area,Other,1600.0,3.0,1.0,165.0,4
Super built-up  Area,Kanakapura,1110.0,2.0,2.0,38.85,2
Super built-up  Area,Uttarahalli,1627.86,3.0,2.0,88.0,3
Built-up  Area,Other,620.0,2.0,1.0,22.0,2
Plot  Area,Whitefield,3004.0,4.0,2.0,285.0,4
Super built-up  Area,Hosa Road,1133.0,2.0,1.0,52.0,2
Super built-up  Area,Hennur Road,1182.0,2.0,2.0,82.5,2
Super built-up  Area,Tumkur Road,1500.0,3.0,3.0,100.0,3
Super built-up  Area,Hebbal Kempapura,3900.0,5.0,2.0,360.0,4
Super built-up  Area,Marathahalli,1200.0,2.0,2.0,58.0,2
Super built-up  Area,Raja Rajeshwari Nagar,1128.0,2.0,1.0,48.79,2
Super built-up  Area,Malleshwaram,2345.0,2.0,2.0,293.0,3
Built-up  Area,Other,900.0,2.0,2.0,110.0,2
Built-up  Area,Amruthahalli,1100.0,2.0,1.0,45.0,2
Super built-up  Area,Kengeri Satellite Town,635.0,1.0,1.0,22.0,2
Super built-up  Area,Ardendale,2062.0,3.0,2.0,140.0,4
Built-up  Area,Thanisandra,1874.0,4.0,1.0,130.0,3
Super built-up  Area,Old Madras Road,1171.0,2.0,2.0,75.0,2
Super built-up  Area,Sarjapur,2020.0,3.0,3.0,85.0,3
Super built-up  Area,8th Phase JP Nagar,1059.0,2.0,2.0,34.5,2
Super built-up  Area,Panathur,1315.0,2.0,1.0,59.1,3
Super built-up  Area,Jakkur,1760.0,3.0,2.0,110.0,3
Built-up  Area,Other,1200.0,2.0,1.0,125.0,2
Super built-up  Area,Hennur Road,1192.0,2.0,1.0,62.0,3
Super built-up  Area,Hebbal,1645.0,3.0,2.0,121.0,3
Super built-up  Area,Whitefield,1250.0,2.0,2.0,72.0,2
Super built-up  Area,Whitefield,709.0,1.0,0.0,34.385,1
Super built-up  Area,Whitefield,1340.0,2.0,1.0,77.0,2
Built-up  Area,Cooke Town,2388.0,4.0,3.0,239.0,3
Super built-up  Area,Hosa Road,1369.1,2.0,1.0,104.0,2
Super built-up  Area,Other,1355.0,2.0,3.0,75.0,2
Built-up  Area,Bannerghatta Road,1150.0,2.0,2.0,65.0,2
Super built-up  Area,Kanakapura,1938.0,3.0,3.0,113.0,3
Super built-up  Area,Begur Road,2462.0,4.0,3.0,124.0,4
Super built-up  Area,Budigere,1636.0,3.0,2.0,85.0,3
Super built-up  Area,Akshaya Nagar,1430.0,2.0,2.0,75.0,3
Super built-up  Area,Other,2000.0,3.0,2.0,85.0,3
Carpet  Area,Electronic City Phase II,993.0,2.0,2.0,50.0,3
Plot  Area,Laggere,1260.0,4.0,1.0,150.0,4
Super built-up  Area,Kanakpura Road,1700.0,3.0,3.0,88.0,3
Super built-up  Area,Yelahanka,1270.0,2.0,2.0,78.0,2
Plot  Area,Anjanapura,1500.0,3.0,1.0,121.0,3
Built-up  Area,Koramangala,2300.0,3.0,3.0,290.0,3
Plot  Area,Other,7500.0,4.0,2.0,900.0,4
Super built-up  Area,Marathahalli,1650.0,3.0,3.0,86.45,3
Super built-up  Area,Panathur,1109.0,2.0,1.0,63.0,2
Super built-up  Area,Other,1280.0,2.0,1.0,49.75,2
Built-up  Area,Sarjapur,2885.0,3.0,1.0,185.0,4
Plot  Area,Devanahalli,1600.0,3.0,2.0,180.0,3
Super built-up  Area,Kothanur,1462.0,3.0,3.0,71.0,3
Super built-up  Area,Marathahalli,607.0,1.0,1.0,35.0,1
Super built-up  Area,Kammasandra,930.0,2.0,0.0,25.0,2
Plot  Area,Varthur,4500.0,5.0,2.0,300.0,4
Super built-up  Area,Malleshwaram,2600.0,3.0,1.0,237.0,3
Super built-up  Area,JP Nagar,3000.0,4.0,2.0,140.0,4
Super built-up  Area,Electronic City Phase II,1418.0,3.0,2.0,52.47,3
Built-up  Area,Other,4200.0,1.0,2.0,160.0,2
Built-up  Area,EPIP Zone,1125.0,2.0,1.0,65.0,2
Super built-up  Area,CV Raman Nagar,1825.0,3.0,2.0,126.0,3
Super built-up  Area,Whitefield,1320.0,2.0,3.0,79.5,2
Built-up  Area,JP Nagar,3000.0,4.0,2.0,140.0,4
Super built-up  Area,Other,1490.0,2.0,2.0,300.0,3
Plot  Area,Other,1650.0,3.0,1.0,300.0,4
Super built-up  Area,Whitefield,750.0,2.0,1.0,52.7,2
Super built-up  Area,Yelahanka,1400.0,2.0,2.0,80.54,3
Super built-up  Area,Other,4104.0,4.0,3.0,360.0,4
Built-up  Area,Rajaji Nagar,5000.0,4.0,0.0,375.0,4
Plot  Area,Mahadevpura,3295.0,4.0,2.0,260.0,5
Plot  Area,Whitefield,1200.0,3.0,1.0,61.96,3
Built-up  Area,Poorna Pragna Layout,965.0,2.0,2.0,48.0,2
Plot  Area,Gottigere,812.0,1.0,1.0,26.0,1
Super built-up  Area,KR Puram,1100.0,2.0,2.0,43.0,2
Super built-up  Area,Whitefield,1180.0,2.0,2.0,41.0,2
Super built-up  Area,HSR Layout,1145.0,2.0,2.0,48.0,2
Super built-up  Area,Haralur Road,1027.0,2.0,1.0,44.0,2
Super built-up  Area,Other,1215.0,2.0,2.0,49.85,2
Plot  Area,Hegde Nagar,1200.0,2.0,0.0,75.0,2
Super built-up  Area,Kenchenahalli,1015.0,2.0,2.0,58.0,2
Plot  Area,Kaggalipura,2400.0,3.0,1.0,165.0,3
Plot  Area,Whitefield,3000.0,4.0,3.0,306.0,4
Built-up  Area,7th Phase JP Nagar,3300.0,4.0,3.0,160.0,3
Super built-up  Area,Other,1076.0,2.0,2.0,52.0,2
Super built-up  Area,JP Nagar,1300.0,2.0,1.0,109.0,2
Built-up  Area,Hebbal Kempapura,1300.0,2.0,2.0,102.0,2
Super built-up  Area,Hosa Road,1512.0,3.0,1.0,123.0,3
Carpet  Area,Bhoganhalli,1053.4,3.0,1.0,88.91,3
Super built-up  Area,Yeshwanthpur,605.0,1.0,0.0,41.745,1
Super built-up  Area,Hormavu,1153.0,2.0,1.0,65.0,2
Plot  Area,Other,2080.0,2.0,1.0,150.0,2
Super built-up  Area,Hulimavu,1255.0,2.0,2.0,69.0,2
Built-up  Area,Bannerghatta Road,2835.0,5.0,2.0,260.0,4
Super built-up  Area,Marathahalli,1583.0,3.0,3.0,109.0,3
Super built-up  Area,Other,1505.0,2.0,2.0,90.0,2
Super built-up  Area,Kathriguppe,1365.0,2.0,2.0,75.08,3
Plot  Area,Other,1200.0,3.0,3.0,95.75,3
Super built-up  Area,Other,1810.0,4.0,3.0,148.0,3
Built-up  Area,Magadi Road,440.0,1.0,0.0,35.0,1
Super built-up  Area,Subramanyapura,975.0,2.0,1.0,63.0,2
Super built-up  Area,Other,1250.0,2.0,3.0,39.0,2
Super built-up  Area,Other,1530.0,2.0,1.0,97.0,3
Super built-up  Area,Kereguddadahalli,1300.0,2.0,2.0,39.0,3
Super built-up  Area,Channasandra,1115.0,2.0,1.0,40.0,2
Super built-up  Area,Sarjapur  Road,1308.0,2.0,1.0,83.0,2
Super built-up  Area,Uttarahalli,1490.0,2.0,2.0,59.6,3
Plot  Area,Bannerghatta Road,10000.0,4.0,0.0,450.0,4
Super built-up  Area,Sarjapur  Road,1592.0,3.0,1.0,91.0,3
Super built-up  Area,Rajaji Nagar,1222.0,2.0,0.0,112.0,2
Super built-up  Area,Raja Rajeshwari Nagar,1267.0,2.0,2.0,42.85,2
Super built-up  Area,Balagere,656.0,1.0,1.0,53.0,1
Plot  Area,Dodda Nekkundi,3400.0,4.0,3.0,530.0,4
Built-up  Area,Garudachar Palya,4500.0,5.0,2.0,400.0,4
Plot  Area,Chandapura,1200.0,1.0,1.0,36.0,2
Super built-up  Area,Thanisandra,1698.0,3.0,2.0,102.0,3
Built-up  Area,Other,1500.0,3.0,2.0,70.0,3
Plot  Area,Other,2000.0,5.0,0.0,80.0,4
Super built-up  Area,Electronic City,1152.0,2.0,1.0,65.75,2
Super built-up  Area,Raja Rajeshwari Nagar,550.0,1.0,0.0,21.0,1
Super built-up  Area,Pattandur Agrahara,900.0,2.0,2.0,42.0,2
Super built-up  Area,Other,1410.0,2.0,2.0,45.12,3
Built-up  Area,Akshaya Nagar,1419.0,2.0,3.0,73.0,3
Super built-up  Area,Amruthahalli,1200.0,2.0,1.0,55.0,2
Super built-up  Area,AECS Layout,1800.0,3.0,3.0,65.0,3
Super built-up  Area,Gottigere,990.0,2.0,1.0,40.0,2
Super built-up  Area,Sarjapur  Road,1016.0,2.0,1.0,45.0,2
Super built-up  Area,Bannerghatta Road,1100.0,2.0,0.0,39.0,2
Super built-up  Area,Whitefield,1095.0,2.0,1.0,35.0,2
Super built-up  Area,Other,2000.0,3.0,2.0,85.0,3
Super built-up  Area,Budigere,1444.0,2.0,2.0,70.0,2
Super built-up  Area,Whitefield,1415.0,2.0,3.0,67.0,2
Plot  Area,Other,1500.0,2.0,1.0,130.0,3
Super built-up  Area,Other,1600.0,3.0,3.0,72.0,3
Super built-up  Area,Whitefield,1105.0,2.0,1.0,41.36,2
Super built-up  Area,Electronic City,1225.0,3.0,0.0,45.03,3
Super built-up  Area,Frazer Town,2560.0,3.0,2.0,265.0,3
Plot  Area,Dasarahalli,2400.0,3.0,3.0,150.0,7
Super built-up  Area,Talaghattapura,1856.0,3.0,2.0,135.0,3
Plot  Area,Other,2100.0,6.0,2.0,71.0,6
Super built-up  Area,Sarjapur  Road,1150.0,2.0,2.0,77.0,2
Super built-up  Area,Whitefield,2094.0,2.0,2.0,113.19,3
Super built-up  Area,5th Phase JP Nagar,1485.0,2.0,2.0,67.0,3
Super built-up  Area,Other,2500.0,3.0,3.0,75.0,3
Plot  Area,Whitefield,1200.0,2.0,1.0,45.0,2
Super built-up  Area,Hennur Road,1036.0,2.0,1.0,59.46,2
Plot  Area,Whitefield,3445.0,5.0,3.0,270.0,4
Super built-up  Area,Other,1400.0,2.0,2.0,80.0,2
Super built-up  Area,Bommanahalli,1110.0,2.0,2.0,33.0,2
Built-up  Area,Kodichikkanahalli,1150.0,2.0,3.0,48.0,2
Super built-up  Area,Kenchenahalli,715.0,1.0,1.0,45.0,1
Plot  Area,Magadi Road,1200.0,4.0,0.0,130.0,4
Super built-up  Area,Jakkur,2283.0,4.0,2.0,130.0,4
Super built-up  Area,Hormavu,1453.0,2.0,2.0,43.58,3
Built-up  Area,Nagarbhavi,1400.0,2.0,1.0,85.0,3
Super built-up  Area,Padmanabhanagar,1400.0,3.0,0.0,65.0,3
Super built-up  Area,Whitefield,1700.0,3.0,1.0,140.0,3
Super built-up  Area,Kanakpura Road,1591.0,3.0,1.0,120.0,3
Super built-up  Area,Nagarbhavi,1515.0,2.0,1.0,79.0,3
Built-up  Area,Marathahalli,2500.0,3.0,3.0,200.0,5
Super built-up  Area,Chandapura,975.0,2.0,1.0,24.86,2
Super built-up  Area,Yeshwanthpur,1382.0,2.0,2.0,76.18,3
Super built-up  Area,Other,1533.0,3.0,2.0,150.0,3
Super built-up  Area,Cunningham Road,3815.0,3.0,1.0,763.0,3
Super built-up  Area,Other,1100.0,2.0,2.0,38.0,2
Super built-up  Area,Dairy Circle,3730.0,6.0,2.0,450.0,4
Super built-up  Area,Banashankari Stage II,1500.0,2.0,1.0,120.0,3
Super built-up  Area,Yelahanka,1391.0,2.0,2.0,64.5,3
Super built-up  Area,Begur Road,1160.0,2.0,2.0,42.92,2
Built-up  Area,Chandapura,620.0,1.0,1.0,27.0,1
Plot  Area,Other,2400.0,9.0,3.0,350.0,8
Built-up  Area,Whitefield,4827.0,4.0,3.0,400.0,4
Super built-up  Area,Kanakpura Road,1482.0,3.0,3.0,60.98,3
Super built-up  Area,Whitefield,1405.0,2.0,2.0,84.5,2
Built-up  Area,Gunjur,1190.0,2.0,2.0,40.0,2
Super built-up  Area,Harlur,1174.0,2.0,1.0,78.0,2
Plot  Area,Seegehalli,1155.0,2.0,0.0,72.0,2
Super built-up  Area,Thanisandra,1411.0,3.0,1.0,93.04,3
Super built-up  Area,Other,745.0,2.0,0.0,50.0,2
Super built-up  Area,Kereguddadahalli,1000.0,2.0,2.0,30.0,2
Super built-up  Area,Jigani,923.0,2.0,1.0,50.0,2
Built-up  Area,Yeshwanthpur,1000.0,2.0,2.0,32.0,2
Super built-up  Area,Battarahalli,1276.0,2.0,2.0,45.0,2
Built-up  Area,Other,1460.0,3.0,2.0,70.0,3
Super built-up  Area,Other,1355.0,2.0,1.0,95.0,2
Super built-up  Area,Other,833.0,1.0,1.0,49.0,1
Plot  Area,Other,1750.0,5.0,1.0,450.0,5
Super built-up  Area,Ramamurthy Nagar,1200.0,2.0,1.0,48.0,2
Super built-up  Area,Yeshwanthpur,669.0,1.0,1.0,36.85,1
Plot  Area,7th Phase JP Nagar,2200.0,4.0,2.0,105.0,3
Super built-up  Area,Koramangala,1594.0,3.0,2.0,125.0,3
Super built-up  Area,Kothanur,1790.0,3.0,2.0,105.0,3
Super built-up  Area,NGR Layout,1020.0,2.0,1.0,45.0,2
Plot  Area,Other,3250.0,5.0,1.0,850.0,4
Super built-up  Area,Other,1037.0,2.0,1.0,36.28,2
Super built-up  Area,Whitefield,1345.0,2.0,2.0,57.0,3
Super built-up  Area,Kodichikkanahalli,1070.0,2.0,3.0,43.0,2
Super built-up  Area,Other,3000.0,5.0,2.0,270.0,4
Super built-up  Area,Yeshwanthpur,1385.0,2.0,2.0,76.18,3
Super built-up  Area,Kanakpura Road,1207.0,2.0,2.0,79.9,2
Super built-up  Area,Varthur,1140.0,2.0,3.0,55.5,2
Built-up  Area,Other,1220.0,2.0,2.0,68.0,2
Plot  Area,Other,3811.0,3.0,2.0,475.0,4
Super built-up  Area,Iblur Village,3596.0,5.0,0.0,252.0,4
Built-up  Area,Sarjapur  Road,1965.0,3.0,3.0,120.0,3
Built-up  Area,Koramangala,1760.0,2.0,0.0,115.0,3
Super built-up  Area,Haralur Road,1225.0,2.0,1.0,70.0,2
Super built-up  Area,Marathahalli,1075.0,2.0,2.0,52.43,2
Built-up  Area,Panathur,1000.0,2.0,1.0,68.0,2
Super built-up  Area,Yelahanka,1322.0,2.0,2.0,86.0,2
Plot  Area,Other,1095.0,3.0,0.0,215.0,3
Built-up  Area,Bellandur,3600.0,4.0,0.0,260.0,4
Super built-up  Area,AECS Layout,1045.0,2.0,1.0,36.58,2
Super built-up  Area,Other,1545.0,3.0,3.0,85.0,3
Super built-up  Area,Thanisandra,1996.0,3.0,2.0,135.0,3
Super built-up  Area,Brookefield,1125.0,2.0,2.0,70.0,2
Super built-up  Area,Mysore Road,1560.0,3.0,1.0,115.0,3
Super built-up  Area,Other,2000.0,2.0,2.0,85.0,3
Built-up  Area,Murugeshpalya,3100.0,4.0,2.0,310.0,4
Built-up  Area,Other,780.0,2.0,1.0,35.0,2
Plot  Area,Other,1350.0,2.0,1.0,110.0,2
Super built-up  Area,Sarjapur  Road,2275.0,4.0,2.0,180.0,3
Super built-up  Area,Other,1350.0,2.0,2.0,41.0,2
Super built-up  Area,Haralur Road,1464.0,3.0,3.0,56.0,3
Super built-up  Area,Dasanapura,708.0,1.0,0.0,28.32,1
Super built-up  Area,Sarjapur  Road,1680.0,3.0,1.0,160.0,3
Super built-up  Area,Hoodi,1400.0,2.0,1.0,82.0,2
Super built-up  Area,Bellandur,1310.0,2.0,2.0,72.0,2
Built-up  Area,BTM Layout,3300.0,6.0,3.0,165.0,6
Super built-up  Area,Electronics City Phase 1,1175.0,2.0,1.0,57.0,2
Built-up  Area,Chikkalasandra,1428.0,2.0,1.0,80.0,3
Super built-up  Area,Whitefield,3252.0,4.0,3.0,280.0,4
Super built-up  Area,8th Phase JP Nagar,1080.0,2.0,2.0,35.0,2
Super built-up  Area,Other,1200.0,2.0,1.0,68.0,3
Plot  Area,Whitefield,1200.0,2.0,1.0,45.0,2
Built-up  Area,Bommasandra Industrial Area,1320.0,2.0,1.0,38.13,3
Super built-up  Area,Other,1842.0,3.0,2.0,115.0,3
Super built-up  Area,Sector 2 HSR Layout,1146.0,2.0,3.0,55.0,2
Super built-up  Area,Rachenahalli,440.0,1.0,1.0,28.0,1
Super built-up  Area,Sahakara Nagar,1048.0,2.0,3.0,50.0,2
Super built-up  Area,Thanisandra,1801.0,3.0,1.0,115.0,3
Super built-up  Area,Hennur Road,1232.0,2.0,1.0,69.61,2
Super built-up  Area,Whitefield,1150.0,2.0,2.0,90.0,2
Super built-up  Area,Talaghattapura,1868.0,3.0,1.0,120.0,3
Super built-up  Area,Begur,1445.0,2.0,2.0,47.1,3
Super built-up  Area,Hebbal Kempapura,1466.0,2.0,3.0,140.0,3
Built-up  Area,Harlur,1730.0,3.0,2.0,100.0,3
Super built-up  Area,JP Nagar,3860.0,3.0,2.0,402.0,3
Super built-up  Area,Somasundara Palya,1185.0,2.0,3.0,70.0,2
Built-up  Area,Yeshwanthpur,3027.0,4.0,3.0,260.0,3
Built-up  Area,Whitefield,2400.0,4.0,3.0,147.0,4
Built-up  Area,Kaval Byrasandra,1185.0,2.0,1.0,49.0,2
Super built-up  Area,Other,1150.0,2.0,2.0,49.0,2
Plot  Area,Other,2000.0,4.0,2.0,180.0,5
Super built-up  Area,Pai Layout,1075.0,2.0,2.0,35.0,2
Super built-up  Area,Hebbal,1760.0,3.0,2.0,123.0,3
Super built-up  Area,Banashankari,1600.0,2.0,1.0,63.98,2
Super built-up  Area,Haralur Road,1000.0,2.0,1.0,78.0,2
Super built-up  Area,7th Phase JP Nagar,1215.0,2.0,2.0,90.0,2
Super built-up  Area,EPIP Zone,1734.0,3.0,3.0,125.0,3
Super built-up  Area,Akshaya Nagar,1280.0,2.0,1.0,60.0,2
Super built-up  Area,Rachenahalli,1113.0,2.0,1.0,55.0,2
Super built-up  Area,Horamavu Banaswadi,1272.0,2.0,2.0,48.0,2
Built-up  Area,Kereguddadahalli,1240.0,3.0,2.0,41.0,3
Super built-up  Area,Yelahanka,1100.0,2.0,1.0,70.0,2
Super built-up  Area,Ambalipura,896.0,2.0,1.0,30.13,2
Super built-up  Area,Rachenahalli,3657.0,5.0,2.0,220.0,4
Super built-up  Area,BTM 2nd Stage,1200.0,2.0,0.0,35.0,2
Built-up  Area,Ramagondanahalli,2800.0,4.0,3.0,155.0,4
Built-up  Area,Ambalipura,3500.0,3.0,2.0,198.0,3
Built-up  Area,Ramamurthy Nagar,3600.0,3.0,2.0,150.0,3
Built-up  Area,Sarjapur,1500.0,2.0,2.0,30.0,2
Super built-up  Area,Other,1096.0,2.0,2.0,48.0,2
Super built-up  Area,Other,1094.0,2.0,1.0,44.0,2
Super built-up  Area,Other,1100.0,2.0,2.0,49.0,2
Super built-up  Area,Iblur Village,2987.5,5.0,0.0,191.0,4
Super built-up  Area,Koramangala,2503.0,6.0,2.0,325.0,4
Super built-up  Area,Nagarbhavi,1145.0,2.0,2.0,40.0,2
Super built-up  Area,Rachenahalli,1550.0,3.0,2.0,74.5,3
Super built-up  Area,Seegehalli,1830.0,4.0,2.0,82.0,3
Super built-up  Area,Hoodi,1746.0,3.0,3.0,84.95,3
Built-up  Area,Other,1280.0,4.0,1.0,115.0,4
Super built-up  Area,Kengeri,918.0,2.0,1.0,27.54,2
Super built-up  Area,Chandapura,645.0,1.0,1.0,16.45,1
Super built-up  Area,Banashankari Stage III,1305.0,2.0,1.0,60.0,3
Super built-up  Area,Thigalarapalya,1207.0,2.0,2.0,62.0,2
Built-up  Area,Thanisandra,1678.0,3.0,2.0,125.0,3
Super built-up  Area,Kaggalipura,950.0,2.0,1.0,50.0,2
Super built-up  Area,Electronic City,1070.0,2.0,1.0,55.0,2
Super built-up  Area,Ardendale,1732.46,3.0,2.0,92.0,3
Super built-up  Area,Attibele,1639.0,2.0,1.0,40.98,3
Super built-up  Area,Marathahalli,1360.0,2.0,1.0,103.0,2
Plot  Area,Malleshpalya,2592.0,4.0,2.0,250.0,4
Plot  Area,Other,4470.0,3.0,2.0,700.0,3
Super built-up  Area,Lakshminarayana Pura,1656.0,3.0,2.0,150.0,3
Super built-up  Area,Sarjapur  Road,985.0,2.0,1.0,49.0,2
Super built-up  Area,Dodda Nekkundi,1999.0,3.0,2.0,135.0,3
Super built-up  Area,7th Phase JP Nagar,1050.0,2.0,1.0,75.0,2
Super built-up  Area,Whitefield,1440.0,2.0,2.0,64.0,3
Super built-up  Area,Basavangudi,1600.0,2.0,2.0,160.0,3
Super built-up  Area,Ramagondanahalli,1253.0,2.0,1.0,52.66,2
Plot  Area,Other,1200.0,3.0,0.0,85.0,3
Super built-up  Area,Padmanabhanagar,1360.0,2.0,3.0,75.0,3
Super built-up  Area,Other,1086.0,2.0,1.0,47.5,2
Super built-up  Area,Other,1655.0,3.0,2.0,155.0,3
Plot  Area,Old Madras Road,2600.0,4.0,2.0,260.0,4
Super built-up  Area,Sarjapur  Road,1418.0,2.0,2.0,78.0,2
Super built-up  Area,Kalena Agrahara,1270.0,2.0,2.0,100.0,2
Super built-up  Area,Other,1150.0,2.0,1.0,74.0,2
Plot  Area,Ramamurthy Nagar,600.0,3.0,2.0,45.0,2
Built-up  Area,Other,1440.0,3.0,2.0,65.8,3
Plot  Area,Other,1200.0,2.0,0.0,108.0,3
Super built-up  Area,Other,1200.0,2.0,2.0,75.0,2
Super built-up  Area,Begur Road,1410.0,2.0,3.0,50.06,3
Plot  Area,Chandapura,1200.0,5.0,2.0,92.0,4
Built-up  Area,Whitefield,624.0,1.0,1.0,35.0,1
Super built-up  Area,Electronic City,1060.0,2.0,1.0,58.0,2
Super built-up  Area,Hebbal,3960.0,5.0,3.0,386.0,4
Plot  Area,Vidyaranyapura,1200.0,4.0,2.0,175.0,4
Built-up  Area,Sarjapur,1917.0,3.0,0.0,60.0,4
Super built-up  Area,KR Puram,950.0,2.0,1.0,40.0,2
Plot  Area,Channasandra,3040.0,2.0,1.0,48.0,2
Super built-up  Area,BTM 2nd Stage,1250.0,3.0,1.0,50.0,3
Super built-up  Area,Other,1235.0,2.0,2.0,60.0,2
Super built-up  Area,Budigere,722.0,1.0,0.0,46.0,1
Plot  Area,Kanakpura Road,2775.0,3.0,1.0,165.0,4
Built-up  Area,Sarjapur  Road,1200.0,2.0,1.0,93.0,2
Built-up  Area,Bannerghatta Road,1400.0,3.0,2.0,68.0,3
Built-up  Area,Other,1225.0,3.0,3.0,60.0,3
Super built-up  Area,Marathahalli,1220.0,2.0,1.0,58.5,2
Super built-up  Area,Nagavarapalya,705.0,1.0,1.0,52.5,1
Super built-up  Area,Battarahalli,1880.0,3.0,2.0,94.36,3
Plot  Area,Yelahanka,1200.0,2.0,1.0,70.0,2
Built-up  Area,Other,1550.0,2.0,1.0,60.0,3
Super built-up  Area,Lingadheeranahalli,1893.0,3.0,1.0,130.0,3
Super built-up  Area,Other,1650.0,3.0,2.0,75.0,3
Built-up  Area,Other,1113.0,2.0,2.0,46.0,2
Plot  Area,Other,1500.0,2.0,0.0,203.0,2
Super built-up  Area,Sarjapur  Road,1586.0,3.0,3.0,70.0,3
Plot  Area,Seegehalli,4000.0,3.0,1.0,235.0,3
Super built-up  Area,Yelahanka New Town,1541.0,3.0,3.0,80.0,3
Super built-up  Area,Haralur Road,1830.0,3.0,2.0,101.0,3
Super built-up  Area,Other,1200.0,2.0,2.0,48.0,2
Plot  Area,Other,1800.0,2.0,0.0,72.0,3
Super built-up  Area,Bommasandra,1015.0,2.0,1.0,40.0,2
Super built-up  Area,Raja Rajeshwari Nagar,1120.0,2.0,2.0,37.95,2
Super built-up  Area,Hoodi,706.0,1.0,1.0,48.24,1
Plot  Area,Other,1350.0,4.0,2.0,85.0,4
Plot  Area,Kanakpura Road,1900.0,3.0,1.0,99.0,3
Plot  Area,Harlur,1200.0,4.0,2.0,243.0,4
Built-up  Area,Seegehalli,3000.0,5.0,3.0,150.0,4
Super built-up  Area,Bisuvanahalli,1075.0,2.0,1.0,42.0,3
Super built-up  Area,Kanakpura Road,1290.0,2.0,3.0,80.0,2
Super built-up  Area,Akshaya Nagar,1200.0,2.0,1.0,50.0,2
Built-up  Area,Hormavu,1150.0,2.0,1.0,53.11,2
Super built-up  Area,Uttarahalli,1360.0,2.0,3.0,61.2,3
Carpet  Area,Other,4500.0,9.0,2.0,500.0,9
Super built-up  Area,Other,935.0,2.0,1.0,32.73,2
Super built-up  Area,Cox Town,1730.0,3.0,3.0,140.0,3
Super built-up  Area,Sarjapur  Road,1260.0,2.0,2.0,53.0,2
Plot  Area,Marathahalli,4000.0,4.0,1.0,650.0,4
Super built-up  Area,Marathahalli,950.0,2.0,1.0,45.68,2
Plot  Area,Other,600.0,3.0,2.0,85.0,2
Built-up  Area,Other,2500.0,5.0,2.0,120.0,5
Super built-up  Area,Hegde Nagar,3216.0,5.0,2.0,300.0,4
Super built-up  Area,Budigere,1991.0,4.0,2.0,88.0,3
Super built-up  Area,Sarjapur  Road,1115.0,2.0,1.0,60.0,2
Super built-up  Area,Koramangala,1900.0,3.0,3.0,150.0,3
Super built-up  Area,Whitefield,1109.0,2.0,1.0,41.49,2
Super built-up  Area,Rajiv Nagar,2340.0,5.0,1.0,129.0,4
Plot  Area,Whitefield,4356.0,5.0,1.0,850.0,4
Super built-up  Area,9th Phase JP Nagar,1005.0,2.0,1.0,43.0,2
Super built-up  Area,Kengeri,416.0,1.0,1.0,19.5,1
Super built-up  Area,1st Phase JP Nagar,1394.0,2.0,1.0,100.0,2
Super built-up  Area,Harlur,2138.0,3.0,2.0,110.0,3
Built-up  Area,Other,1550.0,3.0,2.0,160.0,3
Super built-up  Area,Nagavarapalya,1300.0,3.0,1.0,80.0,3
Super built-up  Area,Thanisandra,1265.0,2.0,2.0,82.0,2
Built-up  Area,Other,1140.0,2.0,2.0,52.0,2
Carpet  Area,Other,1050.0,2.0,3.0,40.0,2
Built-up  Area,Thanisandra,1100.0,2.0,1.0,48.0,2
Super built-up  Area,Varthur,1012.0,2.0,1.0,59.0,2
Plot  Area,Varthur,1600.0,4.0,3.0,112.0,4
Super built-up  Area,Yelahanka,1326.0,2.0,2.0,57.0,2
Built-up  Area,Hebbal Kempapura,1654.0,2.0,3.0,85.0,3
Plot  Area,Other,1705.0,2.0,1.0,290.0,3
Super built-up  Area,Chikkalasandra,1070.0,2.0,1.0,42.8,2
Super built-up  Area,Whitefield,1700.0,3.0,2.0,95.0,3
Carpet  Area,Bhoganhalli,910.2,2.0,1.0,80.64,2
Super built-up  Area,Kogilu,1140.0,2.0,2.0,50.66,2
Plot  Area,Whitefield,4960.0,4.0,3.0,400.0,4
Super built-up  Area,Kanakapura,945.0,2.0,1.0,47.0,2
Super built-up  Area,Begur Road,2462.0,6.0,2.0,150.0,4
Plot  Area,Giri Nagar,1350.0,3.0,0.0,240.0,3
Super built-up  Area,Marathahalli,615.0,1.0,1.0,44.0,1
Plot  Area,Ramamurthy Nagar,1110.0,2.0,0.0,65.0,2
Super built-up  Area,Haralur Road,575.0,1.0,1.0,88.0,1
Super built-up  Area,Electronic City,1025.0,2.0,1.0,54.1,2
Built-up  Area,Other,1758.0,3.0,2.0,95.0,3
Super built-up  Area,Other,3179.0,5.0,3.0,351.0,4
Super built-up  Area,Kaikondrahalli,1342.0,3.0,3.0,92.0,3
Super built-up  Area,Kalyan nagar,1800.0,3.0,2.0,85.0,3
Built-up  Area,Whitefield,2928.0,4.0,3.0,198.0,4
Built-up  Area,Doddathoguru,1140.0,2.0,3.0,32.0,2
Super built-up  Area,Raja Rajeshwari Nagar,1608.0,2.0,2.0,85.0,2
Super built-up  Area,Kadugodi,1645.0,2.0,2.0,82.0,3
Super built-up  Area,Ramamurthy Nagar,1410.0,2.0,1.0,56.4,3
Super built-up  Area,Harlur,1200.0,2.0,2.0,52.0,2
Super built-up  Area,8th Phase JP Nagar,1275.0,2.0,2.0,41.5,3
Built-up  Area,Dodda Nekkundi,3800.0,4.0,2.0,600.0,4
Super built-up  Area,Other,909.0,2.0,1.0,40.0,3
Built-up  Area,Other,1200.0,3.0,0.0,85.0,2
Super built-up  Area,Kalyan nagar,1080.0,2.0,2.0,73.0,2
Plot  Area,Other,1200.0,2.0,1.0,34.0,2
Super built-up  Area,Akshaya Nagar,1092.0,2.0,1.0,60.0,2
Super built-up  Area,Jalahalli,1932.0,4.0,3.0,135.0,3
Super built-up  Area,KR Puram,1156.0,2.0,1.0,72.0,2
Super built-up  Area,Bellandur,924.0,2.0,2.0,35.11,2
Super built-up  Area,Thubarahalli,1330.0,2.0,1.0,75.0,2
Super built-up  Area,Thanisandra,1917.0,4.0,2.0,113.0,3
Super built-up  Area,Chandapura,985.0,2.0,1.0,25.12,2
Plot  Area,Other,2400.0,6.0,2.0,408.0,6
Plot  Area,Other,1800.0,5.0,2.0,500.0,4
Plot  Area,Other,1290.0,1.0,0.0,225.0,2
Super built-up  Area,Other,655.0,1.0,1.0,53.0,1
Built-up  Area,Other,1800.0,3.0,3.0,140.0,3
Built-up  Area,Margondanahalli,1360.0,2.0,2.0,45.0,4
Super built-up  Area,Bellandur,1785.0,3.0,3.0,118.0,3
Super built-up  Area,Kadugodi,4000.0,7.0,2.0,130.0,7
Super built-up  Area,Hebbal,1645.0,3.0,2.0,120.0,3
Super built-up  Area,Gottigere,1235.0,2.0,2.0,63.0,2
Plot  Area,Anandapura,900.0,2.0,0.0,48.0,2
Super built-up  Area,Thanisandra,662.0,1.0,1.0,42.0,1
Super built-up  Area,Whitefield,1215.0,2.0,1.0,62.0,2
Super built-up  Area,Sarjapur  Road,1525.0,2.0,2.0,87.0,3
Built-up  Area,Other,1000.0,2.0,2.0,48.0,2
Super built-up  Area,Hebbal,1255.0,2.0,1.0,90.0,3
Super built-up  Area,Mysore Road,1560.0,3.0,2.0,120.0,3
Built-up  Area,Kasavanhalli,2100.0,3.0,3.0,110.0,3
Super built-up  Area,Kodichikkanahalli,1620.0,2.0,2.0,85.0,3
Super built-up  Area,Marathahalli,1595.0,3.0,2.0,90.0,3
Super built-up  Area,Other,1095.0,2.0,2.0,38.52,2
Built-up  Area,9th Phase JP Nagar,835.0,2.0,0.0,37.0,2
Super built-up  Area,Hennur Road,2182.0,3.0,2.0,72.04,3
Super built-up  Area,Thigalarapalya,1418.0,2.0,2.0,106.0,2
Super built-up  Area,Sanjay nagar,1900.0,2.0,2.0,180.0,3
Super built-up  Area,Whitefield,2700.0,5.0,2.0,175.0,3
Super built-up  Area,BTM 2nd Stage,1070.0,2.0,1.0,48.0,2
Super built-up  Area,Electronics City Phase 1,755.0,1.0,1.0,42.41,1
Super built-up  Area,Hebbal,1645.0,3.0,2.0,117.0,3
Plot  Area,Sarjapur,2400.0,3.0,2.0,190.0,3
Built-up  Area,Other,3900.0,4.0,2.0,333.0,4
Plot  Area,Other,2400.0,4.0,2.0,200.0,3
Built-up  Area,Electronics City Phase 1,919.0,2.0,0.0,28.0,2
Super built-up  Area,Bannerghatta Road,1725.0,3.0,2.0,110.0,3
Super built-up  Area,Sarjapur  Road,1346.0,2.0,1.0,71.32,2
Built-up  Area,Electronic City Phase II,1070.0,2.0,2.0,45.0,2
Super built-up  Area,Begur Road,1225.0,2.0,1.0,35.52,2
Built-up  Area,Neeladri Nagar,640.0,1.0,1.0,20.5,1
Super built-up  Area,Chikkalasandra,1310.0,2.0,1.0,52.4,3
Super built-up  Area,Kanakapura,1190.0,2.0,2.0,39.0,2
Super built-up  Area,Other,1645.0,3.0,2.0,87.5,3
Super built-up  Area,Marathahalli,1350.0,2.0,1.0,89.0,2
Super built-up  Area,Vittasandra,1404.0,2.0,1.0,68.8,2
Super built-up  Area,Electronic City,1105.0,2.0,1.0,35.0,3
Super built-up  Area,Kanakpura Road,900.0,2.0,1.0,41.0,2
Plot  Area,Other,1650.0,4.0,3.0,320.0,4
Super built-up  Area,Dodda Nekkundi,1100.0,2.0,1.0,41.15,2
Built-up  Area,Thanisandra,2100.0,4.0,1.0,95.0,4
Super built-up  Area,Thanisandra,1948.0,3.0,2.0,130.0,3
Super built-up  Area,Singasandra,1464.0,3.0,2.0,56.0,3
Super built-up  Area,Raja Rajeshwari Nagar,1210.0,2.0,2.0,45.0,2
Built-up  Area,Yelahanka,4000.0,5.0,2.0,220.0,5
Super built-up  Area,Other,1252.0,2.0,2.0,55.0,2
Super built-up  Area,Sarjapur  Road,3905.0,7.0,2.0,290.0,5
Super built-up  Area,Other,2600.0,3.0,2.0,140.0,3
Super built-up  Area,7th Phase JP Nagar,1300.0,3.0,2.0,89.13,3
Super built-up  Area,7th Phase JP Nagar,1130.0,2.0,2.0,73.0,2
Plot  Area,Budigere,1200.0,3.0,0.0,135.0,4
Built-up  Area,Thanisandra,1690.0,3.0,2.0,125.0,3
Built-up  Area,Padmanabhanagar,4500.0,4.0,2.0,360.0,3
Super built-up  Area,Other,950.0,2.0,1.0,60.0,2
Super built-up  Area,Marathahalli,1020.0,2.0,1.0,57.0,2
Built-up  Area,Other,2107.0,4.0,3.0,95.0,4
Super built-up  Area,Marathahalli,1735.0,3.0,2.0,72.0,3
Built-up  Area,Sarjapur  Road,915.0,2.0,2.0,37.0,2
Super built-up  Area,Other,1450.0,3.0,3.0,68.0,3
Super built-up  Area,Thigalarapalya,2215.0,4.0,2.0,156.0,3
Super built-up  Area,Other,2431.0,3.0,1.0,100.0,3
Super built-up  Area,Hennur Road,1804.0,3.0,2.0,102.0,3
Super built-up  Area,Marathahalli,1600.0,3.0,2.0,88.0,2
Super built-up  Area,Uttarahalli,1280.0,2.0,2.0,75.0,2
Super built-up  Area,Hebbal,1255.0,3.0,2.0,77.68,3
Super built-up  Area,Koramangala,1320.0,2.0,1.0,150.0,2
Super built-up  Area,Hoodi,1257.0,2.0,1.0,69.0,2
Super built-up  Area,Raja Rajeshwari Nagar,1240.0,2.0,1.0,53.27,2
Plot  Area,Other,1200.0,4.0,2.0,240.0,4
Plot  Area,Bannerghatta Road,1850.0,6.0,3.0,150.0,6
Super built-up  Area,Hulimavu,1255.0,2.0,3.0,66.0,2
Super built-up  Area,Ananth Nagar,870.0,2.0,2.0,36.0,2
Super built-up  Area,Tumkur Road,1789.0,3.0,2.0,98.0,3
Super built-up  Area,Electronic City,660.0,1.0,1.0,18.0,2
Super built-up  Area,Other,1155.0,2.0,3.0,56.0,2
Super built-up  Area,R.T. Nagar,1235.0,2.0,2.0,65.0,2
Plot  Area,Yelahanka,2675.0,4.0,2.0,140.0,4
Super built-up  Area,CV Raman Nagar,1025.0,2.0,2.0,50.0,2
Built-up  Area,Raja Rajeshwari Nagar,1395.0,2.0,2.0,72.0,3
Super built-up  Area,Dodda Nekkundi,1252.0,2.0,1.0,71.0,3
Super built-up  Area,Hennur Road,1081.0,2.0,1.0,30.27,2
Super built-up  Area,Haralur Road,1255.0,3.0,1.0,130.0,3
Super built-up  Area,Ardendale,2062.0,3.0,2.0,150.0,4
Super built-up  Area,Choodasandra,1220.0,3.0,2.0,56.0,3
Built-up  Area,Jigani,1408.0,2.0,0.0,55.0,3
Super built-up  Area,Bisuvanahalli,1180.0,2.0,1.0,60.0,3
Super built-up  Area,Sarjapur  Road,715.0,1.0,2.0,29.0,1
Super built-up  Area,Sarjapur  Road,1230.0,2.0,3.0,94.5,2
Super built-up  Area,Kaggadasapura,1035.0,2.0,2.0,45.5,2
Super built-up  Area,EPIP Zone,3360.0,5.0,0.0,225.0,4
Super built-up  Area,Kathriguppe,1300.0,3.0,2.0,77.99,3
Super built-up  Area,Kanakpura Road,1100.0,3.0,1.0,52.97,3
Super built-up  Area,Whitefield,1216.0,2.0,1.0,84.0,2
Super built-up  Area,Other,1450.0,2.0,3.0,62.63,2
Super built-up  Area,Nagavarapalya,705.0,1.0,1.0,57.0,1
Super built-up  Area,Gottigere,1385.0,3.0,2.0,64.0,3
Plot  Area,Anekal,1200.0,2.0,1.0,36.1,2
Super built-up  Area,Electronic City Phase II,1310.0,2.0,1.0,32.75,3
Built-up  Area,Sarjapur  Road,1043.0,2.0,1.0,39.5,2
Super built-up  Area,Koramangala,1320.0,2.0,2.0,110.0,2
Super built-up  Area,Other,1900.0,3.0,2.0,205.0,3
Super built-up  Area,Varthur,1140.0,2.0,2.0,39.9,2
Built-up  Area,Kadugodi,1100.0,2.0,1.0,45.0,2
Super built-up  Area,Hebbal,1586.0,3.0,2.0,90.0,3
Built-up  Area,Other,1365.0,3.0,2.0,60.0,2
Super built-up  Area,Rajaji Nagar,1263.0,2.0,0.0,107.0,2
Super built-up  Area,Begur Road,1565.0,2.0,2.0,59.76,3
Plot  Area,Karuna Nagar,1163.0,3.0,2.0,180.0,3
Super built-up  Area,Whitefield,2882.0,5.0,1.0,204.0,4
Super built-up  Area,Hennur Road,2320.0,3.0,2.0,170.0,3
Built-up  Area,Sarjapur  Road,1750.0,3.0,3.0,99.0,3
Super built-up  Area,Kudlu,1143.0,2.0,1.0,55.0,2
Super built-up  Area,Hennur Road,1936.0,3.0,1.0,118.0,3
Super built-up  Area,Electronic City,660.0,1.0,1.0,15.0,2
Super built-up  Area,Chandapura,700.0,1.0,1.0,19.0,2
Super built-up  Area,Other,1402.0,2.0,2.0,85.0,3
Built-up  Area,Hebbal,4640.0,4.0,2.0,600.0,4
Super built-up  Area,Electronic City,1000.0,2.0,2.0,41.0,2
Super built-up  Area,Gottigere,1000.0,2.0,1.0,35.0,2
Super built-up  Area,Kengeri Satellite Town,818.0,2.0,1.0,26.0,2
Built-up  Area,Other,1680.0,3.0,0.0,135.0,4
Super built-up  Area,Kalyan nagar,2422.0,3.0,2.0,150.0,4
Super built-up  Area,Indira Nagar,1145.0,2.0,2.0,100.0,2
Super built-up  Area,Chandapura,1190.0,2.0,2.0,30.35,3
Super built-up  Area,Sarjapur  Road,1145.0,2.0,1.0,62.0,2
Super built-up  Area,Somasundara Palya,1575.0,3.0,3.0,68.0,3
Plot  Area,Bannerghatta Road,9000.0,4.0,1.0,390.0,3
Super built-up  Area,Thanisandra,1200.0,2.0,2.0,46.0,2
Super built-up  Area,Yelahanka,1500.0,2.0,2.0,63.0,3
Built-up  Area,Ramamurthy Nagar,2560.0,4.0,2.0,75.0,4
Super built-up  Area,Kothanur,1583.0,3.0,3.0,76.1,3
Super built-up  Area,Kanakpura Road,700.0,2.0,1.0,34.98,2
Built-up  Area,Bannerghatta Road,950.0,2.0,0.0,38.0,2
Super built-up  Area,Banashankari,1041.0,2.0,1.0,36.44,2
Super built-up  Area,Thubarahalli,1085.0,2.0,1.0,70.0,2
Super built-up  Area,Anjanapura,1070.0,2.0,2.0,37.0,2
Super built-up  Area,Raja Rajeshwari Nagar,1165.0,2.0,1.0,45.0,2
Built-up  Area,Bommasandra,1000.0,2.0,1.0,35.0,2
Super built-up  Area,Horamavu Agara,1169.0,2.0,1.0,64.0,2
Super built-up  Area,Whitefield,1840.0,3.0,2.0,140.0,3
Built-up  Area,Other,1550.0,3.0,1.0,75.0,3
Super built-up  Area,Kaval Byrasandra,997.0,2.0,3.0,53.0,2
Built-up  Area,Gunjur,1457.0,2.0,3.0,60.0,2
Plot  Area,KR Puram,1000.0,2.0,0.0,60.0,2
Plot  Area,Sarjapur  Road,1500.0,3.0,2.0,88.0,3
Built-up  Area,Lakshminarayana Pura,1165.0,2.0,2.0,75.0,2
Super built-up  Area,Kasavanhalli,1787.0,3.0,2.0,123.0,3
Super built-up  Area,Raja Rajeshwari Nagar,1288.0,2.0,1.0,70.0,3
Super built-up  Area,Thanisandra,1430.0,2.0,2.0,54.11,3
Super built-up  Area,Hulimavu,3035.0,5.0,2.0,271.0,3
Super built-up  Area,Doddathoguru,750.0,1.0,1.0,25.5,1
Plot  Area,Channasandra,1200.0,3.0,1.0,67.77,3
Super built-up  Area,Electronic City,1500.0,2.0,1.0,78.0,3
Super built-up  Area,Ambalipura,1230.0,2.0,2.0,66.25,2
Super built-up  Area,Marathahalli,780.0,1.0,1.0,55.0,1
Built-up  Area,Bannerghatta Road,1220.0,2.0,1.0,80.0,2
Super built-up  Area,Kanakpura Road,1110.0,2.0,2.0,43.0,2
Super built-up  Area,Other,2100.0,3.0,2.0,240.0,3
Super built-up  Area,Akshaya Nagar,1690.0,3.0,2.0,85.0,3
Super built-up  Area,Bannerghatta Road,1130.0,2.0,2.0,78.0,2
Super built-up  Area,Electronic City,1213.0,2.0,1.0,59.32,2
Super built-up  Area,Kengeri,900.0,2.0,2.0,45.0,2
Super built-up  Area,Panathur,1199.0,2.0,1.0,85.0,2
Plot  Area,Other,5000.0,4.0,2.0,290.0,4
Super built-up  Area,Bhoganhalli,2072.5,2.0,2.0,111.0,4
Super built-up  Area,Uttarahalli,661.0,1.0,1.0,36.0,1
Super built-up  Area,Other,1804.0,2.0,1.0,285.0,2
Super built-up  Area,Marathahalli,1710.0,3.0,2.0,100.0,3
Built-up  Area,Kengeri Satellite Town,1030.0,2.0,2.0,50.0,2
Super built-up  Area,Marathahalli,1530.0,3.0,2.0,73.5,3
Plot  Area,Ramamurthy Nagar,1200.0,2.0,1.0,78.0,2
Super built-up  Area,Other,2000.0,3.0,2.0,85.0,3
Carpet  Area,Nagarbhavi,300.0,1.0,1.0,20.0,1
Super built-up  Area,Green Glen Layout,1751.0,2.0,1.0,115.0,3
Built-up  Area,R.T. Nagar,800.0,1.0,0.0,170.0,2
Super built-up  Area,Panathur,1255.0,2.0,2.0,79.0,2
Super built-up  Area,Whitefield,1778.0,3.0,2.0,122.0,3
Super built-up  Area,Other,1100.0,2.0,1.0,45.0,2
Super built-up  Area,Hennur Road,1480.0,2.0,2.0,65.0,2
Super built-up  Area,Marathahalli,1358.0,2.0,1.0,81.0,2
Built-up  Area,Electronics City Phase 1,580.0,1.0,1.0,27.0,1
Super built-up  Area,Choodasandra,1197.0,2.0,1.0,63.0,2
Plot  Area,HRBR Layout,1200.0,2.0,1.0,170.0,4
Super built-up  Area,Lingadheeranahalli,1705.0,3.0,1.0,110.0,3
Built-up  Area,Electronic City Phase II,1310.0,2.0,1.0,37.83,3
Super built-up  Area,Hoodi,1132.0,2.0,0.0,67.9,2
Plot  Area,Other,1200.0,3.0,0.0,140.0,3
Built-up  Area,Other,814.0,2.0,1.0,55.0,2
Super built-up  Area,Electronic City,1575.0,3.0,2.0,90.0,3
Super built-up  Area,Pattandur Agrahara,1302.0,2.0,1.0,66.0,2
Plot  Area,Sultan Palaya,1800.0,8.0,1.0,175.0,6
Super built-up  Area,Hegde Nagar,2006.8,4.0,2.0,196.0,3
Built-up  Area,Other,1100.0,2.0,2.0,44.0,2
Plot  Area,Other,2400.0,5.0,2.0,400.0,5
Super built-up  Area,Other,830.0,2.0,2.0,37.0,2
Built-up  Area,Other,435.0,1.0,1.0,19.5,1
Super built-up  Area,Other,1590.0,3.0,0.0,120.0,3
Built-up  Area,Electronic City Phase II,1140.0,2.0,1.0,33.06,2
Super built-up  Area,Kasavanhalli,1090.0,2.0,2.0,59.8,2
Super built-up  Area,Thanisandra,1922.0,3.0,3.0,106.0,3
Super built-up  Area,Thanisandra,965.0,2.0,1.0,67.0,2
Super built-up  Area,Mysore Road,883.0,2.0,1.0,40.95,2
Super built-up  Area,Electronic City Phase II,1089.0,2.0,0.0,32.67,2
Super built-up  Area,Babusapalaya,1358.0,2.0,1.0,43.1,3
Super built-up  Area,Hoodi,1108.0,2.0,1.0,87.0,2
Super built-up  Area,Harlur,1197.0,2.0,1.0,79.0,2
Super built-up  Area,Sarjapur  Road,1190.0,2.0,1.0,50.0,2
Super built-up  Area,Dairy Circle,3754.0,6.0,2.0,430.0,4
Super built-up  Area,Vijayanagar,1749.0,3.0,1.0,117.0,3
Plot  Area,Sarjapur  Road,1750.0,3.0,2.0,215.0,4
Super built-up  Area,Kasavanhalli,1691.0,3.0,2.0,104.0,3
Built-up  Area,Electronic City,1449.0,3.0,2.0,100.0,3
Super built-up  Area,Bommanahalli,1625.0,2.0,2.0,87.72,3
Built-up  Area,Whitefield,1400.0,2.0,1.0,80.0,2
Super built-up  Area,Electronic City,1310.0,2.0,1.0,37.83,3
Built-up  Area,Other,1100.0,2.0,1.0,48.0,2
Super built-up  Area,Other,1230.0,2.0,2.0,53.51,3
Super built-up  Area,Green Glen Layout,1750.0,3.0,2.0,130.0,3
Super built-up  Area,7th Phase JP Nagar,1450.0,3.0,2.0,100.0,3
Super built-up  Area,Haralur Road,1810.0,3.0,2.0,126.0,3
Super built-up  Area,Vittasandra,1246.0,2.0,1.0,62.3,2
Super built-up  Area,Brookefield,1420.0,3.0,2.0,85.0,3
Super built-up  Area,Old Airport Road,2658.0,5.0,3.0,187.0,4
Super built-up  Area,Other,1450.0,2.0,3.0,89.6,3
Super built-up  Area,Other,1200.0,4.0,1.0,230.0,4
Built-up  Area,Talaghattapura,2254.0,3.0,2.0,170.0,3
Super built-up  Area,Kadugodi,1711.0,3.0,3.0,75.0,3
Super built-up  Area,Raja Rajeshwari Nagar,1120.0,2.0,2.0,37.97,2
Super built-up  Area,Kaggalipura,950.0,2.0,1.0,47.0,2
Built-up  Area,Basavangudi,1560.0,2.0,2.0,145.0,2
Super built-up  Area,Kanakpura Road,1225.0,2.0,2.0,60.0,2
Built-up  Area,Other,1340.0,2.0,3.0,77.0,2
Super built-up  Area,Sarjapur  Road,1846.0,3.0,3.0,145.0,3
Super built-up  Area,Dodda Nekkundi,1155.0,2.0,1.0,46.0,2
Super built-up  Area,Balagere,1205.0,2.0,1.0,70.0,2
Super built-up  Area,Thanisandra,1140.0,2.0,1.0,36.0,2
Super built-up  Area,Raja Rajeshwari Nagar,1140.0,2.0,2.0,38.65,2
Super built-up  Area,Jalahalli East,1300.0,2.0,1.0,63.0,3
Super built-up  Area,Bellandur,1051.0,2.0,2.0,60.0,2
Super built-up  Area,Uttarahalli,1134.0,2.0,1.0,45.36,2
Super built-up  Area,Kodihalli,2500.0,4.0,1.0,260.0,3
Plot  Area,Other,12000.0,9.0,2.0,1900.0,8
Built-up  Area,Other,1135.0,2.0,2.0,32.91,2
Built-up  Area,Other,1745.0,3.0,2.0,77.0,3
Super built-up  Area,Other,1665.0,3.0,2.0,105.0,3
Super built-up  Area,Other,1220.0,2.0,2.0,48.79,2
Super built-up  Area,Kanakpura Road,1868.0,3.0,2.0,113.0,3
Plot  Area,Other,2300.0,4.0,2.0,200.0,4
Super built-up  Area,Other,1210.0,2.0,1.0,76.0,2
Super built-up  Area,Ambalipura,1351.0,2.0,1.0,77.0,2
Super built-up  Area,Hebbal,1636.0,3.0,1.0,119.0,3
Plot  Area,R.T. Nagar,2400.0,6.0,1.0,450.0,5
Built-up  Area,Attibele,418.0,1.0,1.0,12.0,1
Built-up  Area,Kanakpura Road,1339.0,2.0,2.0,62.0,2
Super built-up  Area,Bannerghatta,2370.0,4.0,2.0,195.0,3
Super built-up  Area,Other,1100.0,2.0,1.0,46.0,2
Super built-up  Area,7th Phase JP Nagar,1350.0,3.0,2.0,58.0,3
Super built-up  Area,Marathahalli,1290.0,2.0,2.0,52.0,2
Built-up  Area,Bommasandra Industrial Area,1220.0,2.0,1.0,35.23,3
Super built-up  Area,Sarjapur  Road,1846.0,3.0,2.0,155.0,3
Super built-up  Area,Hegde Nagar,1847.0,3.0,2.0,135.0,3
Plot  Area,Whitefield,3100.0,4.0,2.0,350.0,4
Super built-up  Area,Hoodi,1430.0,2.0,2.0,110.0,2
Plot  Area,Attibele,1350.0,3.0,1.0,85.0,3
Super built-up  Area,Hennur Road,1590.0,3.0,2.0,96.5,3
Built-up  Area,Other,1286.0,3.0,1.0,67.0,3
Built-up  Area,Other,1141.0,2.0,2.0,40.0,2
Super built-up  Area,Shivaji Nagar,1554.0,3.0,3.0,130.0,2
Built-up  Area,Hebbal,3520.0,3.0,3.0,430.0,3
Super built-up  Area,Malleshwaram,7500.0,7.0,3.0,1700.0,5
Super built-up  Area,Harlur,1749.0,3.0,2.0,112.0,3
Plot  Area,Other,2250.0,5.0,1.0,360.0,5
Carpet  Area,Other,1140.0,2.0,3.0,45.0,2
Plot  Area,Other,1632.0,3.0,1.0,128.0,4
Super built-up  Area,Ramamurthy Nagar,1000.0,2.0,1.0,41.0,3
Super built-up  Area,Other,1065.0,2.0,1.0,58.0,2
Super built-up  Area,Haralur Road,1520.0,2.0,2.0,96.0,3
Super built-up  Area,Bisuvanahalli,1075.0,2.0,1.0,43.0,3
Built-up  Area,Gubbalala,1539.0,2.0,2.0,52.36,3
Super built-up  Area,Sector 7 HSR Layout,1342.0,2.0,2.0,115.0,2
Super built-up  Area,HBR Layout,1004.0,2.0,1.0,49.0,2
Super built-up  Area,Ramagondanahalli,1295.0,2.0,2.0,95.0,2
Super built-up  Area,Thanisandra,1098.0,2.0,1.0,74.0,2
Super built-up  Area,Kothanur,1070.0,2.0,1.0,45.5,2
Super built-up  Area,Hosa Road,1016.0,2.0,2.0,40.0,2
Built-up  Area,Bellandur,1450.0,3.0,1.0,68.0,3
Super built-up  Area,Yelahanka,654.0,1.0,1.0,37.0,1
Super built-up  Area,Koramangala,5985.0,4.0,2.0,775.0,4
Super built-up  Area,Yelachenahalli,1080.0,2.0,2.0,38.0,2
Super built-up  Area,Vijayanagar,1046.0,2.0,1.0,75.0,2
Super built-up  Area,Domlur,1950.0,3.0,3.0,165.0,3
Super built-up  Area,Bhoganhalli,1610.0,3.0,1.0,84.53,3
Super built-up  Area,Doddakallasandra,2493.0,3.0,2.0,115.0,3
Super built-up  Area,Ramagondanahalli,1151.0,2.0,2.0,50.5,2
Super built-up  Area,Electronic City,1125.0,2.0,1.0,58.0,2
Super built-up  Area,Kammasandra,992.0,2.0,2.0,25.79,2
Super built-up  Area,1st Block Jayanagar,1000.0,3.0,2.0,60.0,2
Plot  Area,Banashankari Stage II,2400.0,3.0,2.0,510.0,5
Super built-up  Area,Bommanahalli,1850.0,3.0,2.0,90.0,3
Super built-up  Area,Harlur,1174.0,2.0,1.0,75.0,2
Super built-up  Area,Hebbal,2661.0,2.0,2.0,226.5,3
Super built-up  Area,Sultan Palaya,1100.0,2.0,1.0,45.0,2
Super built-up  Area,Raja Rajeshwari Nagar,1095.0,2.0,1.0,38.33,2
Super built-up  Area,Banashankari,3580.0,3.0,1.0,411.0,3
Plot  Area,Choodasandra,900.0,4.0,3.0,155.0,3
Super built-up  Area,Other,1082.0,2.0,0.0,42.0,3
Super built-up  Area,Uttarahalli,1350.0,2.0,3.0,47.24,3
Super built-up  Area,Kadugodi,1314.0,2.0,2.0,78.0,2
Super built-up  Area,Other,1290.0,2.0,3.0,40.63,2
Super built-up  Area,Kaggadasapura,1010.0,2.0,2.0,55.0,2
Built-up  Area,Shivaji Nagar,2200.0,2.0,0.0,110.0,2
Built-up  Area,Other,1636.0,3.0,2.0,97.0,3
Super built-up  Area,9th Phase JP Nagar,1050.0,2.0,2.0,39.0,2
Plot  Area,7th Phase JP Nagar,1200.0,2.0,2.0,200.0,2
Super built-up  Area,Haralur Road,1520.0,2.0,2.0,125.0,3
Super built-up  Area,5th Phase JP Nagar,2500.0,5.0,2.0,110.0,5
Super built-up  Area,Sarjapur  Road,1067.0,2.0,1.0,60.0,2
Built-up  Area,NRI Layout,1060.0,2.0,2.0,35.0,2
Super built-up  Area,Bommasandra,955.0,2.0,1.0,35.28,2
Built-up  Area,Anekal,700.0,1.0,0.0,19.4,2
Super built-up  Area,Kanakpura Road,1366.0,2.0,1.0,83.0,2
Built-up  Area,Electronic City,1090.0,2.0,2.0,35.03,2
Built-up  Area,Jigani,1250.0,3.0,2.0,58.0,3
Super built-up  Area,Other,3600.0,4.0,3.0,450.0,4
Super built-up  Area,Electronics City Phase 1,950.0,2.0,1.0,33.0,2
Super built-up  Area,Indira Nagar,1470.0,2.0,2.0,170.0,2
Super built-up  Area,Yelahanka,1250.0,2.0,2.0,40.0,2
Super built-up  Area,Other,1494.0,2.0,2.0,94.55,3
Built-up  Area,Hennur Road,1445.0,2.0,1.0,105.0,3
Super built-up  Area,Vijayanagar,606.0,1.0,1.0,40.0,1
Super built-up  Area, Devarachikkanahalli,1170.0,2.0,2.0,40.0,2
Super built-up  Area,Koramangala,2461.0,6.0,2.0,353.0,4
Super built-up  Area,Marathahalli,1205.0,2.0,1.0,75.0,2
Built-up  Area,Rajaji Nagar,660.0,1.0,0.0,75.0,1
Super built-up  Area,Dommasandra,1153.0,2.0,2.0,43.5,2
Plot  Area,OMBR Layout,2400.0,5.0,3.0,275.0,5
Super built-up  Area,Old Madras Road,4500.0,7.0,3.0,294.0,5
Super built-up  Area,Vijayanagar,1200.0,2.0,2.0,62.0,2
Built-up  Area,Other,1450.0,3.0,3.0,42.0,3
Super built-up  Area,Budigere,1139.0,2.0,2.0,60.0,2
Super built-up  Area,Green Glen Layout,1530.0,3.0,2.0,105.0,3
Super built-up  Area,Electronic City,1575.0,3.0,3.0,101.0,3
Super built-up  Area,Whitefield,650.0,1.0,1.0,25.0,1
Super built-up  Area,Other,1120.0,2.0,2.0,40.0,2
Super built-up  Area,Akshaya Nagar,1700.0,3.0,1.0,80.0,3
Super built-up  Area,Varthur,1090.0,2.0,2.0,48.0,2
Super built-up  Area,Akshaya Nagar,1897.0,4.0,2.0,93.0,3
Plot  Area,Other,1200.0,3.0,2.0,72.0,3
Super built-up  Area,Kanakpura Road,700.0,2.0,1.0,40.0,2
Super built-up  Area,Thanisandra,1437.0,2.0,1.0,71.13,2
Super built-up  Area,Ambedkar Nagar,1856.0,3.0,1.0,120.0,3
Plot  Area,Other,1500.0,2.0,0.0,65.0,3
Super built-up  Area,Hennur Road,1036.0,2.0,1.0,59.45,2
Super built-up  Area,Other,3000.0,8.0,2.0,90.0,6
Super built-up  Area,Mico Layout,1125.0,2.0,2.0,40.0,2
Super built-up  Area,Uttarahalli,1320.0,2.0,3.0,55.44,3
Super built-up  Area,Malleshwaram,2215.0,4.0,1.0,310.0,3
Super built-up  Area,Electronic City,660.0,1.0,1.0,16.0,2
Super built-up  Area,Marathahalli,1730.0,3.0,3.0,110.0,3
Super built-up  Area,Talaghattapura,1804.0,3.0,1.0,115.0,3
Super built-up  Area,Thanisandra,1795.0,3.0,2.0,140.0,3
Super built-up  Area,7th Phase JP Nagar,1050.0,2.0,1.0,50.0,2
Super built-up  Area,Dasarahalli,2100.0,3.0,3.0,120.0,3
Built-up  Area,Rayasandra,1199.0,2.0,1.0,48.5,3
Plot  Area,Other,1350.0,2.0,2.0,280.0,3
Super built-up  Area,Other,1100.0,2.0,2.0,47.0,2
Plot  Area,Other,1000.0,1.0,1.0,75.0,2
Super built-up  Area,Kanakapura,1254.0,2.0,2.0,70.0,3
Built-up  Area,Electronics City Phase 1,940.0,2.0,2.0,49.0,2
Built-up  Area,BTM 2nd Stage,1280.0,2.0,2.0,80.0,2
Super built-up  Area,Whitefield,2155.0,3.0,3.0,125.0,4
Built-up  Area,Sarjapur  Road,3200.0,5.0,3.0,140.0,5
Super built-up  Area,Kasavanhalli,4260.0,4.0,3.0,272.0,4
Super built-up  Area,Hebbal,1255.0,2.0,1.0,95.0,3
Super built-up  Area,Other,1388.0,3.0,3.0,69.99,3
Built-up  Area,Other,905.0,1.0,1.0,52.0,1
Super built-up  Area,Other,1176.0,2.0,2.0,44.0,2
Super built-up  Area,Uttarahalli,1390.0,2.0,2.0,61.16,3
Plot  Area,Giri Nagar,2400.0,4.0,2.0,400.0,4
Super built-up  Area,Sahakara Nagar,1160.0,2.0,1.0,55.0,2
Super built-up  Area,Seegehalli,2800.0,4.0,3.0,140.0,4
Plot  Area,Other,1200.0,4.0,2.0,205.0,4
Super built-up  Area,Marathahalli,1583.0,3.0,3.0,115.0,3
Super built-up  Area,Jigani,1252.0,3.0,2.0,63.0,3
Built-up  Area,Bannerghatta Road,1350.0,2.0,2.0,51.0,3
Super built-up  Area,Gottigere,1075.0,2.0,2.0,30.0,2
Built-up  Area,Hosa Road,972.0,2.0,2.0,40.0,2
Super built-up  Area,Bannerghatta Road,1486.0,3.0,1.0,83.22,3
Plot  Area,Other,4830.0,5.0,1.0,390.0,4
Built-up  Area,Other,850.0,2.0,1.0,75.0,2
Super built-up  Area,Binny Pete,1282.0,3.0,2.0,178.0,3
Super built-up  Area,Sarjapur  Road,2383.0,5.0,1.0,215.0,4
Carpet  Area,Other,1103.0,2.0,1.0,55.0,2
Super built-up  Area,Rayasandra,1577.0,3.0,2.0,67.0,3
Built-up  Area,Yelahanka,1465.0,3.0,2.0,80.01,3
Built-up  Area,Other,1600.0,3.0,1.0,64.0,3
Built-up  Area,Uttarahalli,1090.0,2.0,2.0,45.0,2
Super built-up  Area,Yelahanka,1721.0,3.0,3.0,80.86,3
Built-up  Area,Other,1100.0,2.0,1.0,55.0,2
Super built-up  Area,Varthur,1450.0,3.0,2.0,71.0,3
Super built-up  Area,Battarahalli,1071.0,2.0,1.0,62.0,2
Super built-up  Area,Old Madras Road,2266.0,3.0,2.0,169.0,3
Super built-up  Area,Other,2065.0,3.0,2.0,130.0,3
Built-up  Area,Kanakpura Road,1800.0,3.0,2.0,90.0,3
Built-up  Area,Other,1150.0,2.0,2.0,125.0,2
Super built-up  Area,Hormavu,1123.0,2.0,1.0,56.0,2
Super built-up  Area,Akshaya Nagar,1884.0,3.0,3.0,98.0,3
Super built-up  Area,Lakshminarayana Pura,1145.0,2.0,1.0,75.0,2
Super built-up  Area,Hebbal,1328.0,2.0,2.0,60.0,3
Super built-up  Area,Subramanyapura,950.0,2.0,1.0,55.0,2
Super built-up  Area,Other,1250.0,2.0,2.0,59.0,2
Built-up  Area,Other,1115.0,2.0,0.0,46.0,2
Super built-up  Area,Gollarapalya Hosahalli,1318.0,3.0,1.0,54.0,3
Built-up  Area,JP Nagar,3300.0,4.0,3.0,160.0,3
Super built-up  Area,Kalyan nagar,1280.0,2.0,1.0,48.0,2
Super built-up  Area,Whitefield,1230.0,2.0,2.0,59.0,2
Super built-up  Area,Raja Rajeshwari Nagar,1420.0,2.0,2.0,60.0,3
Built-up  Area,Kasavanhalli,2111.0,4.0,3.0,120.0,3
Super built-up  Area,Vidyaranyapura,1100.0,2.0,1.0,54.0,2
Super built-up  Area,Harlur,1750.0,3.0,2.0,136.0,3
Built-up  Area,Other,2550.0,4.0,2.0,290.0,3
Super built-up  Area,Other,700.0,1.0,2.0,35.0,2
Super built-up  Area,Uttarahalli,1235.0,2.0,3.0,90.0,2
Plot  Area,Yeshwanthpur,1200.0,2.0,0.0,63.0,2
Super built-up  Area,Kengeri,900.0,2.0,0.0,30.0,2
Super built-up  Area,Thanisandra,1146.0,2.0,1.0,38.0,2
Plot  Area,Yeshwanthpur,1200.0,4.0,1.0,110.0,4
Super built-up  Area,Banashankari,2400.0,1.0,1.0,200.0,1
Built-up  Area,Other,615.0,1.0,1.0,24.0,1
Super built-up  Area,Mysore Road,1070.0,2.0,1.0,49.65,2
Plot  Area,Rajaji Nagar,1538.0,5.0,2.0,300.0,5
Super built-up  Area,Poorna Pragna Layout,1355.0,2.0,3.0,58.25,3
Built-up  Area,Other,3080.0,2.0,1.0,285.0,4
Super built-up  Area,Kundalahalli,1800.0,3.0,3.0,80.0,3
Built-up  Area,Begur Road,1400.0,2.0,3.0,50.06,3
Super built-up  Area,Uttarahalli,1123.0,2.0,1.0,48.0,2
Plot  Area,Konanakunte,1200.0,2.0,1.0,130.0,4
Built-up  Area,Kengeri,787.0,2.0,1.0,31.0,2
Super built-up  Area,Kambipura,1082.0,2.0,1.0,45.0,3
Super built-up  Area,Seegehalli,1096.0,2.0,1.0,41.0,2
Plot  Area,R.T. Nagar,1140.0,3.0,1.0,130.0,3
Carpet  Area,Other,1130.0,2.0,1.0,52.0,2
Built-up  Area,Electronic City,550.0,1.0,1.0,12.0,1
Super built-up  Area,Mahadevpura,1058.0,2.0,2.0,85.0,2
Built-up  Area,Hebbal,1269.0,2.0,1.0,73.0,3
Plot  Area,Prithvi Layout,946.0,3.0,2.0,140.0,3
Super built-up  Area,Other,3400.0,6.0,2.0,420.0,4
Super built-up  Area,Kanakpura Road,2689.0,6.0,2.0,245.0,4
Super built-up  Area,Hennur Road,1976.0,3.0,3.0,65.21,3
Super built-up  Area,Kothanur,1820.0,3.0,3.0,77.0,3
Super built-up  Area,Uttarahalli,1329.0,2.0,1.0,56.0,3
Super built-up  Area,Kathriguppe,1350.0,2.0,1.0,80.99,3
Plot  Area,Nagarbhavi,1250.0,3.0,0.0,175.0,4
Super built-up  Area,Kanakpura Road,1339.0,2.0,2.0,71.5,2
Super built-up  Area,Uttarahalli,938.0,2.0,0.0,35.0,2
Super built-up  Area,Other,450.0,1.0,1.0,25.0,1
Built-up  Area,BTM 2nd Stage,1100.0,2.0,2.0,70.0,2
Super built-up  Area,Yelahanka,1060.0,2.0,1.0,40.0,2
Super built-up  Area,Whitefield,1125.0,2.0,2.0,40.0,2
Built-up  Area,Whitefield,810.0,1.0,0.0,21.0,1
Super built-up  Area,Bellandur,1060.0,2.0,1.0,65.0,2
Plot  Area,Anandapura,1749.0,4.0,0.0,90.0,4
Super built-up  Area,Sahakara Nagar,1200.0,2.0,2.0,75.0,3
Super built-up  Area,Other,1100.0,2.0,1.0,85.0,2
Super built-up  Area,Rachenahalli,680.0,1.0,0.0,32.64,1
Plot  Area,Gunjur,6613.0,7.0,2.0,950.0,5
Super built-up  Area,Hoodi,1925.0,3.0,3.0,110.0,3
Built-up  Area,Kengeri,502.0,1.0,1.0,25.0,1
Built-up  Area,Other,3339.0,3.0,0.0,250.0,3
Built-up  Area,Begur,1475.0,2.0,2.0,74.0,3
Super built-up  Area,Other,1550.0,3.0,2.0,258.0,3
Super built-up  Area,Other,966.0,2.0,1.0,49.0,2
Super built-up  Area,Haralur Road,1300.0,2.0,2.0,75.0,2
Plot  Area,Other,4400.0,4.0,1.0,350.0,5
Super built-up  Area,Kogilu,1559.0,3.0,2.0,120.0,3
Super built-up  Area,Vittasandra,1246.0,2.0,1.0,63.0,2
Plot  Area,Rajaji Nagar,2790.0,3.0,0.0,950.0,3
Super built-up  Area,Begur Road,1410.0,2.0,3.0,53.58,3
Plot  Area,Varthur Road,1300.0,3.0,0.0,75.0,4
Super built-up  Area,Channasandra,1104.0,2.0,1.0,35.5,2
Built-up  Area,Sultan Palaya,900.0,2.0,2.0,45.0,2
Built-up  Area,Other,1550.0,2.0,2.0,79.0,3
Super built-up  Area,Kanakpura Road,670.0,1.0,1.0,35.0,1
Super built-up  Area,Jakkur,1483.0,2.0,1.0,98.0,2
Super built-up  Area,Other,1540.0,2.0,2.0,70.0,3
Super built-up  Area,Hennur,1255.0,2.0,1.0,54.5,2
Super built-up  Area,Other,1036.0,2.0,2.0,110.0,2
Super built-up  Area,Bannerghatta Road,1460.0,2.0,2.0,75.0,3
Super built-up  Area,Other,1230.0,2.0,1.0,58.0,2
Built-up  Area,Kanakpura Road,1340.0,2.0,2.0,60.0,2
Built-up  Area,Yelenahalli,1600.0,3.0,3.0,61.37,3
Built-up  Area,Hegde Nagar,2162.0,3.0,1.0,200.0,3
Super built-up  Area,Electronic City,919.0,2.0,2.0,40.0,2
Super built-up  Area,Other,1070.0,2.0,2.0,38.9,2
Super built-up  Area,Hosur Road,1733.0,2.0,3.0,85.0,3
Super built-up  Area,Jigani,1221.0,3.0,3.0,72.0,3
Super built-up  Area,Other,1041.0,2.0,1.0,36.44,2
Built-up  Area,Ambalipura,2550.0,4.0,2.0,149.0,4
Built-up  Area,Other,1400.0,3.0,1.0,70.0,3
Plot  Area,Anjanapura,600.0,2.0,0.0,55.0,1
Built-up  Area,Nagarbhavi,710.0,2.0,2.0,40.0,1
Super built-up  Area,Electronic City,1500.0,2.0,1.0,78.25,3
Super built-up  Area,Thigalarapalya,3122.0,6.0,2.0,237.0,4
Super built-up  Area,Akshaya Nagar,2061.0,3.0,3.0,175.0,3
Plot  Area,Brookefield,2400.0,5.0,2.0,325.0,5
Super built-up  Area,Hebbal,1255.0,2.0,1.0,95.0,3
Super built-up  Area,Malleshwaram,2425.0,7.0,3.0,140.0,7
Super built-up  Area,Balagere,1210.0,2.0,1.0,74.0,2
Super built-up  Area,Anjanapura,950.0,2.0,1.0,40.0,2
Plot  Area,Other,1376.0,4.0,1.0,156.0,4
Super built-up  Area,Hosa Road,1161.0,2.0,1.0,55.15,2
Super built-up  Area,Raja Rajeshwari Nagar,1303.0,2.0,2.0,44.17,2
Super built-up  Area,Thigalarapalya,1418.0,2.0,2.0,105.0,2
Plot  Area,Kengeri Satellite Town,1200.0,2.0,1.0,65.0,2
Super built-up  Area,Basavangudi,1825.0,3.0,2.0,175.0,3
Built-up  Area,Bannerghatta Road,1015.0,2.0,0.0,48.0,2
Carpet  Area,Other,1150.0,2.0,0.0,60.0,3
Super built-up  Area,Singasandra,1010.0,2.0,1.0,40.0,2
Super built-up  Area,Other,1508.0,3.0,1.0,75.0,3
Super built-up  Area,7th Phase JP Nagar,1275.0,2.0,1.0,87.0,2
Built-up  Area,7th Phase JP Nagar,1460.0,3.0,1.0,70.0,3
Super built-up  Area,Old Airport Road,946.0,2.0,2.0,58.0,2
Super built-up  Area,Other,1110.0,2.0,2.0,58.0,2
Super built-up  Area,Hennur Road,1832.0,3.0,1.0,125.0,3
Super built-up  Area,Hebbal,1088.0,2.0,2.0,61.45,2
Super built-up  Area,Thanisandra,1564.0,3.0,1.0,104.0,3
Super built-up  Area,Kadugodi,1030.0,2.0,1.0,35.02,2
Super built-up  Area,9th Phase JP Nagar,660.0,2.0,0.0,27.0,2
Super built-up  Area,Sarjapur  Road,1700.0,3.0,1.0,95.0,3
Super built-up  Area,Panathur,1205.0,2.0,2.0,62.9,2
Super built-up  Area,Other,1950.0,3.0,2.0,90.0,3
Super built-up  Area,Other,1080.0,2.0,1.0,62.0,2
Built-up  Area,Ardendale,2800.0,4.0,2.0,140.0,4
Super built-up  Area,Other,999.0,2.0,1.0,43.66,2
Super built-up  Area,Kanakpura Road,1300.0,2.0,1.0,89.76,2
Super built-up  Area,HRBR Layout,1265.0,2.0,1.0,78.0,2
Built-up  Area,Attibele,1200.0,2.0,2.0,42.0,2
Super built-up  Area,Bhoganhalli,1974.0,4.0,0.0,106.0,4
Super built-up  Area,Other,1180.0,2.0,2.0,40.0,2
Super built-up  Area,Amruthahalli,1350.0,2.0,3.0,63.0,3
Super built-up  Area,Kodichikkanahalli,1560.0,2.0,2.0,65.0,3
Plot  Area,Other,2800.0,2.0,0.0,650.0,2
Super built-up  Area,Hosakerehalli,1085.0,2.0,1.0,41.23,2
Super built-up  Area,Vijayanagar,1300.0,2.0,2.0,75.0,3
Super built-up  Area,Marathahalli,1600.0,3.0,2.0,56.0,3
Super built-up  Area,Other,1127.0,2.0,2.0,55.0,2
Super built-up  Area,Kengeri Satellite Town,795.0,2.0,2.0,32.0,2
Super built-up  Area,Nagarbhavi,1850.0,3.0,2.0,88.0,3
Built-up  Area,Bommasandra Industrial Area,1020.0,2.0,1.0,29.45,2
Built-up  Area,Other,1475.0,2.0,1.0,200.0,3
Plot  Area,Other,1200.0,3.0,3.0,96.25,3
Super built-up  Area,Uttarahalli,1345.0,2.0,1.0,47.0,3
Super built-up  Area,Kaikondrahalli,849.0,2.0,1.0,25.4,2
Super built-up  Area,Kanakpura Road,1706.0,3.0,2.0,135.0,3
Super built-up  Area,Yelahanka,2100.0,4.0,1.0,180.0,4
Super built-up  Area,Other,1250.0,2.0,2.0,65.0,3
Built-up  Area,Kanakpura Road,1260.0,3.0,3.0,63.58,3
Super built-up  Area,Horamavu Agara,1265.0,2.0,1.0,65.0,3
Super built-up  Area,Abbigere,1260.0,2.0,1.0,45.0,3
Super built-up  Area,Jalahalli,1045.0,2.0,1.0,58.0,2
Super built-up  Area,Hebbal Kempapura,3895.0,4.0,2.0,495.0,4
Super built-up  Area,Other,412.5,1.0,0.0,19.8,1
Super built-up  Area,Bellandur,1100.0,2.0,3.0,62.0,2
Super built-up  Area,Kudlu Gate,1113.0,2.0,1.0,50.0,2
Super built-up  Area,Old Airport Road,2774.0,4.0,3.0,208.0,4
Built-up  Area,Varthur,1210.0,2.0,1.0,60.0,2
Super built-up  Area,Kogilu,700.0,1.0,1.0,30.84,1
Super built-up  Area,Kanakpura Road,1155.0,2.0,1.0,55.5,2
Super built-up  Area,Hoodi,1132.0,2.0,1.0,89.0,2
Super built-up  Area,Hennur Road,1359.0,2.0,2.0,104.0,2
Super built-up  Area,Other,2631.0,3.0,2.0,200.0,4
Super built-up  Area,Kothanur,1145.0,2.0,2.0,56.0,2
Built-up  Area,5th Phase JP Nagar,600.0,1.0,1.0,30.0,1
Plot  Area,Laggere,1200.0,1.0,1.0,125.0,1
Built-up  Area,Other,830.0,2.0,1.0,60.0,2
Super built-up  Area,HSR Layout,1009.0,2.0,2.0,56.0,2
Super built-up  Area,Basavangudi,1800.0,3.0,2.0,195.0,3
Super built-up  Area,Yelahanka,1226.0,2.0,2.0,52.71,2
Super built-up  Area,Other,1500.0,2.0,2.0,88.0,2
Super built-up  Area,Electronic City,1363.0,2.0,1.0,79.0,2
Built-up  Area,Poorna Pragna Layout,1400.0,2.0,1.0,240.0,3
Built-up  Area,Bommasandra Industrial Area,1165.0,2.0,1.0,33.64,2
Built-up  Area,HSR Layout,2792.0,4.0,1.0,220.0,4
Built-up  Area,Kammanahalli,700.0,1.0,0.0,59.0,1
Super built-up  Area,Kaval Byrasandra,1060.0,2.0,2.0,42.0,2
Built-up  Area,Marathahalli,1200.0,2.0,1.0,67.0,2
Built-up  Area,Other,1518.0,3.0,2.0,76.0,3
Built-up  Area,Nagappa Reddy Layout,1495.0,2.0,2.0,75.0,3
Built-up  Area,Sanjay nagar,1575.0,2.0,2.0,90.0,2
Built-up  Area,Rajaji Nagar,1440.0,2.0,2.0,170.0,2
Super built-up  Area,Kasavanhalli,1545.0,3.0,1.0,69.0,3
Built-up  Area,Kengeri,1470.0,3.0,3.0,50.0,3
Super built-up  Area,Cooke Town,1500.0,3.0,3.0,95.0,3
Built-up  Area,BTM Layout,1450.0,2.0,2.0,81.0,3
Super built-up  Area,Hosur Road,1179.0,2.0,1.0,49.0,2
Super built-up  Area,7th Phase JP Nagar,1650.0,3.0,2.0,110.0,3
Super built-up  Area,Chandapura,1095.0,2.0,2.0,32.0,3
Built-up  Area,Other,856.0,2.0,1.0,48.0,2
Super built-up  Area,Other,1143.0,2.0,1.0,62.0,2
Super built-up  Area,Hebbal,1349.0,2.0,1.0,97.8,2
Built-up  Area,Anjanapura,1280.0,2.0,2.0,45.0,3
Super built-up  Area,Malleshwaram,480.0,1.0,1.0,60.0,1
Super built-up  Area,Whitefield,1216.0,2.0,1.0,69.06,2
Super built-up  Area,Malleshwaram,1290.0,2.0,1.0,120.0,2
Super built-up  Area,Electronic City,1156.0,2.0,2.0,42.0,2
Super built-up  Area,Thanisandra,1230.0,2.0,2.0,44.0,2
Super built-up  Area,Other,1070.0,2.0,2.0,33.15,2
Super built-up  Area,Ramagondanahalli,1235.0,2.0,1.0,49.3,2
Built-up  Area,Other,1117.0,2.0,1.0,110.0,2
Super built-up  Area,Kundalahalli,1724.0,3.0,2.0,124.0,3
Plot  Area,Jalahalli,1200.0,4.0,0.0,90.0,4
Super built-up  Area,Other,600.0,1.0,1.0,43.0,1
Super built-up  Area,KR Puram,1930.0,2.0,2.0,57.9,3
Super built-up  Area,Whitefield,1216.0,2.0,1.0,75.0,2
Built-up  Area,KR Puram,1452.0,3.0,3.0,60.0,3
Super built-up  Area,Whitefield,1355.0,2.0,3.0,78.0,2
Built-up  Area,Other,7500.0,4.0,2.0,425.0,4
Super built-up  Area,Sarjapur  Road,2145.0,3.0,3.0,190.0,3
Super built-up  Area,Bommanahalli,957.0,2.0,1.0,53.0,2
Built-up  Area,Other,925.0,2.0,2.0,48.0,2
Super built-up  Area,Bellandur,1550.0,2.0,3.0,59.0,2
Plot  Area,Yelahanka New Town,4000.0,2.0,1.0,899.0,4
Plot  Area,Kanakpura Road,2100.0,3.0,2.0,140.0,3
Super built-up  Area,Bannerghatta Road,1115.0,2.0,1.0,61.0,2
Super built-up  Area,Yelahanka,1692.0,3.0,2.0,83.0,3
Super built-up  Area,Other,1100.0,2.0,2.0,52.0,2
Super built-up  Area,Hormavu,1385.0,2.0,2.0,69.0,3
Super built-up  Area,Hosa Road,760.0,1.0,1.0,24.9,1
Super built-up  Area,Electronics City Phase 1,1335.0,2.0,2.0,67.0,2
Super built-up  Area,Bommanahalli,910.0,2.0,1.0,45.0,2
Super built-up  Area,Kanakpura Road,1610.0,2.0,2.0,55.0,3
Super built-up  Area,Hennur Road,1341.0,2.0,1.0,75.76,2
Plot  Area,Other,1200.0,3.0,0.0,70.0,3
Super built-up  Area,Uttarahalli,1285.0,2.0,2.0,44.98,3
Super built-up  Area,Other,2100.0,3.0,2.0,252.0,3
Super built-up  Area,Yeshwanthpur,1679.0,3.0,2.0,92.13,3
Built-up  Area,Other,2675.0,4.0,2.0,290.0,4
Built-up  Area,Other,1016.0,2.0,1.0,45.9,2
Built-up  Area,Banashankari Stage II,1500.0,2.0,0.0,650.0,4
Super built-up  Area,Rajaji Nagar,2448.0,3.0,2.0,400.0,3
Super built-up  Area,8th Phase JP Nagar,500.0,1.0,1.0,31.0,1
Super built-up  Area,Other,1800.0,3.0,2.0,88.0,3
Super built-up  Area,Whitefield,1255.0,2.0,3.0,77.0,2
Super built-up  Area,Hennur Road,1040.0,2.0,2.0,50.0,2
Super built-up  Area,Other,1062.0,2.0,2.0,47.0,2
Super built-up  Area,Varthur Road,805.5,2.0,0.0,19.33,2
Super built-up  Area,Hosur Road,950.0,2.0,1.0,60.0,2
Super built-up  Area,Whitefield,1216.0,2.0,1.0,73.0,2
Super built-up  Area,HSR Layout,1300.0,2.0,2.0,98.0,2
Super built-up  Area,5th Phase JP Nagar,1390.0,2.0,2.0,65.0,2
Super built-up  Area,Yelahanka,1033.0,2.0,1.0,52.58,2
Super built-up  Area,Yelahanka,1390.0,2.0,2.0,65.31,2
Super built-up  Area,Jalahalli,1020.0,2.0,1.0,52.0,2
Super built-up  Area,Whitefield,709.0,1.0,0.0,34.735,1
Super built-up  Area,Whitefield,1140.0,2.0,2.0,45.0,2
Super built-up  Area,Yeshwanthpur,670.0,1.0,1.0,36.85,1
Super built-up  Area,Bhoganhalli,2171.0,4.0,2.0,111.0,4
Super built-up  Area,Bannerghatta Road,1136.0,2.0,1.0,48.0,2
Built-up  Area,Other,1477.0,2.0,2.0,80.0,3
Super built-up  Area,KR Puram,1001.0,2.0,2.0,30.0,2
Super built-up  Area,Yelahanka,1040.0,2.0,1.0,48.86,2
Super built-up  Area,Garudachar Palya,1060.0,2.0,1.0,48.5,2
Super built-up  Area,Sarjapur,1240.0,2.0,1.0,44.3,2
Super built-up  Area,Other,3500.0,5.0,2.0,450.0,4
Super built-up  Area,Varthur,1070.0,2.0,2.0,46.0,2
Built-up  Area,Electronic City Phase II,1253.0,2.0,1.0,65.8,2
Super built-up  Area,Whitefield,1190.0,2.0,2.0,60.0,2
Super built-up  Area,Whitefield,1312.0,2.0,2.0,55.0,2
Built-up  Area,KR Puram,750.0,2.0,0.0,40.0,2
Built-up  Area,Koramangala,1615.0,3.0,2.0,115.0,3
Built-up  Area,Marathahalli,1095.0,2.0,1.0,60.0,2
Super built-up  Area,Whitefield,1745.0,3.0,3.0,100.0,3
Super built-up  Area,Rachenahalli,1050.0,2.0,2.0,52.5,2
Plot  Area,Other,2080.0,4.0,2.0,440.0,4
Super built-up  Area,Thanisandra,1220.0,2.0,1.0,44.6,2
Super built-up  Area,Other,1793.0,3.0,2.0,98.0,3
Super built-up  Area,Uttarahalli,1100.0,1.0,2.0,45.0,2
Super built-up  Area,Yelahanka New Town,1385.0,2.0,3.0,65.0,2
Super built-up  Area,Begur Road,1200.0,2.0,2.0,45.0,2
Super built-up  Area,Haralur Road,2017.0,2.0,2.0,125.0,3
Super built-up  Area,Attibele,400.0,1.0,1.0,10.0,1
Super built-up  Area,Bellandur,1400.0,2.0,2.0,44.81,3
Super built-up  Area,Other,960.0,2.0,1.0,33.0,2
Super built-up  Area,Uttarahalli,1125.0,2.0,1.0,47.0,2
Super built-up  Area,Akshaya Nagar,1551.0,2.0,2.0,60.0,3
Built-up  Area,Whitefield,3200.0,4.0,3.0,224.0,4
Super built-up  Area,Marathahalli,1060.0,2.0,1.0,48.0,2
Super built-up  Area,Bharathi Nagar,1384.0,2.0,2.0,59.0,2
Super built-up  Area,Other,620.0,2.0,1.0,23.0,2
Super built-up  Area,Bommasandra,1005.0,2.0,1.0,39.77,2
Plot  Area,Sarakki Nagar,1200.0,3.0,2.0,128.0,3
Built-up  Area,Other,1400.0,3.0,2.0,35.0,3
Super built-up  Area,HSR Layout,2400.0,3.0,3.0,88.0,3
Super built-up  Area,Whitefield,1096.0,2.0,1.0,39.0,2
Super built-up  Area,Kaggadasapura,1180.0,1.0,0.0,50.0,2
Super built-up  Area,Uttarahalli,1300.0,2.0,1.0,47.0,3
Plot  Area,Other,1020.0,2.0,1.0,62.0,2
Plot  Area,Margondanahalli,600.0,2.0,0.0,35.0,2
Super built-up  Area,Other,3563.0,6.0,1.0,310.0,4
Super built-up  Area,Other,1165.0,2.0,2.0,47.0,2
Super built-up  Area,Bellandur,1685.0,3.0,3.0,100.0,3
Super built-up  Area,Balagere,1210.0,2.0,1.0,83.0,2
Super built-up  Area,Kammasandra,1030.0,1.0,2.0,25.75,2
Built-up  Area,Nagappa Reddy Layout,1100.0,2.0,2.0,43.5,2
Super built-up  Area,Jakkur,1482.0,3.0,2.0,86.0,3
Super built-up  Area,Hebbal,1344.0,2.0,1.0,108.0,2
Super built-up  Area,Kothannur,1275.0,2.0,2.0,39.8,3
Super built-up  Area,Other,3300.0,5.0,3.0,318.0,4
Super built-up  Area,Panathur,1210.0,2.0,2.0,85.0,2
Super built-up  Area,Hebbal,1320.0,3.0,3.0,226.0,3
Super built-up  Area,Hosa Road,1532.0,3.0,2.0,98.13,3
Super built-up  Area,JP Nagar,1245.0,2.0,2.0,110.0,2
Super built-up  Area,Nagarbhavi,1212.0,2.0,2.0,50.0,2
Super built-up  Area,Sarjapur  Road,1230.0,2.0,1.0,65.0,2
Super built-up  Area,Ramagondanahalli,2257.0,3.0,2.0,159.0,3
Super built-up  Area,Vittasandra,1246.0,2.0,1.0,65.4,2
Super built-up  Area,Gunjur,1080.0,2.0,2.0,41.0,2
Super built-up  Area,Varthur,1360.0,2.0,3.0,85.0,3
Super built-up  Area,Yelenahalli,1260.0,2.0,2.0,47.88,2
Built-up  Area,Kengeri Satellite Town,1200.0,3.0,0.0,110.0,4
Plot  Area,Other,1200.0,3.0,1.0,165.0,3
Super built-up  Area,Kasavanhalli,950.0,2.0,1.0,39.0,2
Super built-up  Area,Nagarbhavi,1020.0,2.0,2.0,55.0,2
Super built-up  Area,Electronic City Phase II,1400.0,2.0,2.0,40.44,3
Plot  Area,Other,1440.0,4.0,0.0,88.0,4
Super built-up  Area,KR Puram,1462.5,2.0,2.0,62.81,3
Super built-up  Area,Electronics City Phase 1,1175.0,2.0,1.0,69.0,2
Super built-up  Area,Raja Rajeshwari Nagar,1185.0,2.0,1.0,40.17,2
Super built-up  Area,Other,2250.0,3.0,1.0,113.0,3
Super built-up  Area,Sarjapur  Road,1178.0,2.0,2.0,40.43,2
Super built-up  Area,Whitefield,825.0,1.0,1.0,44.9,1
Super built-up  Area,Other,1250.0,3.0,2.0,43.0,3
Super built-up  Area,Electronics City Phase 1,1113.12,2.0,2.0,55.0,2
Super built-up  Area,Other,1718.0,3.0,3.0,223.0,3
Super built-up  Area,Gottigere,1010.0,2.0,1.0,35.0,2
Plot  Area,Other,1500.0,4.0,3.0,240.0,4
Plot  Area,Rayasandra,540.0,1.0,1.0,16.5,1
Super built-up  Area,Electronic City,1020.0,2.0,2.0,29.46,2
Super built-up  Area,Hosur Road,1194.0,2.0,1.0,71.64,2
Super built-up  Area,Electronic City,1108.0,2.0,1.0,67.15,2
Built-up  Area,Hebbal,3895.0,2.0,1.0,451.0,4
Super built-up  Area,Kanakpura Road,700.0,2.0,1.0,34.99,2
Super built-up  Area,Somasundara Palya,1600.0,3.0,3.0,68.0,3
Super built-up  Area,Nagarbhavi,1850.0,3.0,2.0,90.0,3
Super built-up  Area,Tumkur Road,1250.0,2.0,2.0,33.0,2
Built-up  Area,Ramamurthy Nagar,600.0,1.0,1.0,43.0,1
Super built-up  Area,Raja Rajeshwari Nagar,1140.0,2.0,1.0,49.27,2
Super built-up  Area,Other,1200.0,2.0,2.0,75.0,3
Super built-up  Area,Other,985.0,2.0,1.0,55.0,2
Super built-up  Area,Bellandur,982.0,2.0,2.0,55.0,2
Built-up  Area,9th Phase JP Nagar,600.0,1.0,0.0,20.0,1
Super built-up  Area,Old Madras Road,2640.0,5.0,1.0,142.0,3
Super built-up  Area,Akshaya Nagar,1314.0,2.0,2.0,68.8,2
Super built-up  Area,Other,1700.0,2.0,2.0,68.5,3
Super built-up  Area,1st Phase JP Nagar,1077.0,2.0,2.0,93.0,2
Built-up  Area,Chandapura,1891.0,2.0,2.0,66.165,4
Super built-up  Area,Other,2000.0,4.0,1.0,99.0,5
Super built-up  Area,Other,1643.0,3.0,2.0,75.0,3
Plot  Area,Kengeri,1200.0,3.0,1.0,67.0,3
Super built-up  Area,Abbigere,1020.0,2.0,1.0,41.82,2
Built-up  Area,Other,1740.0,3.0,2.0,55.0,3
Super built-up  Area,GM Palaya,1225.0,2.0,2.0,47.0,2
Built-up  Area,Thanisandra,1241.0,2.0,1.0,61.0,3
Super built-up  Area,Hennur,1041.0,2.0,2.0,40.6,2
Super built-up  Area,Bommanahalli,1050.0,2.0,2.0,46.0,2
Super built-up  Area,Other,4400.0,3.0,1.0,901.0,3
Super built-up  Area,Kanakpura Road,1309.0,2.0,3.0,64.39,2
Super built-up  Area,Dodda Nekkundi,1128.0,2.0,2.0,45.0,2
Super built-up  Area,Raja Rajeshwari Nagar,1430.0,2.0,1.0,50.0,3
Super built-up  Area,Old Madras Road,1065.0,2.0,1.0,47.86,2
Super built-up  Area,OMBR Layout,1085.0,2.0,1.0,64.0,2
Plot  Area,Other,750.0,1.0,1.0,30.0,1
Super built-up  Area,Bellandur,981.0,2.0,2.0,37.28,2
Carpet  Area,Bhoganhalli,1548.3,4.0,1.0,129.0,4
Super built-up  Area,Hebbal Kempapura,2302.0,4.0,2.0,300.0,4
Built-up  Area,Kalyan nagar,1410.0,2.0,2.0,60.0,3
Super built-up  Area,Hosa Road,1525.84,3.0,1.0,117.0,3
Super built-up  Area,Begur Road,1200.0,2.0,2.0,42.6,2
Built-up  Area,Other,1030.0,2.0,2.0,80.0,2
Super built-up  Area,Other,1852.0,2.0,2.0,95.0,3
Built-up  Area,Electronic City,1160.0,2.0,1.0,33.5,2
Built-up  Area,Jigani,918.0,2.0,1.0,49.0,2
Built-up  Area,JP Nagar,1150.0,2.0,2.0,49.9,3
Super built-up  Area,Indira Nagar,2700.0,3.0,2.0,324.0,3
Built-up  Area,Other,1150.0,2.0,2.0,69.0,2
Super built-up  Area,Whitefield,1227.0,2.0,2.0,53.49,2
Super built-up  Area,Hebbal,1255.0,3.0,2.0,77.68,3
Super built-up  Area,Panathur,1198.0,2.0,1.0,82.0,2
Plot  Area, Devarachikkanahalli,1200.0,3.0,1.0,160.0,3
Built-up  Area,Frazer Town,1700.0099999999998,3.0,1.0,180.0,3
Built-up  Area,Other,2600.0,3.0,1.0,95.0,4
Super built-up  Area,Pattandur Agrahara,797.0,2.0,1.0,32.0,2
Built-up  Area,Other,1350.0,2.0,3.0,68.0,3
Built-up  Area,Sahakara Nagar,2500.0,4.0,2.0,200.0,4
Super built-up  Area,Thigalarapalya,2215.0,4.0,2.0,160.0,3
Super built-up  Area,Kanakpura Road,525.0,1.0,1.0,30.0,1
Super built-up  Area,Bannerghatta Road,2700.0,4.0,3.0,260.0,4
Super built-up  Area,Other,1500.0,2.0,1.0,90.0,3
Plot  Area,Other,900.0,2.0,0.0,55.0,2
Super built-up  Area,Poorna Pragna Layout,1355.0,2.0,3.0,58.27,3
Super built-up  Area,Kudlu Gate,1465.0,2.0,2.0,49.81,3
Plot  Area,Ramamurthy Nagar,1006.0,2.0,1.0,57.0,2
Built-up  Area,Other,2000.0,4.0,1.0,75.0,4
Super built-up  Area,Electronic City,1128.0,2.0,1.0,65.7,2
Built-up  Area,Other,850.0,2.0,0.0,35.0,2
Super built-up  Area,Other,1310.0,2.0,3.0,68.0,3
Super built-up  Area,Banashankari,1390.0,2.0,2.0,86.0,2
Super built-up  Area,Kathriguppe,1390.0,2.0,2.0,76.45,3
Plot  Area,Marathahalli,2396.0,4.0,2.0,325.0,4
Super built-up  Area,Electronic City,1170.0,2.0,1.0,33.0,2
Super built-up  Area,Gottigere,1385.0,2.0,2.0,50.0,3
Super built-up  Area,Old Madras Road,1160.0,2.0,1.0,42.0,2
Super built-up  Area,Electronic City Phase II,1160.0,2.0,1.0,33.5,2
Super built-up  Area,Bannerghatta Road,1200.0,2.0,2.0,69.0,3
Super built-up  Area,Mahadevpura,1475.0,2.0,2.0,55.0,2
Built-up  Area,Sarjapur  Road,1939.0,3.0,0.0,98.0,3
Built-up  Area,7th Phase JP Nagar,850.0,2.0,2.0,42.0,2
Built-up  Area,Balagere,675.0,1.0,1.0,45.0,1
Built-up  Area,Electronic City,1060.0,2.0,1.0,51.0,2
Super built-up  Area,Whitefield,1235.0,2.0,2.0,47.0,2
Plot  Area,Other,600.0,4.0,1.0,110.0,2
Super built-up  Area,Other,1250.0,2.0,1.0,60.0,2
Super built-up  Area,Banashankari,1460.0,2.0,3.0,70.0,2
Super built-up  Area,Akshaya Nagar,1690.0,3.0,2.0,85.0,3
Built-up  Area,Indira Nagar,850.0,1.0,2.0,57.0,1
Super built-up  Area,Kanakpura Road,1843.0,3.0,2.0,82.0,3
Built-up  Area,7th Phase JP Nagar,1680.0,3.0,2.0,117.0,3
Super built-up  Area,Kundalahalli,1047.0,2.0,1.0,84.0,2
Super built-up  Area,8th Phase JP Nagar,1100.0,2.0,2.0,35.0,2
Plot  Area,Indira Nagar,3250.0,8.0,1.0,600.0,8
Super built-up  Area,Nagarbhavi,1120.0,2.0,3.0,53.0,2
Super built-up  Area,Raja Rajeshwari Nagar,1095.0,2.0,2.0,38.33,2
Super built-up  Area,Other,970.0,2.0,2.0,35.0,2
Built-up  Area,Hosa Road,1100.0,2.0,3.0,85.0,3
Super built-up  Area,Uttarahalli,1685.0,3.0,2.0,85.0,3
Built-up  Area,Other,1148.0,2.0,1.0,59.0,2
Built-up  Area,Marathahalli,1050.0,2.0,1.0,65.0,2
Super built-up  Area,Bannerghatta Road,1465.0,2.0,1.0,76.0,3
Plot  Area,Kothanur,3401.0,5.0,2.0,230.0,4
Built-up  Area,Electronic City,630.0,1.0,1.0,60.0,1
Super built-up  Area,7th Phase JP Nagar,1850.0,3.0,1.0,150.0,3
Built-up  Area,Other,1750.0,2.0,1.0,225.0,4
Built-up  Area,Other,1350.0,3.0,1.0,60.0,3
Super built-up  Area,Sector 7 HSR Layout,1760.0,3.0,2.0,160.0,3
Super built-up  Area,Rajaji Nagar,1440.0,2.0,2.0,185.0,2
Super built-up  Area,Banashankari Stage III,1200.0,2.0,0.0,42.0,2
Built-up  Area,Other,1100.0,2.0,1.0,78.0,2
Built-up  Area,Kaggadasapura,1140.0,2.0,2.0,46.0,2
Super built-up  Area,Hormavu,1617.5,3.0,0.0,73.595,3
Super built-up  Area,Gottigere,1410.0,2.0,2.0,45.0,2
Super built-up  Area,Mahadevpura,1434.0,2.0,1.0,67.39,3
Plot  Area,Other,1180.0,2.0,2.0,74.0,2
Super built-up  Area,EPIP Zone,1343.0,2.0,2.0,86.0,2
Built-up  Area,LB Shastri Nagar,1184.0,2.0,1.0,69.0,2
Super built-up  Area,Koramangala,2246.0,3.0,0.0,300.0,3
Built-up  Area,Other,4510.0,4.0,3.0,200.0,3
Super built-up  Area,Sarjapur  Road,3785.0,5.0,2.0,280.0,4
Super built-up  Area,Other,1540.0,3.0,2.0,85.0,3
Super built-up  Area,Kanakpura Road,1550.0,3.0,3.0,65.11,3
Super built-up  Area,Yelahanka,1345.0,2.0,1.0,57.0,3
Super built-up  Area,Electronic City Phase II,975.0,2.0,2.0,45.0,3
Super built-up  Area,JP Nagar,1152.0,2.0,1.0,34.56,2
Built-up  Area,Old Airport Road,3200.0,4.0,2.0,700.0,4
Super built-up  Area,Other,1033.0,2.0,2.0,31.5,3
Super built-up  Area,Other,1800.0,3.0,0.0,230.0,3
Super built-up  Area,Marathahalli,1102.0,2.0,2.0,53.67,2
Super built-up  Area,Subramanyapura,1223.0,2.0,2.0,42.81,3
Super built-up  Area,Kadugodi,1762.0,3.0,3.0,112.0,3
Built-up  Area,KR Puram,2000.0,6.0,0.0,85.0,6
Super built-up  Area,Electronic City,1410.0,2.0,2.0,38.0,3
Super built-up  Area,Thanisandra,1853.0,3.0,1.0,64.86,3
Super built-up  Area,Kothanur,1455.0,2.0,2.0,69.0,2
Super built-up  Area,Hebbal,1138.0,2.0,1.0,110.0,2
Built-up  Area,Sarjapur  Road,2556.0,3.0,2.0,169.0,3
Super built-up  Area,TC Palaya,1200.0,2.0,0.0,66.5,3
Super built-up  Area,Other,1200.0,2.0,2.0,37.0,2
Super built-up  Area,Thanisandra,2195.8356,4.0,2.0,185.0,3
Super built-up  Area,Whitefield,1870.0,3.0,2.0,138.0,3
Super built-up  Area,Panathur,1199.0,2.0,1.0,86.0,2
Super built-up  Area,Doddakallasandra,1360.0,2.0,2.0,54.4,3
Super built-up  Area,Babusapalaya,1230.0,3.0,3.0,53.0,3
Super built-up  Area,Other,2000.0,3.0,2.0,120.0,3
Plot  Area,Kasturi Nagar,1200.0,4.0,2.0,250.0,4
Super built-up  Area,Kundalahalli,1047.0,2.0,1.0,83.0,2
Plot  Area,Electronic City Phase II,6000.0,4.0,2.0,260.0,4
Plot  Area,Ramamurthy Nagar,1200.0,2.0,1.0,76.0,2
Super built-up  Area,Kengeri Satellite Town,1302.5,2.0,0.0,44.285,2
Super built-up  Area,Kengeri,725.0,2.0,1.0,30.0,2
Super built-up  Area,Jakkur,1645.0,3.0,1.0,100.0,3
Built-up  Area,Sultan Palaya,870.0,2.0,1.0,65.0,2
Super built-up  Area,Marathahalli,1026.0,2.0,1.0,49.95,2
Built-up  Area,Other,2000.0,3.0,1.0,145.0,3
Super built-up  Area,Cooke Town,1710.0,2.0,2.0,200.0,2
Super built-up  Area,Hosur Road,1766.0,3.0,1.0,130.0,3
Super built-up  Area,Other,500.0,1.0,1.0,15.0,1
Built-up  Area,JP Nagar,1100.0,1.0,1.0,15.0,2
Super built-up  Area,Jigani,1221.0,3.0,3.0,52.0,3
Super built-up  Area,Rachenahalli,680.0,1.0,1.0,46.0,1
Super built-up  Area,Sarjapur  Road,1278.0,2.0,2.0,90.0,2
Super built-up  Area,Kodichikkanahalli,1025.0,2.0,2.0,66.0,2
Super built-up  Area,Whitefield,1175.0,2.0,1.0,39.0,2
Super built-up  Area,Sarjapur  Road,975.0,2.0,0.0,28.275,2
Built-up  Area,6th Phase JP Nagar,600.0,1.0,1.0,75.0,1
Super built-up  Area,Other,850.0,2.0,1.0,42.0,2
Super built-up  Area,Anjanapura,710.0,2.0,0.0,25.0,2
Built-up  Area,Other,1165.0,2.0,1.0,33.64,2
Super built-up  Area,Sarjapur,625.0,1.0,1.0,19.0,1
Super built-up  Area,Kaggadasapura,1340.0,3.0,1.0,66.0,3
Super built-up  Area,Ananth Nagar,937.0,2.0,1.0,35.0,2
Super built-up  Area,JP Nagar,750.0,1.0,1.0,52.5,1
Built-up  Area,Other,1475.0,3.0,3.0,78.0,3
Plot  Area,Other,2230.0,4.0,1.0,130.0,4
Plot  Area,Other,2200.0,5.0,1.0,100.0,4
Plot  Area,Mysore Road,900.0,2.0,0.0,65.0,2
Super built-up  Area,Electronic City Phase II,1116.0,2.0,2.0,37.0,2
Built-up  Area,Hoodi,948.0,2.0,1.0,75.0,2
Super built-up  Area,R.T. Nagar,970.0,2.0,1.0,55.0,2
Super built-up  Area,Other,1519.0,3.0,2.0,67.23,3
Super built-up  Area,Thanisandra,1200.0,2.0,1.0,65.0,3
Super built-up  Area,Bhoganhalli,1760.0,3.0,2.0,127.0,3
Plot  Area,Whitefield,4400.0,5.0,3.0,525.0,4
Super built-up  Area,Sahakara Nagar,1914.0,3.0,3.0,179.0,3
Super built-up  Area,Budigere,1820.0,3.0,2.0,85.5,3
Built-up  Area,Kalena Agrahara,1565.0,3.0,2.0,78.0,3
Super built-up  Area,Begur Road,1334.0,2.0,3.0,42.69,2
Super built-up  Area,Sarakki Nagar,924.0,2.0,2.0,76.23,2
Super built-up  Area,Jigani,914.0,2.0,2.0,49.0,2
Built-up  Area,Kengeri,500.0,1.0,1.0,17.0,1
Super built-up  Area,Yelahanka,2145.0,3.0,3.0,125.0,3
Built-up  Area,Electronic City,1650.0,3.0,2.0,100.0,3
Super built-up  Area,Marathahalli,3940.0,4.0,3.0,220.0,4
Built-up  Area,Electronic City,1020.0,2.0,1.0,29.45,2
Built-up  Area,Basaveshwara Nagar,1180.0,2.0,3.0,58.0,2
Super built-up  Area,Ulsoor,1255.0,2.0,3.0,120.0,2
Super built-up  Area,Other,2777.29,5.0,2.0,650.0,3
Super built-up  Area,Bommasandra,1014.0,2.0,1.0,35.0,2
Super built-up  Area,Attibele,695.0,1.0,1.0,25.0,2
Plot  Area,Prithvi Layout,2273.0,4.0,3.0,220.0,3
Super built-up  Area,GM Palaya,1140.0,2.0,2.0,48.95,2
Built-up  Area,Giri Nagar,3000.0,4.0,1.0,375.0,6
Super built-up  Area,Begur Road,2400.0,4.0,2.0,152.0,4
Super built-up  Area,Attibele,850.0,1.0,1.0,25.0,2
Super built-up  Area,Banashankari,1200.0,2.0,1.0,60.0,2
Built-up  Area,Other,3160.0,4.0,3.0,206.0,4
Super built-up  Area,Hoodi,1769.0,3.0,3.0,96.87,3
Carpet  Area,Bhoganhalli,1554.3,4.0,1.0,131.0,4
Super built-up  Area,Haralur Road,1243.0,2.0,2.0,46.0,2
Plot  Area,Other,4920.0,5.0,2.0,1150.0,4
Super built-up  Area,Mallasandra,905.0,2.0,1.0,40.0,2
Built-up  Area,Kothanur,627.0,1.0,1.0,30.0,1
Built-up  Area,Domlur,2180.0,3.0,2.0,285.0,3
Super built-up  Area,Frazer Town,2400.0,3.0,2.0,260.0,3
Super built-up  Area,Marathahalli,1435.0,3.0,1.0,73.0,3
Super built-up  Area,Jakkur,3405.1,6.0,3.0,400.0,4
Built-up  Area,Kodihalli,1620.0,3.0,2.0,130.0,3
Super built-up  Area,Whitefield,1862.0,3.0,2.0,125.0,3
Super built-up  Area,Kaikondrahalli,674.0,1.0,1.0,19.9,2
Super built-up  Area,Marathahalli,1220.0,2.0,1.0,59.0,2
Super built-up  Area,Electronic City,1025.0,2.0,1.0,49.0,2
Super built-up  Area,Thanisandra,1430.0,2.0,3.0,54.5,3
Super built-up  Area,Panathur,1235.0,2.0,3.0,65.0,2
Super built-up  Area,Electronics City Phase 1,1291.0,2.0,3.0,32.0,3
Super built-up  Area,Kanakpura Road,1498.0,3.0,2.0,95.0,3
Super built-up  Area,Sarjapur  Road,2180.0,3.0,2.0,240.0,3
Super built-up  Area,Electronic City,1000.0,2.0,1.0,29.7,2
Plot  Area,Other,922.0,2.0,1.0,70.0,2
Built-up  Area,Other,850.0,2.0,1.0,72.0,2
Super built-up  Area,AECS Layout,1123.0,2.0,2.0,64.0,2
Super built-up  Area,Raja Rajeshwari Nagar,1235.0,2.0,1.0,75.0,2
Super built-up  Area,Kogilu,1250.0,2.0,1.0,55.55,2
Plot  Area,Whitefield,2403.0,5.0,2.0,360.0,4
Super built-up  Area,Sarjapur  Road,984.0,2.0,1.0,45.91,2
Super built-up  Area,Sarjapur  Road,1305.0,2.0,1.0,99.0,2
Plot  Area,Other,1200.0,1.0,0.0,65.0,2
Super built-up  Area,Hebbal,2790.0,5.0,3.0,204.0,4
Super built-up  Area,Old Madras Road,2010.0,3.0,2.0,125.0,4
Built-up  Area,Electronics City Phase 1,995.0,2.0,0.0,42.0,2
Built-up  Area,Varthur Road,1277.0,2.0,2.0,59.0,2
Super built-up  Area,7th Phase JP Nagar,1236.0,2.0,2.0,61.33,2
Super built-up  Area,Akshaya Nagar,1265.0,2.0,3.0,67.0,2
Super built-up  Area,Kanakpura Road,525.0,2.0,2.0,27.0,1
Built-up  Area,Gubbalala,2570.0,4.0,2.0,141.0,5
Plot  Area,Hennur Road,2400.0,5.0,3.0,390.0,4
Super built-up  Area,Other,1442.0,3.0,2.0,56.24,3
Super built-up  Area,Ardendale,1224.0,2.0,2.0,70.0,2
Super built-up  Area,Bellandur,1205.0,2.0,1.0,59.0,2
Super built-up  Area,Other,1233.0,2.0,3.0,100.0,2
Super built-up  Area,Other,1312.0,2.0,3.0,69.0,2
Super built-up  Area,Electronic City,1449.0,3.0,2.0,90.0,3
Super built-up  Area,Yelenahalli,1090.0,2.0,1.0,54.0,2
Plot  Area,Kaggadasapura,2100.0,5.0,0.0,150.0,5
Super built-up  Area,Uttarahalli,1390.0,2.0,3.0,62.55,3
Super built-up  Area,JP Nagar,1200.0,2.0,3.0,78.0,2
Super built-up  Area,BTM 2nd Stage,1000.0,2.0,2.0,58.0,2
Plot  Area,Devanahalli,2400.0,5.0,2.0,190.0,4
Super built-up  Area,Thanisandra,1732.0,3.0,1.0,85.73,3
Super built-up  Area,Banashankari,1290.0,2.0,2.0,80.0,2
Super built-up  Area,Other,1840.0,3.0,3.0,85.0,3
Super built-up  Area,Thanisandra,1917.0,4.0,2.0,100.0,3
Built-up  Area,Other,1100.0,2.0,2.0,57.0,2
Super built-up  Area,Kudlu,1455.0,2.0,3.0,60.0,3
Super built-up  Area, Devarachikkanahalli,1425.0,2.0,2.0,65.0,3
Super built-up  Area,Whitefield,1655.0,3.0,1.0,113.0,3
Super built-up  Area,Haralur Road,2805.0,5.0,3.0,160.0,4
Super built-up  Area,Other,1040.0,2.0,1.0,46.79,2
Super built-up  Area,Akshaya Nagar,1126.0,2.0,1.0,55.0,2
Super built-up  Area,Hebbal,1250.0,2.0,1.0,55.55,2
Plot  Area,Yelahanka,1800.0,4.0,2.0,180.0,4
Plot  Area,Other,1200.0,2.0,0.0,53.0,2
Built-up  Area,Other,2050.0,3.0,1.0,100.0,4
Super built-up  Area,Whitefield,530.0,1.0,1.0,29.44,1
Built-up  Area,Sarjapur,2585.5,4.0,0.0,139.5,4
Super built-up  Area,Kambipura,883.0,2.0,1.0,37.0,2
Super built-up  Area,Sompura,1275.0,3.0,1.0,59.0,3
Super built-up  Area,Other,800.0,2.0,2.0,30.0,2
Super built-up  Area,Devanahalli,1200.0,1.0,0.0,95.0,1
Super built-up  Area,Bellandur,1063.0,2.0,1.0,58.0,2
Super built-up  Area,Balagere,656.0,1.0,1.0,43.0,1
Super built-up  Area,Other,1125.0,2.0,2.0,36.0,2
Super built-up  Area,Marathahalli,881.0,2.0,1.0,48.06,2
Built-up  Area,Bisuvanahalli,700.0,1.0,1.0,32.0,2
Plot  Area,Other,1936.0,3.0,0.0,110.0,3
Super built-up  Area,Hosa Road,1680.0,3.0,1.0,101.0,3
Super built-up  Area,Rayasandra,1253.0,2.0,2.0,57.0,2
Super built-up  Area,Rajaji Nagar,1640.0,3.0,3.0,230.0,3
Super built-up  Area,Mysore Road,1082.0,3.0,2.0,50.0,3
Built-up  Area,Electronic City,1065.0,2.0,1.0,30.75,2
Super built-up  Area,Iblur Village,2100.0,4.0,2.0,145.0,3
Super built-up  Area,Electronic City,1070.0,2.0,1.0,58.0,2
Super built-up  Area,Raja Rajeshwari Nagar,1280.0,3.0,2.0,57.6,3
Built-up  Area,Electronic City Phase II,1125.0,2.0,1.0,29.25,2
Super built-up  Area,Sarjapur  Road,1755.0,3.0,2.0,122.0,3
Super built-up  Area,Electronic City,1210.0,2.0,1.0,54.0,2
Super built-up  Area,Talaghattapura,951.0,2.0,2.0,30.43,2
Built-up  Area,Electronic City,1500.0,2.0,1.0,75.0,3
Super built-up  Area,Other,1652.5,3.0,2.0,90.0,3
Super built-up  Area,Yeshwanthpur,1381.0,2.0,2.0,76.18,3
Super built-up  Area,Whitefield,1085.0,2.0,1.0,57.0,2
Super built-up  Area,Whitefield,905.0,1.0,1.0,50.0,1
Super built-up  Area,Hennur Road,1685.0,3.0,2.0,95.0,3
Super built-up  Area,Somasundara Palya,1200.0,2.0,2.0,75.0,2
Super built-up  Area,Anandapura,1151.0,2.0,1.0,42.9,2
Built-up  Area,Brookefield,3532.0,3.0,3.0,170.0,4
Super built-up  Area,Kanakpura Road,1665.0,3.0,2.0,86.91,3
Built-up  Area,Kengeri Satellite Town,800.0,2.0,1.0,40.0,2
Built-up  Area,Chamrajpet,1050.0,2.0,1.0,162.0,2
Super built-up  Area,Rajiv Nagar,1030.0,2.0,2.0,46.5,2
Super built-up  Area,Hoodi,1257.0,2.0,1.0,71.03,2
Super built-up  Area,Whitefield,1600.0,3.0,2.0,82.0,3
Super built-up  Area,Choodasandra,1465.0,3.0,3.0,75.0,3
Super built-up  Area,Jakkur,1650.0,3.0,2.0,111.0,3
Built-up  Area,Yelahanka New Town,680.0,1.0,1.0,80.0,2
Plot  Area,Whitefield,1230.0,4.0,2.0,80.0,4
Super built-up  Area,Koramangala,1300.0,2.0,2.0,82.0,2
Built-up  Area,KR Puram,1000.0,2.0,1.0,44.5,2
Super built-up  Area,Mahadevpura,1146.0,2.0,1.0,53.8,2
Super built-up  Area,Indira Nagar,2601.0,4.0,2.0,312.0,3
Super built-up  Area,Other,2159.0,3.0,2.0,110.0,3
Super built-up  Area,Whitefield,1255.0,2.0,2.0,40.0,2
Super built-up  Area,Padmanabhanagar,1200.0,2.0,1.0,60.0,2
Built-up  Area,Sarjapur  Road,1040.0,2.0,1.0,37.0,2
Super built-up  Area,Uttarahalli,1180.0,2.0,1.0,41.3,2
Super built-up  Area,KR Puram,1200.0,2.0,3.0,47.0,2
Built-up  Area,Sarjapur  Road,1374.0,3.0,2.0,51.0,3
Super built-up  Area,Vidyaranyapura,4700.0,10.0,3.0,130.0,9
Super built-up  Area,Whitefield,630.5,1.0,0.0,32.15,1
Plot  Area,Other,2400.0,2.0,0.0,480.0,3
Super built-up  Area,Jalahalli,2384.0,4.0,2.0,165.0,3
Super built-up  Area,Electronic City,1033.0,2.0,2.0,28.41,3
Super built-up  Area,Yelahanka,1200.0,2.0,1.0,54.0,2
Built-up  Area,Haralur Road,2017.0,3.0,2.0,105.0,3
Plot  Area,Other,1500.0,3.0,2.0,138.0,3
Super built-up  Area,Other,700.0,2.0,0.0,43.0,2
Super built-up  Area,Kanakpura Road,1495.0,2.0,2.0,52.33,3
Super built-up  Area,Kothanur,1302.0,2.0,1.0,68.5,2
Built-up  Area,Whitefield,905.0,1.0,1.0,52.0,1
Super built-up  Area,Raja Rajeshwari Nagar,1303.0,2.0,1.0,55.79,2
Built-up  Area,Electronics City Phase 1,1350.0,3.0,0.0,71.0,3
Super built-up  Area,Gottigere,1380.0,2.0,2.0,95.0,3
Super built-up  Area,Harlur,1620.0,3.0,1.0,110.0,3
Built-up  Area,Chandapura,4800.0,4.0,3.0,250.0,4
Super built-up  Area,Sarjapur  Road,1000.0,2.0,1.0,38.5,2
Super built-up  Area,Thanisandra,1250.0,1.0,1.0,54.0,2
Built-up  Area,Other,1750.0,3.0,3.0,170.0,3
Super built-up  Area,Anekal,997.0,3.0,2.0,55.0,3
Super built-up  Area,Kothanur,1760.0,3.0,2.0,111.0,3
Super built-up  Area,Yelahanka,1322.0,2.0,2.0,75.0,2
Plot  Area,Other,1365.0,3.0,0.0,99.0,3
Super built-up  Area,Sahakara Nagar,1500.0,3.0,2.0,125.0,3
Super built-up  Area,Kaggadasapura,1256.0,2.0,2.0,50.0,3
Super built-up  Area,Brookefield,941.0,2.0,2.0,48.0,2
Plot  Area,Devanahalli,5000.0,4.0,3.0,465.0,4
Super built-up  Area,Kanakpura Road,1665.0,3.0,2.0,86.58,3
Super built-up  Area,Hennur Road,1414.0,2.0,2.0,84.18,2
Super built-up  Area,Chikkalasandra,1270.0,2.0,3.0,55.25,3
Plot  Area,Kengeri Satellite Town,4100.0,3.0,0.0,300.0,4
Built-up  Area,Other,1800.0,3.0,2.0,105.0,6
Super built-up  Area,Kanakpura Road,712.0,1.0,1.0,38.44,1
Super built-up  Area,Rajaji Nagar,2648.0,5.0,0.0,251.5,4
Plot  Area,Other,900.0,4.0,2.0,180.0,3
Super built-up  Area,Hebbal,1200.0,2.0,1.0,49.0,2
Super built-up  Area,Kengeri Satellite Town,654.0,1.0,1.0,22.0,1
Super built-up  Area,Other,708.0,1.0,1.0,55.0,2
Built-up  Area,Other,1680.0,3.0,3.0,135.0,3
Super built-up  Area,Other,990.0,2.0,2.0,58.0,2
Super built-up  Area,Uttarahalli,1380.0,2.0,1.0,42.0,2
Super built-up  Area,Hebbal,1088.0,2.0,2.0,62.0,2
Super built-up  Area,Harlur,1414.0,3.0,2.0,77.5,3
Built-up  Area,Other,1240.0,2.0,1.0,100.0,2
Built-up  Area,Other,1810.0,3.0,3.0,118.0,3
Super built-up  Area,Other,2005.0,3.0,2.0,240.0,3
Super built-up  Area,Kothanur,1185.0,2.0,2.0,58.0,2
Plot  Area,Whitefield,1200.0,3.0,2.0,57.15,3
Super built-up  Area,Other,1265.0,2.0,1.0,58.0,2
Built-up  Area,Sahakara Nagar,1100.0,2.0,1.0,55.0,2
Built-up  Area,Other,1035.0,2.0,2.0,44.0,2
Super built-up  Area,Sonnenahalli,614.5,1.0,0.0,30.715,1
Built-up  Area,Other,1000.0,2.0,1.0,97.0,2
Super built-up  Area,Hegde Nagar,1179.0,2.0,2.0,49.35,2
Super built-up  Area,Vittasandra,1650.0,3.0,1.0,84.0,3
Plot  Area,Other,2800.0,4.0,3.0,100.0,6
Plot  Area,Other,3500.0,6.0,2.0,120.0,8
Built-up  Area,Other,1430.0,3.0,1.0,78.65,3
Super built-up  Area,Marathahalli,1130.0,2.0,2.0,58.0,3
Super built-up  Area,JP Nagar,1850.0,2.0,2.0,110.0,3
Super built-up  Area,Hennur,1340.0,3.0,2.0,54.24,3
Super built-up  Area,Sarjapur  Road,4334.0,2.0,2.0,338.0,4
Plot  Area,Other,600.0,2.0,0.0,30.0,2
Super built-up  Area,Banashankari,2582.0,5.0,2.0,250.0,3
Super built-up  Area,Channasandra,1160.0,2.0,1.0,55.0,2
Built-up  Area,Other,1200.0,2.0,1.0,45.0,1
Built-up  Area,Other,1116.0,2.0,1.0,37.6,2
Super built-up  Area,Sarakki Nagar,2663.0,4.0,1.0,338.0,3
Built-up  Area,Other,1090.0,2.0,2.0,45.0,2
Super built-up  Area,JP Nagar,1100.0,2.0,1.0,45.0,2
Super built-up  Area,Kammasandra,1365.0,2.0,1.0,34.13,3
Super built-up  Area,Vijayanagar,1484.0,3.0,2.0,79.19,3
Super built-up  Area,Green Glen Layout,1630.0,3.0,2.0,68.0,3
Super built-up  Area,Whitefield,1451.0,2.0,2.0,52.43,3
Super built-up  Area,Kanakpura Road,1330.0,2.0,1.0,107.0,2
Super built-up  Area,Thanisandra,2127.0,3.0,2.0,135.0,3
Plot  Area,Other,1260.0,4.0,2.0,65.0,4
Super built-up  Area,Sarjapur  Road,1173.0,2.0,2.0,45.75,3
Super built-up  Area,Electronics City Phase 1,1445.0,2.0,1.0,56.0,3
Super built-up  Area,Other,2250.0,4.0,1.0,400.0,4
Plot  Area,Bannerghatta Road,1500.0,4.0,2.0,239.0,3
Super built-up  Area,Thanisandra,2336.5,3.0,0.0,115.89,3
Super built-up  Area,JP Nagar,1197.0,2.0,1.0,47.88,2
Plot  Area,Other,1200.0,4.0,1.0,225.0,4
Super built-up  Area,Sarjapur  Road,3930.0,7.0,2.0,329.0,5
Super built-up  Area,Kanakpura Road,1450.0,3.0,3.0,62.4,3
Super built-up  Area,Whitefield,1187.0,2.0,1.0,37.85,2
Plot  Area,Other,4000.0,6.0,3.0,850.0,6
Super built-up  Area,Channasandra,1050.0,2.0,2.0,41.0,2
Super built-up  Area,Panathur,1370.0,2.0,2.0,54.8,3
Super built-up  Area,Yelahanka,1036.0,2.0,2.0,39.37,2
Super built-up  Area,JP Nagar,1275.0,3.0,2.0,41.2,3
Super built-up  Area,Old Madras Road,2010.0,3.0,2.0,115.0,4
Super built-up  Area,Thanisandra,1265.0,2.0,2.0,46.6,2
Super built-up  Area,Anandapura,1576.0,3.0,2.0,58.0,3
Super built-up  Area,Dodda Nekkundi,1148.0,2.0,1.0,56.0,2
Super built-up  Area,Other,1000.0,2.0,1.0,36.0,2
Super built-up  Area,Kudlu,1293.0,2.0,2.0,85.0,3
Plot  Area,TC Palaya,1200.0,2.0,0.0,66.0,3
Super built-up  Area,Munnekollal,1210.0,2.0,3.0,75.0,2
Built-up  Area,HSR Layout,1126.0,2.0,1.0,69.0,2
Built-up  Area,Sarakki Nagar,1840.0,4.0,1.0,175.0,3
Built-up  Area,Vidyaranyapura,1440.0,2.0,0.0,70.0,3
Built-up  Area,Ramamurthy Nagar,1300.0,2.0,2.0,52.0,3
Super built-up  Area,Thanisandra,1276.0,2.0,2.0,75.0,2
Super built-up  Area,Whitefield,1216.0,2.0,1.0,83.0,2
Super built-up  Area,Other,840.0,1.0,0.0,75.0,1
Built-up  Area,Sompura,1126.0,2.0,2.0,39.0,2
Super built-up  Area,Raja Rajeshwari Nagar,1162.0,2.0,0.0,65.0,2
Super built-up  Area,Whitefield,1301.0,2.0,2.0,65.0,2
Super built-up  Area,Devanahalli,658.0,1.0,1.0,34.0,1
Plot  Area,Sahakara Nagar,1350.0,3.0,1.0,250.0,3
Super built-up  Area,Whitefield,2500.0,3.0,2.0,280.0,3
Built-up  Area,1st Phase JP Nagar,839.907117,1.0,1.0,63.0,1
Built-up  Area,Chandapura,1208.51,3.0,2.0,42.0,3
Super built-up  Area,Raja Rajeshwari Nagar,1133.0,2.0,2.0,38.41,2
Super built-up  Area,Other,1760.0,2.0,1.0,116.0,3
Super built-up  Area,Sarjapur,940.0,2.0,1.0,25.38,2
Super built-up  Area,Other,1145.0,2.0,2.0,57.0,2
Super built-up  Area,Bannerghatta Road,1302.5,2.0,0.0,67.73,2
Built-up  Area,Other,3900.0,5.0,1.0,550.0,4
Super built-up  Area,Other,3317.5,5.0,0.0,268.5,4
Built-up  Area,Dasarahalli,1300.0,2.0,2.0,50.0,2
Super built-up  Area,Malleshwaram,2475.0,4.0,3.0,326.0,3
Super built-up  Area,6th Phase JP Nagar,2040.0,3.0,2.0,200.0,3
Built-up  Area,Hosakerehalli,1200.0,1.0,0.0,150.0,1
Plot  Area,Jigani,2420.0,4.0,1.0,190.0,4
Built-up  Area,Thubarahalli,1216.0,2.0,1.0,80.0,2
Super built-up  Area,Tumkur Road,1459.0,2.0,1.0,110.0,3
Super built-up  Area,Jakkur,1622.0,2.0,0.0,80.0,3
Super built-up  Area,Kanakpura Road,1843.0,3.0,2.0,85.0,3
Plot  Area,Other,600.0,1.0,1.0,52.0,2
Super built-up  Area,Malleshpalya,1430.0,2.0,1.0,69.5,3
Plot  Area,Kammanahalli,1800.0,2.0,0.0,280.0,4
Super built-up  Area,Begur Road,1565.0,2.0,2.0,57.91,3
Super built-up  Area,Other,1670.0,3.0,2.0,160.0,3
Super built-up  Area,Lakshminarayana Pura,1695.0,3.0,2.0,150.0,3
Super built-up  Area,Other,1410.0,2.0,2.0,75.0,2
Super built-up  Area,Kengeri Satellite Town,1060.0,2.0,3.0,42.0,2
Built-up  Area,Sarjapur  Road,1120.0,2.0,2.0,50.0,2
Plot  Area,Hosa Road,880.0,2.0,0.0,50.0,2
Super built-up  Area,Dodda Nekkundi,1435.0,3.0,3.0,57.2,3
Super built-up  Area,Doddakallasandra,1425.0,2.0,2.0,56.99,3
Super built-up  Area,Arekere,900.0,2.0,3.0,50.0,2
Built-up  Area,Other,2400.0,5.0,2.0,93.0,5
Built-up  Area,Thanisandra,693.0,1.0,1.0,34.3,1
Super built-up  Area,Electronic City,2435.0,4.0,3.0,119.0,4
Super built-up  Area,Iblur Village,1920.0,3.0,2.0,150.0,3
Super built-up  Area,Electronic City,630.0,1.0,1.0,47.0,1
Super built-up  Area,Nagavarapalya,705.0,1.0,1.0,55.0,1
Super built-up  Area,Other,1200.0,2.0,2.0,75.6,3
Super built-up  Area,Mahadevpura,1532.0,2.0,2.0,62.0,2
Super built-up  Area,Rajiv Nagar,1330.0,2.0,1.0,93.0,2
Plot  Area,Other,1200.0,3.0,1.0,210.0,4
Built-up  Area,Sarjapur  Road,1530.0,2.0,2.0,60.0,3
Super built-up  Area,Kasavanhalli,1105.0,2.0,2.0,42.0,2
Plot  Area,1st Phase JP Nagar,1566.0,2.0,0.0,180.0,2
Super built-up  Area,Harlur,1630.0,3.0,1.0,95.1,3
Built-up  Area,Brookefield,1595.0,2.0,3.0,75.0,3
Super built-up  Area,7th Phase JP Nagar,1000.0,2.0,2.0,53.0,2
Plot  Area,Other,2400.0,5.0,3.0,285.0,5
Super built-up  Area,Electronic City Phase II,1000.0,2.0,1.0,28.88,2
Plot  Area,Other,2360.0,4.0,1.0,650.0,4
Super built-up  Area,Uttarahalli,1737.0,2.0,3.0,95.0,3
Super built-up  Area,Other,2100.0,4.0,2.0,150.0,4
Built-up  Area,Hosakerehalli,3600.0,6.0,1.0,145.0,8
Built-up  Area,Mysore Road,883.0,2.0,1.0,50.0,2
Super built-up  Area,BTM Layout,1776.0,2.0,3.0,75.0,3
Super built-up  Area,Anjanapura,1347.0,2.0,1.0,37.72,3
Super built-up  Area,Whitefield,1330.0,2.0,2.0,55.0,3
Plot  Area,Other,600.0,2.0,1.0,120.0,2
Built-up  Area,Rajaji Nagar,3730.0,4.0,3.0,370.0,4
Super built-up  Area,Harlur,1459.0,3.0,2.0,135.0,3
Super built-up  Area,Thanisandra,2259.0,5.0,2.0,135.0,4
Built-up  Area,JP Nagar,2700.0,4.0,1.0,160.0,7
Super built-up  Area,Gubbalala,1008.0,2.0,2.0,32.25,2
Super built-up  Area,Other,1200.0,2.0,2.0,52.5,2
Super built-up  Area,Other,2328.0,4.0,1.0,528.0,4
Super built-up  Area,Electronic City,660.0,1.0,1.0,15.5,2
Super built-up  Area,Rajaji Nagar,1800.0,2.0,2.0,250.0,3
Super built-up  Area,Rajaji Nagar,3100.0,4.0,3.0,550.0,4
Super built-up  Area,Yelahanka,1405.0,2.0,0.0,50.58,2
Super built-up  Area,Yelahanka,602.0,1.0,1.0,26.0,1
Super built-up  Area,JP Nagar,1500.0,2.0,3.0,82.0,3
Built-up  Area,Other,1539.0,3.0,2.0,60.0,3
Super built-up  Area,Judicial Layout,1100.0,2.0,1.0,53.0,3
Super built-up  Area,Raja Rajeshwari Nagar,1151.0,2.0,1.0,49.0,2
Super built-up  Area,Other,920.0,2.0,1.0,46.0,2
Super built-up  Area,Kathriguppe,1350.0,3.0,3.0,78.3,3
Super built-up  Area,Bannerghatta Road,1200.0,2.0,2.0,65.0,2
Super built-up  Area,Thanisandra,1265.0,2.0,1.0,78.0,2
Super built-up  Area,Sarjapur  Road,1700.0,3.0,2.0,93.5,3
Built-up  Area,Ramamurthy Nagar,1600.0,3.0,0.0,75.0,3
Built-up  Area,Other,1550.0,4.0,1.0,120.0,4
Built-up  Area,R.T. Nagar,1560.0,3.0,3.0,125.0,3
Plot  Area,Raja Rajeshwari Nagar,1200.0,4.0,1.0,160.0,4
Super built-up  Area,Sarjapur  Road,1403.0,3.0,1.0,56.0,3
Super built-up  Area,Tumkur Road,1416.0,3.0,1.0,94.0,3
Super built-up  Area,Kanakpura Road,1628.0,2.0,2.0,68.0,2
Plot  Area,Chamrajpet,1660.4,4.0,2.0,211.0,4
Super built-up  Area,7th Phase JP Nagar,1680.0,3.0,2.0,125.0,3
Super built-up  Area,Doddathoguru,1595.0,3.0,3.0,62.0,3
Super built-up  Area,Kanakpura Road,1507.0,2.0,3.0,95.0,3
Super built-up  Area,Frazer Town,2560.0,3.0,2.0,288.0,3
Super built-up  Area,Hennur Road,1949.0,3.0,1.0,133.0,3
Plot  Area,BTM 2nd Stage,800.0,2.0,1.0,175.0,2
Built-up  Area,Electronic City Phase II,1000.0,2.0,1.0,28.88,2
Super built-up  Area,Other,905.0,2.0,1.0,50.0,2
Super built-up  Area,Hosakerehalli,2480.0,3.0,2.0,245.0,3
Super built-up  Area,Other,1495.0,3.0,2.0,200.0,3
Super built-up  Area,Kaikondrahalli,1605.0,3.0,3.0,105.0,3
Built-up  Area,Bommanahalli,1290.0,2.0,1.0,73.0,2
Super built-up  Area,Yelahanka,1100.0,2.0,1.0,60.0,2
Super built-up  Area,Other,2100.0,6.0,0.0,92.0,6
Super built-up  Area,Electronics City Phase 1,995.0,2.0,1.0,49.8,2
Super built-up  Area,Rajaji Nagar,3526.0,4.0,3.0,598.0,4
Super built-up  Area,Gottigere,1425.0,2.0,2.0,47.0,3
Super built-up  Area,Other,1455.0,2.0,2.0,55.0,3
Super built-up  Area,Other,550.0,1.0,1.0,23.0,1
Plot  Area,Other,7000.0,4.0,2.0,210.0,4
Super built-up  Area,Other,4000.0,3.0,0.0,130.0,5
Super built-up  Area,Other,1060.0,2.0,1.0,53.0,2
Super built-up  Area,Other,1080.0,2.0,2.0,75.0,3
Built-up  Area,HBR Layout,1783.0,3.0,2.0,125.0,3
Super built-up  Area,Haralur Road,1520.0,2.0,2.0,90.0,3
Super built-up  Area,Sarjapur  Road,1060.0,2.0,1.0,55.0,2
Super built-up  Area,Raja Rajeshwari Nagar,1267.0,2.0,1.0,54.35,2
Super built-up  Area,Whitefield,1155.0,2.0,2.0,55.0,2
Built-up  Area,Karuna Nagar,2500.0,3.0,2.0,180.0,3
Super built-up  Area,Bannerghatta Road,1240.0,2.0,1.0,65.0,2
Super built-up  Area,Other,1570.0,3.0,2.0,78.0,3
Super built-up  Area,NGR Layout,1019.0,2.0,1.0,45.9,2
Super built-up  Area,Whitefield,1355.0,3.0,3.0,76.0,2
Super built-up  Area,Other,1537.0,3.0,2.0,110.0,3
Super built-up  Area,Whitefield,4075.0,5.0,3.0,226.0,4
Super built-up  Area,Raja Rajeshwari Nagar,1550.0,3.0,3.0,52.45,3
Built-up  Area,Raja Rajeshwari Nagar,1100.0,2.0,1.0,50.0,2
Super built-up  Area,Other,1750.0,3.0,2.0,150.0,3
Super built-up  Area,9th Phase JP Nagar,1466.0,2.0,2.0,71.0,2
Super built-up  Area,Rachenahalli,1550.0,3.0,2.0,72.5,3
Super built-up  Area,Akshaya Nagar,2300.0,4.0,3.0,102.0,3
Super built-up  Area,Kengeri,540.0,1.0,1.0,22.5,1
Plot  Area,8th Phase JP Nagar,950.0,3.0,2.0,130.0,3
Built-up  Area,Other,2800.0,7.0,1.0,250.0,7
Super built-up  Area,Other,1020.0,2.0,3.0,48.0,2
Super built-up  Area,Cunningham Road,2880.0,3.0,2.0,501.0,3
Super built-up  Area,Hebbal,1987.0,4.0,2.0,165.0,3
Super built-up  Area,Hoodi,1305.0,2.0,1.0,75.0,2
Built-up  Area,Sarjapur,2100.0,3.0,1.0,125.0,4
Built-up  Area,Electronic City,1125.0,2.0,1.0,32.5,2
Super built-up  Area,Horamavu Banaswadi,1225.0,2.0,2.0,49.5,2
Super built-up  Area,Hennur,1255.0,2.0,1.0,55.5,2
Super built-up  Area,Other,1191.0,2.0,1.0,90.0,2
Plot  Area,Uttarahalli,3600.0,6.0,2.0,303.0,6
Built-up  Area,Electronic City,1165.0,2.0,1.0,33.64,2
Super built-up  Area,Other,865.0,2.0,1.0,35.11,2
Super built-up  Area,Nagarbhavi,1850.0,2.0,2.0,88.0,3
Super built-up  Area,Hennur Road,1232.0,2.0,2.0,89.0,2
Super built-up  Area,Thanisandra,1732.0,3.0,3.0,85.73,3
Super built-up  Area,Yelahanka,1614.0,2.0,1.0,100.0,3
Built-up  Area,Magadi Road,600.0,1.0,1.0,22.0,2
Super built-up  Area,Thigalarapalya,2072.0,4.0,2.0,155.0,3
Super built-up  Area,Electronic City,919.0,2.0,2.0,34.0,2
Built-up  Area,Other,2100.0,4.0,1.0,90.0,4
Plot  Area,Other,1200.0,3.0,1.0,150.0,3
Super built-up  Area,Other,2849.0,5.0,2.0,250.0,4
Built-up  Area,Other,1000.0,2.0,2.0,42.0,2
Super built-up  Area,Whitefield,1216.0,2.0,1.0,75.0,2
Super built-up  Area,Lingadheeranahalli,2245.0,4.0,2.0,154.0,4
Super built-up  Area,Bannerghatta Road,1476.0,3.0,1.0,125.0,3
Super built-up  Area,Ambedkar Nagar,1852.0,3.0,2.0,130.0,3
Super built-up  Area,Other,1225.0,2.0,2.0,47.0,2
Super built-up  Area,Panathur,1597.0,3.0,1.0,67.12,3
Super built-up  Area,Jakkur,2423.0,4.0,3.0,160.0,3
Super built-up  Area,Marathahalli,1152.0,2.0,1.0,90.0,2
Super built-up  Area,Harlur,1762.0,3.0,2.0,133.0,3
Plot  Area,Kammasandra,1400.0,3.0,2.0,92.0,3
Plot  Area,Other,2400.0,6.0,3.0,400.0,6
Super built-up  Area,Raja Rajeshwari Nagar,1185.0,2.0,2.0,40.17,2
Super built-up  Area,Yelahanka,1890.0,3.0,2.0,108.0,3
Super built-up  Area,Varthur Road,1247.0,2.0,2.0,58.0,3
Super built-up  Area,Bellandur,1201.0,2.0,2.0,59.99,2
Built-up  Area,Gunjur Palya,830.0,2.0,2.0,40.0,2
Built-up  Area,Electronic City Phase II,1165.0,2.0,1.0,30.29,2
Super built-up  Area,Bommanahalli,1100.0,1.0,2.0,55.0,2
Built-up  Area,9th Phase JP Nagar,1890.0,2.0,2.0,93.0,3
Super built-up  Area,Other,1685.0,3.0,2.0,60.0,3
Super built-up  Area,Sarakki Nagar,3131.0,4.0,3.0,349.0,4
Super built-up  Area,Battarahalli,1165.0,2.0,1.0,43.0,2
Super built-up  Area,Other,827.0,2.0,1.0,45.0,2
Plot  Area,Uttarahalli,1200.0,4.0,3.0,179.0,4
Built-up  Area,Electronics City Phase 1,635.0,1.0,0.0,26.0,1
Built-up  Area,Whitefield,4000.0,4.0,3.0,380.0,4
Super built-up  Area,Other,1050.0,2.0,1.0,50.0,2
Super built-up  Area,Jakkur,1819.18,3.0,2.0,168.0,3
Plot  Area,Kanakapura,1500.0,3.0,3.0,125.0,3
Super built-up  Area,Yelenahalli,1500.0,2.0,2.0,57.0,3
Super built-up  Area,Benson Town,2850.0,4.0,3.0,470.0,3
Super built-up  Area,Raja Rajeshwari Nagar,1751.0,3.0,3.0,72.0,3
Super built-up  Area,Other,4750.0,6.0,1.0,1102.0,4
Super built-up  Area,Bommasandra,1020.0,2.0,1.0,40.89,2
Super built-up  Area,Thanisandra,1148.0,2.0,1.0,43.5,2
Plot  Area,Other,4273.0,3.0,2.0,1100.0,3
Super built-up  Area,Other,1060.0,2.0,1.0,49.27,2
Built-up  Area,Haralur Road,1300.0,2.0,2.0,60.0,2
Built-up  Area,Hormavu,3000.0,4.0,0.0,100.0,4
Super built-up  Area,Bellandur,1325.0,2.0,2.0,65.0,2
Super built-up  Area,Other,1261.0,2.0,2.0,61.0,2
Super built-up  Area,Other,1100.0,2.0,2.0,46.0,2
Built-up  Area,Ramamurthy Nagar,700.0,2.0,1.0,33.0,2
Super built-up  Area,7th Phase JP Nagar,1675.0,2.0,2.0,135.0,3
Plot  Area,Other,3400.0,4.0,2.0,190.0,4
Super built-up  Area,Kodihalli,3260.0,5.0,3.0,388.0,4
Super built-up  Area,Other,1180.0,2.0,2.0,56.0,2
Built-up  Area,Uttarahalli,1160.0,2.0,2.0,45.0,2
Super built-up  Area,Kasavanhalli,1863.0,3.0,2.0,105.0,4
Super built-up  Area,Sahakara Nagar,1914.0,3.0,2.0,149.0,3
Super built-up  Area,BTM Layout,1458.0,3.0,2.0,79.0,3
Built-up  Area,Babusapalaya,1105.0,2.0,1.0,40.0,2
Super built-up  Area,Hulimavu,3035.0,5.0,3.0,220.0,3
Super built-up  Area,Akshaya Nagar,1662.0,3.0,2.0,90.0,3
Super built-up  Area,Yelahanka,1556.0,3.0,2.0,86.0,3
Super built-up  Area,Jigani,918.0,2.0,2.0,50.0,2
Super built-up  Area,Sarjapur  Road,1455.0,2.0,1.0,98.0,3
Super built-up  Area,Other,1205.0,2.0,1.0,70.0,2
Super built-up  Area,Other,1194.0,2.0,1.0,65.0,2
Plot  Area,Laggere,1200.0,2.0,0.0,75.0,2
Built-up  Area,Bannerghatta Road,1100.0,2.0,2.0,52.0,3
Super built-up  Area,Sarjapur  Road,1405.0,3.0,2.0,48.87,3
Super built-up  Area,Subramanyapura,929.0,2.0,1.0,56.0,2
Built-up  Area,Frazer Town,3436.0,5.0,2.0,341.0,4
Super built-up  Area,8th Phase JP Nagar,2100.0,4.0,3.0,92.0,4
Super built-up  Area,Channasandra,1065.0,2.0,1.0,40.47,2
Super built-up  Area,Bannerghatta Road,1532.5,3.0,0.0,84.29,3
Super built-up  Area,Hormavu,1093.0,2.0,1.0,32.78,2
Built-up  Area,Anandapura,1250.0,2.0,2.0,45.0,2
Super built-up  Area,Marathahalli,1680.0,3.0,3.0,105.0,3
Super built-up  Area,Nagarbhavi,1146.0,2.0,1.0,50.0,2
Super built-up  Area,Other,1250.0,2.0,3.0,58.0,2
Super built-up  Area,Ramagondanahalli,1451.0,3.0,1.0,60.44,3
Super built-up  Area,Other,1424.0,2.0,3.0,55.0,3
Super built-up  Area,Gottigere,1435.0,2.0,3.0,62.0,3
Super built-up  Area,Devanahalli,658.0,1.0,0.0,26.91,1
Super built-up  Area,Bommanahalli,1300.0,3.0,2.0,45.0,3
Super built-up  Area,Whitefield,1242.0,2.0,2.0,65.0,2
Super built-up  Area,Marathahalli,1910.0,3.0,3.0,119.0,3
Super built-up  Area,Yelahanka,1610.0,4.0,2.0,85.0,3
Super built-up  Area,Hulimavu,1127.0,2.0,1.0,65.0,2
Super built-up  Area,Yelahanka,1075.0,2.0,1.0,42.0,3
Super built-up  Area,Mysore Road,1155.0,2.0,1.0,51.0,2
Super built-up  Area,Other,1250.0,3.0,1.0,55.0,3
Plot  Area,Other,2200.0,4.0,2.0,160.0,3
Built-up  Area,Billekahalli,2400.0,3.0,1.0,150.0,3
Super built-up  Area,Chandapura,876.0,2.0,2.0,29.5,2
Super built-up  Area,Nagarbhavi,1850.0,2.0,2.0,89.0,3
Super built-up  Area,Kadugodi,1314.0,2.0,3.0,83.0,2
Super built-up  Area,Rachenahalli,690.0,1.0,1.0,39.8,1
Built-up  Area,Electronic City Phase II,3550.0,2.0,2.0,167.5,4
Built-up  Area,Other,1230.0,2.0,3.0,55.0,2
Super built-up  Area,Bommasandra,920.0,2.0,1.0,37.2,2
Built-up  Area,Sarjapur  Road,1850.0,3.0,3.0,140.0,3
Super built-up  Area,Electronic City,1073.0,2.0,2.0,60.0,2
Super built-up  Area,Other,1540.0,3.0,3.0,76.0,3
Super built-up  Area,Kanakpura Road,1550.0,3.0,3.0,63.5,3
Super built-up  Area,Kalyan nagar,1198.0,2.0,1.0,65.0,2
Super built-up  Area,HBR Layout,1656.0,3.0,2.0,90.0,3
Super built-up  Area,Other,1900.0,3.0,3.0,155.0,3
Built-up  Area,Ramagondanahalli,1910.0,3.0,2.0,142.0,3
Super built-up  Area,Mysore Road,1003.0,2.0,1.0,43.0,2
Built-up  Area,Other,1098.0,2.0,0.0,48.0,2
Super built-up  Area,Whitefield,1495.0,2.0,2.0,67.0,3
Super built-up  Area,Thanisandra,2172.0,3.0,2.0,76.02,3
Plot  Area,Sarakki Nagar,2400.0,4.0,2.0,358.0,4
Plot  Area,Other,1200.0,1.0,2.0,95.0,2
Super built-up  Area,Whitefield,1548.0,3.0,1.0,65.0,3
Plot  Area,Other,5400.0,5.0,2.0,972.0,7
Super built-up  Area,Whitefield,2856.0,5.0,0.0,154.5,4
Super built-up  Area,Hosur Road,1689.0,3.0,1.0,103.0,3
Super built-up  Area,Electronic City Phase II,1031.0,2.0,1.0,53.0,2
Super built-up  Area,Bhoganhalli,2119.0,4.0,2.0,111.0,4
Plot  Area,Whitefield,1200.0,2.0,2.0,46.13,2
Super built-up  Area,Other,1060.0,2.0,2.0,37.0,2
Super built-up  Area,Other,1100.0,2.0,1.0,61.0,2
Plot  Area,Other,1350.0,4.0,2.0,225.0,4
Super built-up  Area,Hennur Road,1250.0,2.0,1.0,77.88,3
Super built-up  Area,Other,1100.0,2.0,2.0,110.0,2
Plot  Area,Whitefield,1200.0,2.0,1.0,46.13,2
Super built-up  Area,Seegehalli,1420.0,2.0,2.0,46.0,3
Super built-up  Area,Electronic City,1500.0,2.0,1.0,78.0,3
Built-up  Area,Other,1942.0,3.0,1.0,155.0,3
Super built-up  Area,Haralur Road,1985.0,3.0,2.0,130.0,3
Super built-up  Area,Sarjapur  Road,950.0,1.0,0.0,39.9,1
Plot  Area,Other,1200.0,4.0,2.0,80.0,3
Super built-up  Area,Green Glen Layout,1752.0,3.0,2.0,105.0,3
Plot  Area,Abbigere,1200.0,3.0,2.0,120.0,4
Super built-up  Area,Old Madras Road,1480.0,2.0,2.0,84.0,3
Super built-up  Area,Sarjapur  Road,1826.0,3.0,2.0,130.0,3
Super built-up  Area,8th Phase JP Nagar,1035.0,2.0,1.0,39.33,2
Built-up  Area,Sarjapur  Road,2600.0,4.0,2.0,98.0,4
Built-up  Area,Kasavanhalli,1667.0,3.0,2.0,92.0,3
Super built-up  Area,Thanisandra,934.0,2.0,2.0,55.0,2
Built-up  Area,JP Nagar,909.872467,3.0,1.0,69.34,3
Super built-up  Area,Mahadevpura,1620.0,2.0,1.0,76.0,3
Super built-up  Area,Electronic City,1070.0,2.0,1.0,47.0,2
Built-up  Area,Hosur Road,3600.0,5.0,3.0,180.0,5
Super built-up  Area,Uttarahalli,1280.0,2.0,2.0,60.0,3
Super built-up  Area,Other,1400.0,2.0,2.0,60.0,2
Built-up  Area,Other,1330.0,2.0,1.0,64.0,2
Super built-up  Area,Electronic City Phase II,1611.0,2.0,2.0,48.33,3
Super built-up  Area,Whitefield,1405.0,3.0,2.0,58.0,3
Super built-up  Area,Other,1515.0,3.0,3.0,90.0,3
Super built-up  Area,Thigalarapalya,1830.0,4.0,2.0,150.0,3
Built-up  Area,Kaggadasapura,1710.0,3.0,0.0,60.0,3
Built-up  Area,BTM Layout,935.0,2.0,1.0,51.5,2
Super built-up  Area,Jakkur,2197.0,3.0,2.0,136.0,3
Super built-up  Area,Yeshwanthpur,1678.0,3.0,2.0,92.13,3
Built-up  Area,Brookefield,1410.0,2.0,0.0,80.0,3
Super built-up  Area,Jakkur,1125.0,2.0,2.0,65.0,2
Super built-up  Area,Magadi Road,1191.0,2.0,1.0,55.38,3
Super built-up  Area,Thubarahalli,1200.0,2.0,2.0,79.0,2
Super built-up  Area,CV Raman Nagar,1525.0,2.0,3.0,67.0,3
Super built-up  Area,Other,1464.0,3.0,3.0,56.0,3
Super built-up  Area,Seegehalli,920.0,2.0,1.0,27.0,2
Built-up  Area,Yelahanka,651.0,1.0,1.0,17.5,1
Super built-up  Area,Chikkabanavar,600.0,1.0,2.0,25.0,2
Super built-up  Area,Thanisandra,1185.0,2.0,2.0,44.0,2
Super built-up  Area,Electronics City Phase 1,1190.0,2.0,1.0,68.0,2
Super built-up  Area,Whitefield,2856.0,5.0,0.0,158.5,4
Super built-up  Area,Whitefield,1355.0,2.0,3.0,73.0,2
Plot  Area,KR Puram,1200.0,1.0,0.0,65.0,2
Plot  Area,Kundalahalli,7000.0,4.0,3.0,550.0,4
Super built-up  Area,Yelahanka New Town,500.0,2.0,1.0,24.0,1
Super built-up  Area,Bommasandra Industrial Area,1250.0,3.0,3.0,50.0,3
Built-up  Area,Uttarahalli,1480.0,2.0,1.0,58.0,3
Built-up  Area,Ambalipura,3300.0,4.0,2.0,329.0,4
Super built-up  Area,KR Puram,1583.0,2.0,2.0,70.445,3
Super built-up  Area,Other,1206.0,2.0,1.0,53.0,2
Super built-up  Area,Rajaji Nagar,1357.0,2.0,1.0,130.0,2
Built-up  Area,Hosakerehalli,925.0,2.0,1.0,46.5,2
Super built-up  Area,8th Phase JP Nagar,909.0,2.0,1.0,40.9,2
Plot  Area,Seegehalli,3000.0,5.0,2.0,335.0,3
Built-up  Area,Brookefield,1100.0,2.0,1.0,55.0,2
Plot  Area,Malleshwaram,3000.0,5.0,2.0,815.0,4
Super built-up  Area,Raja Rajeshwari Nagar,1306.0,2.0,2.0,44.17,2
Plot  Area,Other,1200.0,4.0,1.0,95.0,4
Super built-up  Area,Kalena Agrahara,610.0,1.0,1.0,39.0,1
Super built-up  Area,Yelahanka,1484.0,2.0,2.0,56.4,3
Super built-up  Area,Ramamurthy Nagar,1125.0,2.0,1.0,47.0,2
Super built-up  Area,Whitefield,2882.0,5.0,1.0,158.0,4
Super built-up  Area,Kundalahalli,2075.0,3.0,1.0,115.0,3
Built-up  Area,Other,1250.0,2.0,1.0,58.0,2
Super built-up  Area,Horamavu Banaswadi,1272.0,2.0,2.0,51.5,2
Super built-up  Area,Other,625.0,2.0,1.0,24.0,2
Built-up  Area,1st Phase JP Nagar,840.0,2.0,2.0,50.0,1
Super built-up  Area,Hennur Road,2502.0,4.0,2.0,180.0,4
Super built-up  Area,Rayasandra,583.0,1.0,1.0,26.9,1
Super built-up  Area,Gunjur Palya,900.0,2.0,1.0,27.0,2
Built-up  Area,Kanakapura,2200.0,3.0,1.0,121.0,3
Super built-up  Area,Whitefield,750.0,1.0,1.0,51.0,1
Super built-up  Area,Marathahalli,1600.0,3.0,3.0,58.0,3
Super built-up  Area,Chikkalasandra,1365.0,2.0,2.0,49.0,3
Built-up  Area,Other,1300.0,3.0,2.0,64.0,3
Built-up  Area,Other,1200.0,1.0,0.0,69.0,1
Super built-up  Area,Hormavu,1260.0,2.0,2.0,35.0,2
Super built-up  Area,Electronics City Phase 1,1190.0,2.0,2.0,33.92,2
Super built-up  Area,Hosakerehalli,2480.0,4.0,1.0,260.0,3
Super built-up  Area,Other,1250.0,3.0,2.0,38.0,3
Built-up  Area,Kaggadasapura,1500.0,3.0,0.0,75.0,3
Super built-up  Area,Banashankari Stage V,1510.0,3.0,3.0,47.57,3
Super built-up  Area,7th Phase JP Nagar,1187.0,2.0,1.0,59.0,2
Super built-up  Area,Kundalahalli,1120.0,2.0,1.0,53.76,2
Super built-up  Area,Whitefield,1115.0,2.0,0.0,34.555,2
Super built-up  Area,Other,1717.0,3.0,3.0,99.0,3
Built-up  Area,Other,2099.0,3.0,2.0,95.0,3
Super built-up  Area,Kasturi Nagar,1100.0,2.0,2.0,58.0,2
Plot  Area,Other,1200.0,1.0,0.0,48.0,1
Built-up  Area,Bannerghatta Road,1465.0,2.0,1.0,45.87,3
Plot  Area,Kothanur,1500.0,1.0,0.0,75.0,1
Plot  Area,Other,4050.0,4.0,1.0,600.0,5
Super built-up  Area,Haralur Road,1255.0,2.0,1.0,90.0,3
Super built-up  Area,5th Phase JP Nagar,1220.0,2.0,3.0,88.0,2
Built-up  Area,Electronic City Phase II,1065.0,2.0,1.0,30.88,2
Built-up  Area,Sultan Palaya,1765.0,3.0,3.0,80.0,3
Super built-up  Area,Bellandur,1281.0,2.0,2.0,87.0,2
Super built-up  Area,Electronic City,1210.0,2.0,2.0,25.0,2
Carpet  Area,Kaggadasapura,1215.0,2.0,3.0,43.0,2
Plot  Area,Ananth Nagar,1200.0,3.0,1.0,87.0,4
Super built-up  Area,Mysore Road,1237.0,2.0,2.0,73.0,2
Super built-up  Area,Lakshminarayana Pura,1300.0,2.0,1.0,70.0,2
Super built-up  Area,Whitefield,1105.0,2.0,2.0,39.99,2
Super built-up  Area,Chandapura,1505.0,2.0,2.0,42.0,3
Super built-up  Area,Hebbal Kempapura,3900.0,5.0,2.0,310.0,4
Built-up  Area,Banashankari,1186.0,2.0,3.0,65.0,2
Super built-up  Area,Kengeri,750.0,2.0,1.0,35.5,2
Built-up  Area,Varthur,1083.0,2.0,2.0,28.0,2
Built-up  Area,Other,1430.0,2.0,1.0,78.65,3
Super built-up  Area,Thanisandra,1056.0,2.0,2.0,68.0,2
Super built-up  Area,Other,2108.0,3.0,3.0,85.0,3
Super built-up  Area,Banashankari,1650.0,3.0,2.0,101.0,3
Built-up  Area,Electronic City Phase II,1220.0,3.0,1.0,36.6,3
Super built-up  Area,Rayasandra,1198.0,2.0,1.0,54.0,2
Super built-up  Area,Other,1190.0,2.0,1.0,70.0,2
Built-up  Area,Other,900.0,2.0,1.0,41.0,2
Super built-up  Area,Other,2690.0,4.0,2.0,185.0,4
Built-up  Area,Kanakapura,1340.0,2.0,2.0,65.0,2
Plot  Area,Giri Nagar,2400.0,6.0,1.0,400.0,6
Super built-up  Area,Yelahanka,1260.0,2.0,2.0,59.2,2
Super built-up  Area,Talaghattapura,2254.0,3.0,2.0,153.0,3
Super built-up  Area,Old Madras Road,2990.0,5.0,1.0,210.0,3
Built-up  Area,Other,1800.0,5.0,1.0,250.0,4
Built-up  Area,JP Nagar,820.0,2.0,1.0,45.0,2
Super built-up  Area,Electronic City,1296.0,2.0,2.0,65.0,2
Super built-up  Area,Uttarahalli,1190.0,2.0,1.0,53.55,2
Super built-up  Area,Whitefield,1173.0,2.0,1.0,77.0,2
Plot  Area,Sarjapura - Attibele Road,1800.0,3.0,2.0,90.0,3
Built-up  Area,Yelahanka,1102.0,2.0,0.0,52.0,2
Super built-up  Area,Sarjapur,913.0,2.0,1.0,36.0,2
Super built-up  Area,Hormavu,1176.0,2.0,1.0,35.27,3
Built-up  Area,Prithvi Layout,1620.0,3.0,2.0,65.0,3
Super built-up  Area,Billekahalli,2968.0,3.0,2.0,225.0,3
Super built-up  Area,Yelahanka,1519.0,2.0,3.0,65.0,2
Super built-up  Area,Other,1594.0,3.0,2.0,99.0,3
Super built-up  Area,Other,1250.0,2.0,1.0,68.0,2
Super built-up  Area,Haralur Road,1056.0,2.0,1.0,60.0,2
Plot  Area,Whitefield,1200.0,3.0,1.0,68.4,3
Plot  Area,Other,1290.0,1.0,0.0,77.5,2
Built-up  Area,Other,1150.0,2.0,1.0,48.0,2
Super built-up  Area,Other,1464.0,2.0,1.0,145.0,2
Plot  Area,Anekal,1200.0,2.0,1.0,36.0,4
Built-up  Area,Gollarapalya Hosahalli,861.0,2.0,0.0,36.5,2
Super built-up  Area,Kundalahalli,1047.0,2.0,1.0,82.62,2
Plot  Area,Other,1200.0,2.0,0.0,75.0,2
Built-up  Area,Other,1065.0,2.0,1.0,45.0,2
Built-up  Area,Rajaji Nagar,2300.0,3.0,3.0,369.0,3
Super built-up  Area,Ramamurthy Nagar,1000.0,2.0,1.0,62.0,2
Super built-up  Area,Lingadheeranahalli,1682.0,3.0,1.0,113.0,3
Super built-up  Area,Harlur,1756.0,3.0,2.0,131.0,3
Plot  Area,Other,4000.0,4.0,2.0,1000.0,5
Super built-up  Area,Vittasandra,1238.0,2.0,1.0,67.32,2
Super built-up  Area,Dasanapura,814.0,2.0,1.0,42.0,2
Built-up  Area,Dodda Nekkundi,1145.0,2.0,1.0,46.5,2
Super built-up  Area,Varthur,965.0,2.0,1.0,34.0,2
Super built-up  Area,Other,750.0,2.0,1.0,36.0,2
Built-up  Area,Banashankari,1300.0,2.0,2.0,55.0,3
Super built-up  Area,1st Phase JP Nagar,1590.0,3.0,3.0,131.0,3
Super built-up  Area,Begur Road,644.0,1.0,1.0,40.0,1
Super built-up  Area,Whitefield,982.0,2.0,1.0,37.0,2
Super built-up  Area,Indira Nagar,1260.0,2.0,2.0,100.0,2
Super built-up  Area,Rayasandra,1555.0,3.0,2.0,75.17,3
Built-up  Area,Other,2500.0,4.0,1.0,450.0,4
Super built-up  Area,Kaggadasapura,1225.0,2.0,2.0,48.0,2
Super built-up  Area,Electronics City Phase 1,1085.0,2.0,1.0,46.0,2
Super built-up  Area,Rajaji Nagar,1640.0,3.0,2.0,220.0,3
Built-up  Area,Thanisandra,1595.0,3.0,1.0,110.0,3
Super built-up  Area,Raja Rajeshwari Nagar,1196.0,2.0,2.0,40.44,2
Super built-up  Area,Yelahanka,1859.0,3.0,1.0,108.0,3
Super built-up  Area,9th Phase JP Nagar,1079.0,2.0,1.0,60.0,2
Super built-up  Area,Whitefield,1118.0,2.0,1.0,42.0,2
Super built-up  Area,CV Raman Nagar,1198.0,2.0,2.0,60.0,2
Super built-up  Area,Chandapura,1162.5,2.0,2.0,30.215,3
Super built-up  Area,Thigalarapalya,1830.0,4.0,2.0,135.0,3
Super built-up  Area,Banashankari Stage VI,1160.0,2.0,1.0,59.0,2
Super built-up  Area,Other,1485.0,2.0,1.0,156.0,3
Super built-up  Area,Other,2070.0,3.0,3.0,135.0,3
Built-up  Area,Kannamangala,957.0,2.0,0.0,52.5,2
Plot  Area,Basaveshwara Nagar,2400.0,4.0,1.0,310.0,5
Super built-up  Area,Bannerghatta Road,1268.0,2.0,1.0,69.0,2
Super built-up  Area,Bannerghatta Road,1450.0,2.0,2.0,87.0,3
Built-up  Area,Other,1600.0,2.0,2.0,75.0,3
Super built-up  Area,Uttarahalli,1330.0,2.0,1.0,57.0,3
Super built-up  Area,Jakkur,1355.0,2.0,2.0,65.0,3
Super built-up  Area,Other,1100.0,2.0,1.0,38.49,2
Super built-up  Area,Chikkalasandra,1075.0,2.0,1.0,46.76,2
Super built-up  Area,Other,800.0,2.0,1.0,55.0,2
Built-up  Area,Other,900.0,1.0,1.0,44.0,2
Super built-up  Area,Haralur Road,1140.0,2.0,1.0,42.0,2
Super built-up  Area,Other,1480.0,2.0,2.0,125.0,3
Super built-up  Area,Padmanabhanagar,1710.0,2.0,2.0,90.63,3
Super built-up  Area,Talaghattapura,2106.0,3.0,3.0,148.0,3
Plot  Area,Other,3800.0,2.0,2.0,130.0,3
Super built-up  Area,Marathahalli,1602.0,2.0,2.0,104.0,2
Super built-up  Area,Sarjapur  Road,1660.0,2.0,2.0,116.0,3
Super built-up  Area,Electronic City Phase II,1549.0,3.0,2.0,80.0,3
Super built-up  Area,Marathahalli,700.0,1.0,1.0,38.0,1
Super built-up  Area,Balagere,1012.0,2.0,1.0,64.0,2
Super built-up  Area,Whitefield,1216.0,2.0,1.0,69.0,2
Super built-up  Area,Electronic City Phase II,1065.0,2.0,1.0,56.13,2
Super built-up  Area,Thanisandra,1411.0,3.0,1.0,93.15,3
Super built-up  Area,Pai Layout,1400.0,2.0,2.0,57.5,2
Super built-up  Area,Hoskote,1250.0,3.0,2.0,29.0,3
Super built-up  Area,Haralur Road,1245.0,2.0,3.0,62.0,2
Super built-up  Area,Choodasandra,1115.0,2.0,1.0,50.0,2
Super built-up  Area,Vidyaranyapura,1000.0,2.0,1.0,35.0,2
Super built-up  Area,Panathur,1580.0,3.0,0.0,71.89,3
Super built-up  Area,Subramanyapura,1800.0,3.0,2.0,90.0,3
Super built-up  Area,Other,1500.0,2.0,2.0,130.0,2
Super built-up  Area,Kothannur,1275.0,3.0,2.0,44.0,3
Super built-up  Area,Kasavanhalli,1494.0,3.0,2.0,82.0,3
Super built-up  Area,Bhoganhalli,1949.0,3.0,2.0,129.0,3
Super built-up  Area,BTM Layout,1020.0,2.0,1.0,46.5,2
Super built-up  Area,Mysore Road,883.0,2.0,1.0,45.0,2
Built-up  Area,Old Airport Road,3200.0,4.0,2.0,280.0,4
Super built-up  Area,Other,2010.0,3.0,3.0,125.0,3
Super built-up  Area,Yeshwanthpur,1240.0,2.0,2.0,80.0,2
Super built-up  Area,6th Phase JP Nagar,1213.0,2.0,1.0,63.0,2
Super built-up  Area,Hegde Nagar,1835.0,3.0,3.0,88.0,3
Super built-up  Area,Bannerghatta Road,2932.0,5.0,2.0,195.0,4
Built-up  Area,Whitefield,3425.0,5.0,2.0,250.0,4
Built-up  Area,Gottigere,945.0,2.0,0.0,45.0,2
Super built-up  Area,Other,1504.0,2.0,2.0,100.0,3
Super built-up  Area,Lakshminarayana Pura,1569.0,3.0,2.0,150.0,3
Super built-up  Area,Harlur,1755.0,3.0,2.0,130.0,3
Super built-up  Area,Vijayanagar,1760.0,3.0,2.0,140.0,3
Super built-up  Area,Hoodi,1240.0,2.0,3.0,43.94,2
Super built-up  Area,Electronics City Phase 1,1450.0,3.0,2.0,72.54,3
Super built-up  Area,5th Phase JP Nagar,1000.0,2.0,0.0,48.0,2
Plot  Area,Shivaji Nagar,3820.0,1.0,1.0,306.0,1
Super built-up  Area,Other,2000.0,4.0,2.0,145.0,5
Super built-up  Area,Choodasandra,1215.0,2.0,2.0,59.0,2
Super built-up  Area,Yelachenahalli,1330.0,3.0,3.0,73.5,3
Super built-up  Area,Raja Rajeshwari Nagar,1178.0,2.0,1.0,75.0,2
Plot  Area,Hulimavu,1500.0,4.0,3.0,192.0,4
Super built-up  Area,Other,2040.0,2.0,2.0,59.0,2
Super built-up  Area,Bellandur,2000.0,3.0,2.0,85.0,3
Super built-up  Area,Other,1602.0,2.0,1.0,165.0,3
Plot  Area,Other,1200.0,4.0,1.0,130.0,4
Built-up  Area,Other,1800.0,3.0,1.0,220.0,3
Plot  Area,Dasarahalli,2400.0,2.0,1.0,152.0,3
Super built-up  Area,Sarjapur  Road,1700.0,3.0,3.0,108.0,3
Built-up  Area,Jigani,1200.0,3.0,2.0,65.0,3
Plot  Area,Other,1500.0,3.0,0.0,72.0,3
Plot  Area,Karuna Nagar,1240.0,3.0,2.0,165.0,3
Built-up  Area,Whitefield,3000.0,3.0,2.0,400.0,3
Built-up  Area,Kanakpura Road,1737.0,3.0,3.0,85.0,3
Built-up  Area,Other,1280.0,2.0,1.0,48.0,3
Super built-up  Area,CV Raman Nagar,1560.0,2.0,2.0,85.0,2
Super built-up  Area,Kambipura,883.0,2.0,1.0,44.0,2
Super built-up  Area,Kengeri Satellite Town,750.0,2.0,1.0,33.0,2
Super built-up  Area,Brookefield,2400.0,3.0,3.0,140.0,4
Super built-up  Area,Other,900.0,2.0,1.0,45.0,2
Super built-up  Area,Hormavu,1030.0,2.0,1.0,49.35,2
Super built-up  Area,7th Phase JP Nagar,1850.0,3.0,2.0,155.0,3
Built-up  Area,Hennur Road,1831.0,3.0,1.0,110.0,3
Super built-up  Area,Other,1095.0,2.0,1.0,38.33,2
Built-up  Area,Electronic City Phase II,1320.0,2.0,1.0,38.13,3
Super built-up  Area,Sarjapur  Road,1272.5,2.0,0.0,40.72,3
Built-up  Area,7th Phase JP Nagar,1000.0,2.0,1.0,61.0,2
Super built-up  Area,Budigere,1820.0,3.0,2.0,85.4,3
Super built-up  Area,Bisuvanahalli,1075.0,2.0,1.0,41.0,3
Plot  Area,TC Palaya,1500.0,3.0,0.0,83.0,3
Super built-up  Area,Electronics City Phase 1,360.0,1.0,0.0,16.9,1
Super built-up  Area,Kadugodi,925.0,1.0,0.0,40.7,1
Super built-up  Area,Electronic City,1140.0,2.0,1.0,70.93,2
Super built-up  Area,Other,1145.0,2.0,2.0,58.4,2
Super built-up  Area,Other,1862.0,3.0,3.0,120.0,3
Super built-up  Area, Devarachikkanahalli,947.0,2.0,2.0,43.0,2
Built-up  Area,Other,7502.4383,4.0,2.0,211.0,4
Super built-up  Area,Kalena Agrahara,1120.0,2.0,2.0,40.0,2
Built-up  Area,Other,2700.0,3.0,3.0,200.0,3
Super built-up  Area,Kaggadasapura,1805.0,2.0,2.0,75.0,3
Super built-up  Area,Basavangudi,1100.0,2.0,3.0,93.0,2
Plot  Area,Other,1355.0,3.0,0.0,135.0,4
Built-up  Area,Other,1677.0,3.0,2.0,98.0,3
Built-up  Area,Other,2500.0,8.0,3.0,95.0,8
Super built-up  Area,Uttarahalli,1560.0,3.0,3.0,74.0,3
Super built-up  Area,Arekere,2060.0,3.0,2.0,150.0,3
Super built-up  Area,Koramangala,1716.0,2.0,0.0,115.0,3
Super built-up  Area,Harlur,1864.0,3.0,1.0,140.0,3
Built-up  Area,Electronics City Phase 1,638.0,1.0,1.0,32.0,1
Super built-up  Area,Chandapura,937.0,2.0,1.0,30.0,2
Built-up  Area,Other,1490.0,2.0,1.0,115.0,3
Super built-up  Area,Frazer Town,4856.0,5.0,3.0,410.0,4
Plot  Area,Whitefield,4003.0,6.0,1.0,525.0,4
Super built-up  Area,Whitefield,1100.0,2.0,1.0,37.0,2
Super built-up  Area,Thigalarapalya,1000.0,2.0,2.0,48.53,2
Super built-up  Area,Horamavu Agara,1060.0,2.0,1.0,37.0,2
Super built-up  Area,Kundalahalli,1047.0,2.0,1.0,91.0,2
Built-up  Area,Basaveshwara Nagar,1200.0,2.0,2.0,80.0,2
Super built-up  Area,Akshaya Nagar,1420.0,2.0,2.0,75.0,3
Super built-up  Area,Sarjapur  Road,1539.0,3.0,2.0,85.0,3
Super built-up  Area,Other,1550.0,3.0,1.0,59.0,3
Super built-up  Area,Kasavanhalli,1555.0,3.0,3.0,82.0,3
Super built-up  Area,Seegehalli,1553.0,3.0,3.0,68.0,3
Super built-up  Area,Electronic City Phase II,920.0,2.0,2.0,26.0,2
Super built-up  Area,Other,1740.0,3.0,3.0,120.0,3
Super built-up  Area,OMBR Layout,1855.0,3.0,2.0,145.0,3
Super built-up  Area,Kundalahalli,1724.0,3.0,1.0,146.0,3
Super built-up  Area,Other,1020.0,2.0,2.0,60.0,2
Super built-up  Area,Uttarahalli,1250.0,2.0,1.0,50.0,3
Super built-up  Area,Sanjay nagar,1450.0,3.0,2.0,75.0,3
Super built-up  Area,Thubarahalli,1200.0,2.0,2.0,80.0,2
Built-up  Area,Haralur Road,1140.0,2.0,2.0,58.0,2
Super built-up  Area,Other,550.0,1.0,1.0,16.0,1
Super built-up  Area,Bannerghatta Road,1450.0,3.0,1.0,44.0,3
Super built-up  Area,Kanakpura Road,700.0,2.0,1.0,35.07,2
Plot  Area,Whitefield,1200.0,3.0,1.0,56.0,3
Super built-up  Area,Yelahanka,1050.0,2.0,1.0,45.0,2
Super built-up  Area,Somasundara Palya,1600.0,3.0,3.0,69.0,3
Super built-up  Area,Bannerghatta Road,1625.0,2.0,3.0,75.0,3
Super built-up  Area,Other,1492.0,2.0,2.0,65.0,2
Super built-up  Area,Whitefield,2856.0,5.0,0.0,157.5,4
Super built-up  Area,Sarjapur  Road,1489.0,2.0,3.0,82.0,3
Super built-up  Area,Kanakapura,1560.0,2.0,2.0,62.38,3
Super built-up  Area,Haralur Road,1140.0,2.0,2.0,42.0,2
Super built-up  Area,Other,1431.0,3.0,2.0,65.0,3
Super built-up  Area,Lingadheeranahalli,1682.0,3.0,1.0,114.0,3
Super built-up  Area,Panathur,1198.0,2.0,1.0,86.26,2
Plot  Area,Other,3664.0,3.0,2.0,325.0,3
Super built-up  Area,Sarjapur  Road,1550.0,2.0,2.0,69.75,3
Super built-up  Area,Kodichikkanahalli,1026.0,2.0,1.0,45.0,2
Built-up  Area,Hennur,1260.0,2.0,2.0,52.0,3
Plot  Area,Other,690.0,2.0,0.0,42.0,2
Super built-up  Area,Sarjapur  Road,539.0,1.0,1.0,45.0,1
Built-up  Area,Sarakki Nagar,1200.0,4.0,1.0,85.0,4
Built-up  Area,Attibele,2400.0,3.0,3.0,120.0,3
Super built-up  Area,Thubarahalli,1200.0,2.0,2.0,79.55,2
Plot  Area,Kundalahalli,2500.0,5.0,2.0,350.0,4
Super built-up  Area,Sarjapur  Road,1186.0,2.0,2.0,40.0,3
Super built-up  Area,Thanisandra,1039.0,2.0,2.0,39.5,2
Plot  Area,Other,1500.0,5.0,3.0,233.0,4
Plot  Area,Gottigere,1500.0,4.0,1.0,100.0,5
Super built-up  Area,Malleshwaram,2520.0,3.0,2.0,150.0,3
Built-up  Area,Brookefield,1225.0,2.0,2.0,66.5,2
Built-up  Area,Bommanahalli,1350.0,2.0,2.0,72.0,2
Super built-up  Area,Other,1030.0,2.0,2.0,300.0,2
Built-up  Area,Whitefield,1550.0,2.0,2.0,49.6,3
Super built-up  Area,Hoodi,1490.0,3.0,2.0,79.0,3
Super built-up  Area,Other,1520.0,3.0,2.0,111.0,3
Plot  Area,Whitefield,4100.0,4.0,2.0,550.0,4
Built-up  Area,Other,1391.0,2.0,3.0,64.5,3
Super built-up  Area,Rachenahalli,1200.0,2.0,2.0,50.0,2
Plot  Area,Other,1200.0,4.0,2.0,86.0,4
Plot  Area,Other,2500.0,6.0,3.0,500.0,5
Super built-up  Area,Yelahanka,1322.0,2.0,2.0,80.0,2
Super built-up  Area,Whitefield,2173.0,3.0,2.0,128.0,3
Super built-up  Area,Sarjapur  Road,1200.0,2.0,2.0,75.0,2
Super built-up  Area,Thubarahalli,1200.0,2.0,2.0,47.0,2
Super built-up  Area,Mysore Road,1170.0,2.0,2.0,65.0,2
Super built-up  Area,NRI Layout,1125.0,2.0,2.0,45.56,2
Super built-up  Area,Devanahalli,698.5,1.0,0.0,28.57,1
Super built-up  Area,Other,1250.0,2.0,2.0,90.0,2
Super built-up  Area,Chandapura,1025.0,2.0,2.0,27.68,2
Super built-up  Area,Yelahanka,1075.0,2.0,2.0,36.0,3
Super built-up  Area,Other,1900.0,2.0,2.0,190.0,3
Built-up  Area,Whitefield,1435.0,3.0,2.0,45.0,3
Super built-up  Area,Electronics City Phase 1,1175.0,2.0,2.0,64.98,2
Built-up  Area,Other,900.0,2.0,1.0,33.0,2
Super built-up  Area,Electronics City Phase 1,585.0,1.0,1.0,21.0,1
Plot  Area,Jigani,3170.0,5.0,2.0,230.0,4
Super built-up  Area,Other,1602.0,2.0,1.0,170.0,3
Super built-up  Area,Thanisandra,1220.0,2.0,2.0,42.0,2
Super built-up  Area,Rajaji Nagar,2500.0,3.0,3.0,350.0,3
Super built-up  Area,Sarjapur  Road,2145.0,3.0,3.0,180.0,3
Super built-up  Area,Bannerghatta Road,960.0,2.0,3.0,58.0,2
Super built-up  Area,NGR Layout,907.0,1.0,1.0,38.0,1
Super built-up  Area,Old Madras Road,1210.0,2.0,1.0,74.0,2
Super built-up  Area,Other,1230.0,2.0,2.0,70.0,2
Super built-up  Area,5th Phase JP Nagar,1350.0,2.0,1.0,75.0,3
Super built-up  Area,Kenchenahalli,1150.0,2.0,2.0,58.0,2
Super built-up  Area,Sarjapur,1404.0,2.0,0.0,53.35,3
Super built-up  Area,OMBR Layout,1050.0,2.0,3.0,48.0,2
Super built-up  Area,Yelahanka,1285.0,2.0,2.0,56.0,2
Super built-up  Area,Hormavu,1018.0,2.0,1.0,50.8,2
Plot  Area,Hoskote,1200.0,3.0,2.0,57.0,3
Super built-up  Area,Other,1600.0,3.0,3.0,95.0,3
Super built-up  Area,9th Phase JP Nagar,1480.0,2.0,1.0,80.0,2
Built-up  Area,Kodichikkanahalli,2500.0,7.0,0.0,125.0,5
Built-up  Area,Kaval Byrasandra,480.0,1.0,1.0,25.0,1
Super built-up  Area,Akshaya Nagar,1435.0,3.0,3.0,53.0,3
Built-up  Area,Other,450.0,1.0,2.0,60.0,1
Super built-up  Area,Other,600.0,2.0,0.0,23.0,1
Super built-up  Area,CV Raman Nagar,1590.0,2.0,3.0,85.0,3
Built-up  Area,Nagavara,936.0,2.0,0.0,40.2,2
Super built-up  Area,Banashankari,1181.0,2.0,1.0,75.0,2
Super built-up  Area,Kengeri,1741.0,3.0,2.0,80.0,3
Super built-up  Area,JP Nagar,1750.0,3.0,1.0,123.0,3
Super built-up  Area,Varthur Road,1050.0,2.0,2.0,42.7,2
Super built-up  Area,Tumkur Road,1027.0,2.0,1.0,60.0,2
Built-up  Area,Other,3463.0,6.0,0.0,310.0,4
Built-up  Area,Sector 2 HSR Layout,1600.0,3.0,2.0,70.0,3
Super built-up  Area,Sahakara Nagar,1000.0,2.0,1.0,60.0,2
Super built-up  Area,Varthur,1120.0,2.0,2.0,44.24,2
Plot  Area,Other,1200.0,2.0,0.0,85.0,2
Super built-up  Area,Other,1200.0,2.0,2.0,35.0,2
Super built-up  Area,Kasturi Nagar,1570.0,3.0,2.0,110.0,3
Super built-up  Area,Koramangala,1500.0,3.0,1.0,135.0,3
Built-up  Area,Frazer Town,1315.0,2.0,2.0,140.0,2
Super built-up  Area,Electronic City Phase II,1140.0,2.0,1.0,33.84,2
Super built-up  Area,Banashankari,1105.0,2.0,2.0,90.0,2
Built-up  Area,Electronic City,1200.0,2.0,1.0,34.65,2
Super built-up  Area,Whitefield,905.0,1.0,1.0,62.0,1
Plot  Area,HSR Layout,2400.0,4.0,0.0,350.0,4
Super built-up  Area,Kudlu Gate,1185.0,2.0,1.0,50.0,2
Super built-up  Area,Koramangala,1083.0,2.0,1.0,100.0,2
Super built-up  Area,Rayasandra,1458.0,3.0,2.0,60.0,3
Super built-up  Area,Hormavu,1555.0,3.0,2.0,75.0,3
Built-up  Area,Other,1200.0,2.0,2.0,45.0,2
Super built-up  Area,Sarjapur  Road,1308.0,2.0,1.0,58.86,2
Super built-up  Area,Kudlu,1024.0,2.0,2.0,44.0,2
Super built-up  Area,Kanakapura,1450.0,3.0,1.0,75.0,3
Super built-up  Area,Seegehalli,1639.0,3.0,3.0,120.0,3
Super built-up  Area,Hennur Road,1232.0,2.0,1.0,87.0,2
Super built-up  Area,Kasavanhalli,1719.0,3.0,1.0,184.0,3
Super built-up  Area,Chandapura,975.0,2.0,1.0,24.86,2
Super built-up  Area,Other,2000.0,4.0,2.0,130.0,3
Super built-up  Area,Jakkur,1230.0,2.0,1.0,79.0,2
Plot  Area,Other,1350.0,4.0,2.0,140.0,4
Super built-up  Area,KR Puram,1076.0,2.0,2.0,67.0,2
Built-up  Area,Kumaraswami Layout,2400.0,7.0,1.0,125.0,7
Super built-up  Area,Other,995.0,2.0,2.0,34.82,3
Super built-up  Area,Kodigehaali,2120.0,3.0,2.0,177.0,3
Plot  Area,Other,2400.0,7.0,2.0,460.0,6
Super built-up  Area,Electronic City,1096.0,2.0,2.0,40.55,2
Super built-up  Area,Horamavu Agara,1107.83,2.0,1.0,41.51,2
Built-up  Area,Chamrajpet,505.0,1.0,0.0,85.0,1
Super built-up  Area,Sarjapur  Road,1320.0,2.0,2.0,115.0,2
Super built-up  Area,8th Phase JP Nagar,1431.5,3.0,0.0,72.02,3
Super built-up  Area,Whitefield,1320.0,2.0,1.0,99.26,2
Super built-up  Area,Whitefield,2901.0,4.0,2.0,190.0,3
Built-up  Area,GM Palaya,1315.0,2.0,2.0,65.0,3
Super built-up  Area,Other,1000.0,2.0,1.0,44.0,2
Super built-up  Area,Hosakerehalli,1596.0,3.0,3.0,79.8,3
Super built-up  Area,Bannerghatta Road,1750.0,3.0,2.0,130.0,3
Plot  Area,Whitefield,2403.0,4.0,2.0,270.0,4
Super built-up  Area,Old Madras Road,1350.0,3.0,2.0,47.25,3
Super built-up  Area,Old Madras Road,4062.5,2.0,2.0,341.0,4
Super built-up  Area,Other,1175.0,2.0,2.0,79.0,2
Super built-up  Area,Talaghattapura,921.0,2.0,1.0,29.47,2
Built-up  Area,Malleshwaram,4000.0,4.0,2.0,1100.0,4
Super built-up  Area,Sultan Palaya,1713.0,3.0,3.0,125.0,3
Built-up  Area,Other,1200.0,2.0,0.0,43.0,2
Built-up  Area,8th Phase JP Nagar,1900.0,4.0,1.0,90.0,3
Super built-up  Area,Kudlu Gate,1664.0,3.0,2.0,68.0,3
Super built-up  Area,Binny Pete,1795.0,3.0,2.0,139.0,3
Built-up  Area,Kereguddadahalli,600.0,1.0,1.0,19.5,1
Built-up  Area,Hoodi,1240.0,2.0,3.0,65.0,2
Super built-up  Area,Hegde Nagar,1965.0,4.0,2.0,132.0,3
Plot  Area,Sarjapur,4111.0,4.0,1.0,370.0,4
Super built-up  Area,Electronics City Phase 1,1200.0,2.0,2.0,59.76,2
Super built-up  Area,Other,1112.0,2.0,3.0,68.0,2
Built-up  Area,Raja Rajeshwari Nagar,3000.0,3.0,2.0,60.0,3
Super built-up  Area,Mahadevpura,1136.0,2.0,3.0,64.5,2
Super built-up  Area,Jigani,914.0,2.0,2.0,55.0,2
Super built-up  Area,Poorna Pragna Layout,1270.0,2.0,1.0,50.79,3
Super built-up  Area,Rachenahalli,1050.0,2.0,2.0,47.25,2
Super built-up  Area,Marathahalli,1385.0,2.0,2.0,68.5,3
Super built-up  Area,Other,990.0,2.0,3.0,35.0,2
Built-up  Area,Yelahanka,845.0,2.0,2.0,43.0,2
Super built-up  Area,Whitefield,1485.0,2.0,1.0,96.51,2
Super built-up  Area,Kanakapura,1460.0,2.0,3.0,43.79,3
Super built-up  Area,Thanisandra,1450.0,2.0,1.0,57.0,2
Built-up  Area,HSR Layout,1360.0,2.0,1.0,53.0,3
Built-up  Area,Singasandra,1375.0,2.0,3.0,58.0,2
Super built-up  Area,Uttarahalli,1125.0,2.0,1.0,48.0,2
Super built-up  Area,Banashankari,720.0,1.0,1.0,60.0,1
Super built-up  Area,7th Phase JP Nagar,1460.0,2.0,2.0,100.0,3
Built-up  Area,Other,1107.0,2.0,2.0,40.0,2
Built-up  Area,Other,1158.0,2.0,3.0,75.0,2
Super built-up  Area,Yelachenahalli,800.0,1.0,1.0,30.0,2
Super built-up  Area,Bhoganhalli,1760.0,3.0,2.0,128.0,3
Plot  Area,Other,3200.0,4.0,2.0,200.0,4
Plot  Area,Other,600.0,3.0,2.0,145.0,2
Built-up  Area,TC Palaya,1350.0,3.0,1.0,60.0,3
Built-up  Area,Other,1125.0,2.0,1.0,32.49,2
Super built-up  Area,Frazer Town,1706.0,3.0,3.0,154.0,3
Super built-up  Area,BTM Layout,1600.0,3.0,2.0,112.0,3
Super built-up  Area,Other,1200.0,2.0,0.0,90.0,2
Super built-up  Area,Whitefield,1755.0,3.0,3.0,101.0,3
Super built-up  Area,Hulimavu,1200.0,2.0,1.0,50.0,2
Super built-up  Area,Other,1200.0,2.0,2.0,67.0,2
Super built-up  Area,Other,1266.67,2.0,0.0,69.0,2
Super built-up  Area,Other,1800.0,3.0,2.0,90.0,3
Plot  Area,Sector 7 HSR Layout,1200.0,4.0,1.0,275.0,3
Super built-up  Area,Other,1300.0,3.0,2.0,64.0,3
Plot  Area,Whitefield,4800.0,5.0,2.0,550.0,4
Super built-up  Area,Mysore Road,1029.5,2.0,0.0,50.855,2
Super built-up  Area,Raja Rajeshwari Nagar,1128.0,2.0,2.0,40.0,2
Plot  Area,Other,2000.0,2.0,1.0,160.0,2
Super built-up  Area,Panathur,1210.0,2.0,1.0,80.0,2
Super built-up  Area,Arekere,2710.0,6.0,2.0,142.0,4
Super built-up  Area,Raja Rajeshwari Nagar,1151.0,2.0,2.0,39.0,2
Super built-up  Area,Rajaji Nagar,7500.0,8.0,3.0,1700.0,5
Super built-up  Area,Electronic City,1017.0,2.0,2.0,27.0,2
Built-up  Area,Sarjapur  Road,920.0,2.0,1.0,40.0,2
Plot  Area,HRBR Layout,1200.0,3.0,1.0,180.0,4
Super built-up  Area,Munnekollal,1750.0,3.0,3.0,86.5,3
Built-up  Area,Dasanapura,1163.0,2.0,1.0,65.0,2
Super built-up  Area,7th Phase JP Nagar,1650.0,3.0,3.0,110.0,3
Super built-up  Area,Other,1800.0,3.0,3.0,95.0,3
Super built-up  Area,CV Raman Nagar,1100.0,2.0,1.0,58.0,2
Built-up  Area,R.T. Nagar,1200.0,2.0,2.0,60.0,2
Super built-up  Area,Other,1410.0,3.0,2.0,65.0,3
Super built-up  Area,Begur Road,1933.0,3.0,2.0,98.0,3
Super built-up  Area,Begur Road,1200.0,2.0,2.0,45.6,2
Super built-up  Area,Whitefield,1608.0,2.0,3.0,63.0,3
Plot  Area,Other,2679.0,5.0,2.0,280.0,4
Super built-up  Area,Horamavu Banaswadi,1156.0,2.0,2.0,46.9,2
Plot  Area,Other,1230.0,2.0,0.0,75.0,2
Super built-up  Area,Kasavanhalli,770.0,1.0,1.0,43.82,1
Super built-up  Area,Ardendale,1777.26,3.0,2.0,105.0,3
Super built-up  Area,Kanakpura Road,1339.0,2.0,2.0,85.0,2
Built-up  Area,Sarjapur  Road,3044.0,3.0,2.0,183.0,3
Built-up  Area,Other,1080.0,2.0,2.0,44.8,2
Carpet  Area,Other,3150.0,5.0,2.0,145.0,8
Plot  Area,Other,2400.0,2.0,2.0,135.0,2
Built-up  Area,Hulimavu,1450.0,3.0,3.0,72.0,3
Super built-up  Area,Kothanur,1075.0,2.0,2.0,53.0,2
Super built-up  Area,Sarjapur  Road,1163.0,2.0,2.0,62.0,3
Built-up  Area,TC Palaya,1200.0,2.0,0.0,65.0,2
Plot  Area,Marathahalli,3090.0,4.0,2.0,325.0,4
Built-up  Area,Hebbal,1299.0,2.0,1.0,100.0,2
Super built-up  Area,HRBR Layout,1170.0,2.0,2.0,75.0,2
Super built-up  Area,JP Nagar,2195.0,2.0,2.0,152.0,3
Super built-up  Area,Yelahanka,2600.0,4.0,3.0,175.0,4
Super built-up  Area,KR Puram,1140.0,2.0,1.0,43.32,2
Super built-up  Area,Kanakpura Road,1900.0,3.0,3.0,125.0,3
Built-up  Area,Bommasandra Industrial Area,1090.0,2.0,1.0,31.48,2
Super built-up  Area,Electronic City,1110.0,2.0,1.0,39.95,2
Super built-up  Area,Nagavarapalya,705.0,1.0,1.0,57.0,1
Super built-up  Area,HBR Layout,1089.0,2.0,1.0,60.0,2
Plot  Area,Other,880.0,2.0,1.0,48.0,2
Built-up  Area,Kereguddadahalli,1080.0,2.0,2.0,32.0,2
Super built-up  Area,Thanisandra,1093.0,2.0,1.0,68.1,2
Super built-up  Area,Banashankari Stage III,1480.0,3.0,1.0,75.48,3
Super built-up  Area,Hegde Nagar,1703.0,3.0,2.0,125.0,3
Super built-up  Area,Hebbal,1200.0,2.0,1.0,60.0,2
Super built-up  Area,Marathahalli,1690.0,3.0,2.0,116.0,3
Super built-up  Area,Yelahanka,1305.0,2.0,1.0,78.0,2
Super built-up  Area,Talaghattapura,1257.0,2.0,2.0,40.22,3
Super built-up  Area,Other,1150.0,2.0,2.0,45.0,2
Super built-up  Area,Other,1194.0,2.0,0.0,55.0,2
Built-up  Area,Other,2000.0,3.0,1.0,90.0,3
Plot  Area,Anekal,1500.0,4.0,1.0,99.0,3
Built-up  Area,Other,1025.0,2.0,0.0,42.5,2
Built-up  Area,Horamavu Agara,980.0,2.0,1.0,38.19,2
Plot  Area,Hosakerehalli,1200.0,2.0,1.0,100.0,3
Super built-up  Area,Whitefield,2225.0,3.0,1.0,149.0,3
Super built-up  Area,Other,1022.0,2.0,2.0,57.0,2
Built-up  Area,Narayanapura,1153.0,2.0,2.0,45.0,2
Super built-up  Area,Pai Layout,1175.0,2.0,2.0,60.0,2
Built-up  Area,Vidyaranyapura,1560.0,3.0,3.0,68.0,3
Built-up  Area,Yelahanka New Town,650.0,1.0,1.0,17.0,1
Super built-up  Area,Billekahalli,1350.0,3.0,2.0,55.0,2
Plot  Area,Other,1200.0,2.0,1.0,76.0,2
Super built-up  Area,Other,1200.0,1.0,1.0,54.0,2
Super built-up  Area,Chandapura,800.0,2.0,1.0,25.0,2
Super built-up  Area,Electronic City,2093.0,4.0,1.0,104.0,4
Super built-up  Area,Uttarahalli,1320.0,2.0,2.0,55.44,3
Super built-up  Area,Bannerghatta Road,1275.0,2.0,1.0,73.0,2
Super built-up  Area,Begur Road,1215.0,2.0,2.0,43.13,2
Super built-up  Area,Begur Road,1444.0,2.0,2.0,71.5,3
Super built-up  Area,Other,950.0,2.0,2.0,38.0,2
Super built-up  Area,Padmanabhanagar,1000.0,1.0,2.0,90.0,2
Super built-up  Area,Banashankari Stage II,1240.0,2.0,2.0,59.52,3
Super built-up  Area,Hennur,1231.0,2.0,2.0,50.0,2
Super built-up  Area,Benson Town,1300.0,2.0,1.0,120.0,2
Super built-up  Area,Yeshwanthpur,1713.0,3.0,2.0,110.0,3
Built-up  Area,Sarjapur  Road,3004.0,4.0,2.0,158.0,3
Built-up  Area,Sonnenahalli,1310.0,2.0,0.0,46.0,3
Super built-up  Area,Jalahalli,790.0,2.0,1.0,49.5,2
Super built-up  Area,Koramangala,1744.0,3.0,1.0,200.0,3
Super built-up  Area,Other,1605.0,3.0,2.0,100.0,3
Super built-up  Area,Whitefield,1250.0,2.0,2.0,82.0,2
Super built-up  Area,Malleshwaram,2476.0,3.0,3.0,337.0,3
Built-up  Area,Subramanyapura,1260.0,2.0,2.0,76.0,3
Super built-up  Area,Rajaji Nagar,1615.0,3.0,1.0,175.0,3
Super built-up  Area,Yelahanka,1180.0,2.0,1.0,56.0,2
Super built-up  Area,Uttarahalli,1255.0,2.0,2.0,50.19,3
Super built-up  Area,Electronic City,1025.0,2.0,1.0,53.9,2
Super built-up  Area,Sarjapur  Road,1877.0,4.0,2.0,150.0,3
Built-up  Area,Lakshminarayana Pura,1649.0,3.0,2.0,150.0,3
Built-up  Area,Hennur,2500.0,5.0,2.0,125.0,5
Built-up  Area,Other,1542.0,3.0,2.0,98.0,3
Built-up  Area,Other,1012.0,2.0,0.0,42.0,2
Plot  Area,Chandapura,1200.0,2.0,1.0,65.0,2
Super built-up  Area,Sarjapur  Road,1115.0,2.0,2.0,43.0,2
Super built-up  Area,Green Glen Layout,1680.0,4.0,3.0,95.0,3
Super built-up  Area,Old Madras Road,1171.0,2.0,2.0,72.0,2
Super built-up  Area,Tumkur Road,1027.0,2.0,1.0,68.62,2
Super built-up  Area,Other,1700.0,3.0,3.0,75.0,3
Super built-up  Area,Kanakapura,1090.0,2.0,2.0,38.15,2
Super built-up  Area,Hennur Road,1232.0,2.0,1.0,74.0,2
Super built-up  Area,Anekal,766.0,2.0,2.0,28.0,2
Super built-up  Area,Kanakpura Road,525.0,1.0,1.0,27.0,1
Super built-up  Area,Hosa Road,1535.0397790000002,3.0,1.0,109.0,3
Built-up  Area,JP Nagar,1452.0,2.0,1.0,41.0,3
Super built-up  Area,Choodasandra,1254.0,2.0,1.0,65.0,3
Built-up  Area,Other,3600.0,5.0,0.0,110.0,5
Super built-up  Area,Kanakpura Road,1593.0,3.0,1.0,118.0,3
Super built-up  Area,Other,1333.0,2.0,2.0,77.27,2
Built-up  Area,Other,1100.0,3.0,1.0,110.0,3
Super built-up  Area,Raja Rajeshwari Nagar,1375.0,2.0,1.0,54.99,3
Super built-up  Area,Ardendale,1650.0,3.0,3.0,82.0,3
Super built-up  Area,Thanisandra,1430.0,2.0,2.0,51.48,3
Built-up  Area,Electronic City,940.0,2.0,1.0,54.0,2
Super built-up  Area,Electronic City,435.0,1.0,1.0,21.0,1
Super built-up  Area,Begur Road,1160.0,2.0,2.0,36.54,2
Super built-up  Area,Electronic City,1500.0,2.0,1.0,77.5,3
Super built-up  Area,Koramangala,1890.0,2.0,1.0,100.0,3
Built-up  Area,Other,1050.0,2.0,1.0,70.0,2
Super built-up  Area,Haralur Road,1027.0,2.0,2.0,43.0,2
Super built-up  Area,Whitefield,1495.0,2.0,2.0,61.28,3
Plot  Area,Seegehalli,3000.0,4.0,2.0,235.0,3
Super built-up  Area,Tumkur Road,1459.0,2.0,1.0,95.0,3
Super built-up  Area,Yelahanka,1711.0,3.0,3.0,85.61,3
Super built-up  Area,Hoodi,1250.0,2.0,2.0,98.0,2
Plot  Area,Anandapura,875.0,2.0,1.0,57.0,2
Built-up  Area,Ramamurthy Nagar,1334.0,2.0,1.0,67.0,2
Built-up  Area,Other,1140.0,2.0,1.0,32.92,2
Plot  Area,Amruthahalli,1200.0,5.0,2.0,200.0,3
Super built-up  Area,Rajaji Nagar,1776.0,3.0,1.0,190.0,3
Super built-up  Area,Thigalarapalya,2072.0,4.0,2.0,160.0,3
Plot  Area,Kundalahalli,1600.0,3.0,2.0,170.0,3
Super built-up  Area,Kengeri Satellite Town,920.0,2.0,3.0,39.0,2
Super built-up  Area,Chandapura,778.0,2.0,0.0,25.29,2
Plot  Area,Other,1310.0,3.0,3.0,95.0,4
Super built-up  Area,Electronic City,1631.0,3.0,2.0,80.0,3
Super built-up  Area,Kanakpura Road,525.0,1.0,1.0,27.5,1
Built-up  Area,Jalahalli,1395.0,3.0,3.0,82.0,3
Super built-up  Area,Other,2000.0,3.0,2.0,105.0,3
Super built-up  Area,Hennur Road,1232.0,2.0,1.0,66.0,2
Super built-up  Area,Other,1075.0,2.0,1.0,55.0,2
Super built-up  Area,Gubbalala,1205.0,2.0,2.0,70.0,2
Plot  Area,Other,1200.0,4.0,2.0,165.0,4
Super built-up  Area,Rayasandra,1179.0,2.0,1.0,55.0,3
Super built-up  Area,Kodigehaali,1013.0,2.0,1.0,51.0,2
Super built-up  Area,Uttarahalli,1160.0,2.0,2.0,40.6,2
Super built-up  Area,7th Phase JP Nagar,1200.0,2.0,2.0,62.5,2
Super built-up  Area,Uttarahalli,1255.0,2.0,3.0,50.19,3
Built-up  Area,Other,1100.0,2.0,1.0,145.0,3
Built-up  Area,Other,1069.0,2.0,1.0,55.0,2
Plot  Area,Other,1200.0,3.0,2.0,99.0,3
Super built-up  Area,Kudlu Gate,1400.0,1.0,1.0,285.0,1
Super built-up  Area,Marathahalli,1065.0,2.0,2.0,55.0,2
Built-up  Area,Lakshminarayana Pura,1395.0,2.0,0.0,75.0,2
Built-up  Area,Hebbal Kempapura,1725.0,2.0,1.0,165.0,3
Built-up  Area,Other,1007.0,2.0,2.0,43.0,2
Built-up  Area,Kengeri,1436.0,2.0,2.0,55.0,3
Super built-up  Area,Other,4250.0,6.0,3.0,150.0,6
Plot  Area,Kengeri,1200.0,2.0,0.0,58.0,2
Super built-up  Area,Mysore Road,940.0,2.0,1.0,43.61,2
Built-up  Area,KR Puram,4300.0,6.0,2.0,175.0,6
Super built-up  Area,Hebbal,2850.0,5.0,3.0,343.0,3
Built-up  Area,Indira Nagar,1740.0,3.0,2.0,191.0,3
Super built-up  Area,Haralur Road,1194.0,2.0,2.0,47.0,2
Super built-up  Area,Sadashiva Nagar,3761.0,3.0,2.0,650.0,3
Super built-up  Area,Dodda Nekkundi,1829.0,3.0,2.0,125.0,3
Plot  Area,Whitefield,1800.0,4.0,3.0,178.0,4
Super built-up  Area,Other,1000.0,2.0,1.0,60.0,2
Built-up  Area,Other,5720.0,3.0,0.0,350.0,3
Super built-up  Area,Other,675.0,1.0,1.0,15.0,2
Super built-up  Area,Hebbal,1390.0,2.0,2.0,95.0,2
Super built-up  Area,Lakshminarayana Pura,1500.0,3.0,2.0,104.0,3
Super built-up  Area,Vijayanagar,2047.0,3.0,2.0,136.0,3
Super built-up  Area,Jakkur,1202.0,2.0,1.0,79.0,2
Super built-up  Area,Other,1012.0,2.0,1.0,59.0,2
Super built-up  Area,Gunjur,2132.0,3.0,3.0,80.0,3
Plot  Area,Raja Rajeshwari Nagar,1350.0,4.0,3.0,340.0,4
Super built-up  Area,Whitefield,605.0,1.0,1.0,40.0,1
Super built-up  Area,Harlur,1331.0,2.0,1.0,88.0,2
Plot  Area,Margondanahalli,1200.0,2.0,0.0,69.0,2
Built-up  Area,Other,1150.0,2.0,0.0,250.0,2
Plot  Area,Sahakara Nagar,1200.0,2.0,1.0,136.0,2
Built-up  Area,Other,1800.0,2.0,0.0,300.0,2
Super built-up  Area,Other,1280.0,2.0,2.0,49.0,3
Super built-up  Area,Balagere,1007.0,2.0,1.0,62.0,2
Super built-up  Area,Thanisandra,1370.0,2.0,1.0,61.0,3
Super built-up  Area,Kalkere,925.0,2.0,2.0,35.0,2
Super built-up  Area,TC Palaya,1500.0,2.0,0.0,75.0,2
Built-up  Area,Attibele,450.0,1.0,1.0,12.5,1
Built-up  Area,Other,1200.0,4.0,1.0,140.0,4
Super built-up  Area,Hennur Road,1341.0,2.0,1.0,95.0,2
Super built-up  Area,Other,1350.0,2.0,2.0,47.25,3
Super built-up  Area,Tumkur Road,992.0,2.0,1.0,60.0,2
Super built-up  Area,Uttarahalli,1163.0,2.0,2.0,68.0,2
Super built-up  Area,Sarjapur  Road,1229.0,2.0,2.0,70.0,2
Plot  Area,Other,600.0,2.0,2.0,39.0,2
Super built-up  Area,Electronic City Phase II,1219.0,2.0,1.0,61.26,2
Super built-up  Area,Raja Rajeshwari Nagar,1525.0,2.0,2.0,99.13,3
Super built-up  Area,Kasavanhalli,1147.0,2.0,1.0,60.0,2
Super built-up  Area,Akshaya Nagar,1412.0,2.0,3.0,88.0,3
Super built-up  Area,Sarjapur  Road,1044.0,2.0,1.0,34.77,2
Super built-up  Area,Nagarbhavi,1190.0,2.0,2.0,63.0,2
Super built-up  Area,Other,1240.0,2.0,2.0,65.0,3
Super built-up  Area,Jigani,1352.0,3.0,1.0,65.0,3
Built-up  Area,Other,1100.0,2.0,2.0,55.0,2
Super built-up  Area,Uttarahalli,1330.0,2.0,2.0,39.9,3
Super built-up  Area,Other,1700.0,3.0,2.0,111.0,3
Super built-up  Area,Electronic City,1355.0,2.0,1.0,67.0,2
Super built-up  Area,Ramamurthy Nagar,1200.0,2.0,1.0,46.0,2
Super built-up  Area,Kengeri,400.0,2.0,1.0,25.0,1
Built-up  Area,Sarjapur  Road,1342.0,2.0,2.0,70.0,2
Super built-up  Area,Begur Road,1615.0,3.0,2.0,50.87,3
Super built-up  Area,Other,1340.0,2.0,1.0,65.0,2
Built-up  Area,Yeshwanthpur,400.0,1.0,0.0,55.0,1
Super built-up  Area,Devanahalli,1080.0,2.0,1.0,52.0,2
Super built-up  Area,Other,1600.0,2.0,1.0,31.0,2
Super built-up  Area,Electronic City,1200.0,2.0,0.0,34.0,2
Plot  Area,Hennur Road,2700.0,3.0,2.0,150.0,3
Built-up  Area,Other,1780.0,3.0,0.0,110.0,3
Built-up  Area,Amruthahalli,1605.0,3.0,2.0,65.0,3
Super built-up  Area,Ulsoor,7200.0,5.0,2.0,1584.0,4
Super built-up  Area,Kammanahalli,1200.0,2.0,2.0,80.0,2
Plot  Area,Margondanahalli,900.0,2.0,0.0,49.0,2
Built-up  Area,Sarjapur,1830.0,3.0,1.0,88.0,3
Plot  Area,Other,1800.0,4.0,1.0,68.0,5
Super built-up  Area,Chandapura,1230.0,2.0,2.0,31.37,3
Super built-up  Area,Uttarahalli,1065.0,2.0,1.0,42.59,2
Plot  Area,Other,1080.0,3.0,2.0,149.0,3
Built-up  Area,Other,900.0,2.0,0.0,65.0,3
Super built-up  Area,Other,946.0,2.0,2.0,45.0,2
Super built-up  Area,Laggere,1500.0,1.0,0.0,60.0,1
Super built-up  Area,Sarjapur  Road,1711.0,3.0,1.0,110.0,3
Plot  Area,Other,1200.0,3.0,2.0,160.0,4
Super built-up  Area,Chandapura,950.0,2.0,1.0,25.65,2
Super built-up  Area,Kudlu Gate,1656.0,3.0,2.0,80.0,3
Super built-up  Area,Uttarahalli,1075.0,2.0,1.0,46.76,2
Super built-up  Area,Harlur,1752.12,3.0,2.0,133.0,3
Plot  Area,Hebbal,6000.0,8.0,0.0,220.0,8
Super built-up  Area,Other,1540.0,3.0,3.0,85.0,3
Super built-up  Area,LB Shastri Nagar,665.0,1.0,2.0,32.0,1
Super built-up  Area,Sector 2 HSR Layout,1665.0,3.0,2.0,110.0,3
Super built-up  Area,Electronics City Phase 1,1145.0,2.0,1.0,54.0,2
Super built-up  Area,Whitefield,1185.0,2.0,2.0,41.0,2
Plot  Area,Other,1200.0,3.0,1.0,190.0,3
Built-up  Area,Marathahalli,1693.0,3.0,2.0,125.0,3
Super built-up  Area,Other,2456.0,3.0,3.0,220.0,3
Super built-up  Area,Rajaji Nagar,2559.0,3.0,2.0,403.0,3
Super built-up  Area,Uttarahalli,1155.0,2.0,1.0,40.6,2
Super built-up  Area,Other,1610.0,2.0,2.0,64.4,3
Plot  Area,Whitefield,1200.0,3.0,2.0,56.58,3
Plot  Area,Other,1530.0,2.0,1.0,185.0,2
Built-up  Area,EPIP Zone,1709.0,3.0,1.0,80.0,3
Plot  Area,Brookefield,2700.0,8.0,2.0,290.0,8
Plot  Area,Other,840.0,1.0,1.0,150.0,1
Super built-up  Area,Gottigere,1400.0,2.0,1.0,50.0,3
Super built-up  Area,KR Puram,1200.0,2.0,1.0,42.0,2
Super built-up  Area,Other,1439.0,3.0,1.0,57.23,3
Super built-up  Area,Kasavanhalli,1375.0,2.0,2.0,72.0,2
Plot  Area,BTM 2nd Stage,2990.0,5.0,3.0,416.0,5
Super built-up  Area,Vijayanagar,1200.0,2.0,1.0,75.0,3
Built-up  Area,Yelahanka,1315.0,2.0,3.0,75.0,2
Plot  Area,Dommasandra,1500.0,2.0,0.0,40.0,2
Built-up  Area,Yelahanka,3600.0,6.0,1.0,200.0,6
Super built-up  Area,Vijayanagar,1178.0,2.0,3.0,82.0,2
Super built-up  Area,Bannerghatta Road,1430.0,3.0,2.0,59.0,3
Super built-up  Area,Mahadevpura,1400.0,2.0,2.0,65.8,3
Super built-up  Area,Thanisandra,1093.0,2.0,2.0,72.0,2
Super built-up  Area,Horamavu Banaswadi,1200.0,2.0,1.0,45.0,2
Plot  Area,Magadi Road,5000.0,6.0,1.0,360.0,5
Built-up  Area,1st Block Jayanagar,1200.0,2.0,0.0,130.0,3
Built-up  Area,Whitefield,2210.0,3.0,2.0,156.0,3
Super built-up  Area,Uttarahalli,1150.0,2.0,2.0,70.0,2
Super built-up  Area,Other,1435.0,2.0,1.0,60.0,3
Super built-up  Area,Whitefield,1173.0,2.0,1.0,78.2,2
Super built-up  Area,Thanisandra,1140.0,2.0,1.0,39.0,2
Super built-up  Area,Other,1717.0,3.0,3.0,120.0,3
Super built-up  Area,Mallasandra,1325.0,2.0,2.0,65.0,2
Built-up  Area,Hoodi,1370.0,3.0,2.0,67.0,3
Super built-up  Area,Electronics City Phase 1,1025.0,2.0,1.0,90.0,2
Super built-up  Area,Other,1409.0,2.0,3.0,62.0,3
Super built-up  Area,Bellandur,1200.0,2.0,1.0,52.0,2
Super built-up  Area,Thanisandra,1200.0,2.0,1.0,53.5,2
Super built-up  Area,Whitefield,1740.0,4.0,3.0,130.0,3
Super built-up  Area,Hennur Road,1232.0,2.0,1.0,88.0,2
Plot  Area,Chandapura,1200.0,2.0,1.0,36.0,2
Super built-up  Area,Whitefield,5924.0,4.0,3.0,625.0,4
Super built-up  Area,Other,1250.0,2.0,1.0,50.0,2
Built-up  Area,Other,1475.0,2.0,2.0,171.0,2
Super built-up  Area,Bommanahalli,2100.0,4.0,2.0,85.0,4
Super built-up  Area,5th Phase JP Nagar,552.0,1.0,1.0,23.5,1
Super built-up  Area,Uttarahalli,1065.0,2.0,2.0,42.59,3
Plot  Area,Hennur,1000.0,3.0,1.0,130.0,3
Plot  Area,Other,1225.0,2.0,0.0,65.0,2
Built-up  Area,Other,650.0,1.0,0.0,16.0,1
Super built-up  Area,Padmanabhanagar,1067.0,2.0,2.0,52.0,2
Super built-up  Area,Sarjapur,1364.0,2.0,2.0,56.0,3
Super built-up  Area,Other,1750.0,3.0,3.0,75.0,3
Super built-up  Area,Bannerghatta Road,1240.0,2.0,1.0,71.0,2
Plot  Area,Hulimavu,1200.0,2.0,0.0,75.0,2
Super built-up  Area,Kaggadasapura,1540.0,3.0,2.0,75.0,3
Super built-up  Area,Other,1504.0,2.0,2.0,102.0,3
Super built-up  Area,Other,1116.0,2.0,1.0,49.8,2
Super built-up  Area,Hennur Road,2365.0,4.0,2.0,175.0,3
Built-up  Area,Sarjapura - Attibele Road,1308.0,2.0,2.0,37.0,2
Built-up  Area,Vijayanagar,864.0,2.0,0.0,45.0,2
Super built-up  Area,Hoskote,1069.0,2.0,2.0,38.0,3
Super built-up  Area,Hebbal,1333.0,2.0,1.0,100.0,2
Super built-up  Area,Other,1800.0,4.0,1.0,145.0,4
Plot  Area,Devanahalli,6136.0,4.0,2.0,550.0,4
Super built-up  Area,Thanisandra,1698.0,3.0,2.0,107.0,3
Super built-up  Area,JP Nagar,1275.0,2.0,2.0,43.6,3
Super built-up  Area,Raja Rajeshwari Nagar,1060.0,2.0,1.0,48.0,2
Super built-up  Area,Hennur,1160.0,2.0,1.0,49.0,2
Super built-up  Area,Sarjapur  Road,1484.0,2.0,2.0,65.0,3
Plot  Area,Other,1200.0,5.0,2.0,325.0,3
Super built-up  Area,Hennur Road,1310.0,2.0,1.0,66.0,2
Plot  Area,Vijayanagar,1806.0,6.0,1.0,370.0,6
Super built-up  Area,Other,3000.0,4.0,2.0,240.0,4
Super built-up  Area,Varthur,2145.0,3.0,2.0,165.0,3
Super built-up  Area,Marathahalli,1693.0,3.0,1.0,125.0,3
Super built-up  Area,Jigani,1230.0,3.0,3.0,60.0,3
Plot  Area,Devanahalli,1200.0,3.0,1.0,145.0,3
Built-up  Area,Bommasandra Industrial Area,1310.0,2.0,1.0,37.83,3
Super built-up  Area,Other,1150.0,2.0,1.0,60.0,2
Super built-up  Area,Munnekollal,1385.0,2.0,2.0,66.5,3
Super built-up  Area,Tumkur Road,1066.0,2.0,2.0,52.5,2
Super built-up  Area,Thanisandra,2293.0,3.0,2.0,80.26,3
Carpet  Area,Other,1625.0,3.0,3.0,92.0,3
Plot  Area,Vijayanagar,2100.0,6.0,1.0,252.0,4
Super built-up  Area,Other,2400.0,4.0,3.0,250.0,4
Plot  Area,Raja Rajeshwari Nagar,3900.0,6.0,2.0,195.0,6
Super built-up  Area,7th Phase JP Nagar,1000.0,2.0,1.0,70.65,2
Super built-up  Area,Nagavarapalya,907.0,2.0,2.0,38.0,2
Plot  Area,Ulsoor,3500.0,4.0,0.0,138.0,4
Super built-up  Area,Varthur,1395.0,2.0,3.0,79.0,3
Super built-up  Area,Other,1180.0,2.0,2.0,50.0,2
Plot  Area,Banaswadi,1903.0,6.0,2.0,140.0,5
Super built-up  Area,Electronic City,1175.0,2.0,1.0,47.0,2
Super built-up  Area,Other,1272.0,2.0,2.0,51.5,2
Super built-up  Area,Other,1490.0,2.0,1.0,92.0,3
Super built-up  Area,Yeshwanthpur,1144.0,2.0,2.0,67.0,2
Plot  Area,Other,2400.0,5.0,2.0,140.0,4
Super built-up  Area,Hormavu,1143.0,2.0,1.0,53.0,2
Plot  Area,Karuna Nagar,2500.0,3.0,2.0,190.0,3
Super built-up  Area,Other,1044.0,2.0,1.0,60.0,2
Super built-up  Area,Prithvi Layout,1352.0,3.0,1.0,93.0,2
Super built-up  Area,Hennur Road,1552.0,3.0,3.0,75.0,3
Built-up  Area,Bellandur,1785.0,3.0,2.0,120.0,3
Super built-up  Area,Pai Layout,810.0,2.0,2.0,34.5,2
Super built-up  Area,Banashankari Stage V,1650.0,3.0,2.0,51.98,3
Super built-up  Area,Other,1595.0,3.0,2.0,70.39,3
Super built-up  Area,Whitefield,1060.0,2.0,1.0,35.0,2
Super built-up  Area,Babusapalaya,1410.0,2.0,3.0,65.0,3
Super built-up  Area,Nagarbhavi,1523.0,2.0,2.0,56.0,3
Super built-up  Area,Kanakpura Road,1591.0,3.0,1.0,122.0,3
Super built-up  Area,Other,1640.0,3.0,3.0,84.0,3
Built-up  Area,Yelahanka New Town,450.0,1.0,0.0,16.0,1
Super built-up  Area,Bannerghatta Road,1305.0,2.0,2.0,60.0,3
Super built-up  Area,Yelahanka,1590.0,3.0,1.0,54.0,3
Built-up  Area,Kaggadasapura,1240.0,2.0,3.0,45.0,2
Super built-up  Area,Other,1200.0,2.0,2.0,54.0,2
Super built-up  Area,Dodda Nekkundi,1100.0,2.0,1.0,41.16,2
Super built-up  Area,Koramangala,1180.0,2.0,1.0,128.0,2
Super built-up  Area,Sarjapur  Road,1115.0,2.0,1.0,50.0,2
Super built-up  Area,Bisuvanahalli,845.0,2.0,1.0,33.0,2
Super built-up  Area,Other,1567.2,2.0,0.0,190.0,3
Super built-up  Area,Channasandra,1310.0,2.0,2.0,45.0,3
Built-up  Area,Other,959.0,2.0,1.0,42.5,2
Built-up  Area,8th Phase JP Nagar,1200.0,4.0,1.0,140.0,4
Super built-up  Area,Yelahanka,1390.0,2.0,2.0,70.21,2
Built-up  Area,Hulimavu,1188.0,2.0,3.0,46.0,2
Super built-up  Area,Kenchenahalli,1280.0,2.0,2.0,69.0,3
Super built-up  Area,Kasturi Nagar,1000.0,2.0,0.0,58.0,2
Super built-up  Area,Marathahalli,1196.0,2.0,2.0,57.9,2
Super built-up  Area,Sarjapur  Road,1220.0,3.0,2.0,57.0,3
Super built-up  Area,Ambalipura,950.0,2.0,1.0,31.95,2
Super built-up  Area,Other,1141.0,2.0,1.0,55.0,2
Super built-up  Area,5th Phase JP Nagar,1200.0,2.0,2.0,51.0,2
Super built-up  Area,Kasavanhalli,1380.0,2.0,2.0,55.0,3
Super built-up  Area,Doddathoguru,855.0,2.0,1.0,32.0,2
Super built-up  Area,Chandapura,922.0,2.0,1.0,36.0,2
Built-up  Area,Nagappa Reddy Layout,1200.0,2.0,2.0,43.2,2
Super built-up  Area,Other,1240.0,2.0,2.0,65.0,3
Super built-up  Area,7th Phase JP Nagar,1070.0,2.0,2.0,42.0,2
Super built-up  Area,Other,1293.0,2.0,2.0,75.0,2
Built-up  Area,R.T. Nagar,1380.0,2.0,1.0,50.0,3
Super built-up  Area,Yelahanka New Town,1599.0,3.0,2.0,80.0,3
Super built-up  Area,Nehru Nagar,967.0,2.0,2.0,41.1,2
Super built-up  Area,Other,1885.0,3.0,3.0,90.0,3
Built-up  Area,1st Block Koramangala,860.0,2.0,2.0,65.5,2
Plot  Area,Yelahanka,1075.0,1.0,0.0,19.5,1
Super built-up  Area,Sarjapur  Road,1050.0,2.0,1.0,63.5,2
Super built-up  Area,Marathahalli,1595.0,3.0,2.0,88.0,3
Super built-up  Area,Sarjapur  Road,1350.0,2.0,2.0,102.0,2
Built-up  Area,Hebbal,1204.0,2.0,2.0,45.0,2
Super built-up  Area,Sarjapur  Road,2990.0,4.0,2.0,240.0,4
Super built-up  Area,Sarjapur  Road,1035.0,2.0,2.0,49.0,2
Super built-up  Area,ITPL,1000.0,2.0,1.0,29.95,2
Super built-up  Area,Sarjapur  Road,1457.0,3.0,3.0,85.0,3
Super built-up  Area,Bannerghatta,1100.0,2.0,1.0,66.0,2
Super built-up  Area,Whitefield,1655.0,3.0,3.0,120.0,3
Super built-up  Area,Kanakpura Road,1691.2,3.0,1.0,115.0,3
Super built-up  Area,Ramagondanahalli,1215.0,2.0,1.0,46.1,2
Super built-up  Area,Kanakpura Road,1155.0,2.0,0.0,50.125,2
Super built-up  Area,Hoodi,1639.0,3.0,2.0,129.0,3
Super built-up  Area,Sarjapur  Road,1685.0,3.0,1.0,135.0,3
Super built-up  Area,Hormavu,1100.0,2.0,3.0,38.0,2
Super built-up  Area,Marathahalli,2122.0,3.0,2.0,125.0,3
Super built-up  Area,Other,1050.0,2.0,2.0,47.0,2
Built-up  Area,Kengeri,1230.0,2.0,2.0,45.0,2
Super built-up  Area,5th Phase JP Nagar,1240.0,3.0,2.0,60.0,3
Built-up  Area,Electronic City Phase II,1252.0,2.0,3.0,65.0,3
Super built-up  Area,Other,1374.0,2.0,2.0,88.0,3
Super built-up  Area,8th Phase JP Nagar,500.0,1.0,1.0,30.0,1
Super built-up  Area,Banashankari,1040.0,2.0,3.0,45.0,2
Super built-up  Area,Sarjapur  Road,1350.0,2.0,2.0,68.0,2
Super built-up  Area,Whitefield,4003.0,6.0,3.0,300.0,4
Super built-up  Area,Hennur,2400.0,3.0,2.0,135.0,3
Super built-up  Area,Haralur Road,1560.0,3.0,1.0,90.0,3
Super built-up  Area,Anandapura,1151.0,2.0,1.0,43.16,2
Super built-up  Area,Uttarahalli,1360.0,2.0,2.0,47.59,3
Super built-up  Area,Other,1250.0,2.0,2.0,60.0,2
Super built-up  Area,Chandapura,1110.0,2.0,2.0,29.97,3
Built-up  Area,Hennur Road,1015.0,2.0,2.0,50.0,2
Super built-up  Area,Kadugodi,1351.0,2.0,2.0,78.0,3
Super built-up  Area,Yelahanka New Town,960.0,2.0,2.0,50.0,2
Super built-up  Area,Other,1110.0,2.0,2.0,52.0,2
Built-up  Area,R.T. Nagar,1680.0,3.0,2.0,72.0,3
Plot  Area,Arekere,2400.0,3.0,1.0,180.0,3
Plot  Area,Other,11000.0,5.0,3.0,2000.0,4
Built-up  Area,Other,1350.0,3.0,2.0,48.6,3
Super built-up  Area,Horamavu Banaswadi,1254.0,2.0,2.0,47.0,2
Super built-up  Area,Haralur Road,1255.0,3.0,2.0,115.0,3
Super built-up  Area,CV Raman Nagar,1051.0,2.0,3.0,61.0,2
Plot  Area,Other,1200.0,3.0,1.0,205.0,3
Built-up  Area,Uttarahalli,1099.0,2.0,2.0,65.0,2
Super built-up  Area,Hebbal,2650.0,4.0,3.0,199.0,3
Built-up  Area,Other,2000.0,2.0,1.0,160.0,4
Super built-up  Area,Yeshwanthpur,1541.0,2.0,2.0,130.0,2
Plot  Area,Sarjapur  Road,1200.0,3.0,2.0,70.0,3
Built-up  Area,Whitefield,1125.0,2.0,2.0,45.0,2
Super built-up  Area,Vittasandra,1650.0,3.0,2.0,85.0,3
Super built-up  Area,Other,834.0,1.0,1.0,62.0,1
Super built-up  Area,Gollarapalya Hosahalli,1320.0,3.0,2.0,60.0,3
Plot  Area,Malleshpalya,1200.0,3.0,1.0,149.0,3
Super built-up  Area,Mysore Road,1500.0,3.0,2.0,74.0,3
Plot  Area,Whitefield,4400.0,5.0,2.0,500.0,4
Plot  Area,Other,600.0,1.0,0.0,52.0,1
Super built-up  Area,Whitefield,1180.0,2.0,2.0,70.0,2
Super built-up  Area,Kadugodi,1010.0,2.0,1.0,50.0,2
Super built-up  Area,Channasandra,1070.0,2.0,1.0,38.0,2
Super built-up  Area,Choodasandra,1580.0,3.0,3.0,105.0,3
Plot  Area,Other,1200.0,5.0,2.0,325.0,4
Super built-up  Area,Green Glen Layout,2000.0,3.0,2.0,165.0,3
Super built-up  Area,Iblur Village,1920.0,3.0,2.0,130.0,3
Super built-up  Area,Sanjay nagar,1200.0,2.0,1.0,76.0,3
Built-up  Area,Kalena Agrahara,1040.0,2.0,2.0,45.0,2
Super built-up  Area,Hulimavu,1430.0,2.0,2.0,90.0,3
Super built-up  Area,Uttarahalli,1215.0,2.0,2.0,52.85,3
Super built-up  Area,Domlur,650.0,1.0,1.0,70.0,1
Super built-up  Area,Thanisandra,1564.0,3.0,1.0,105.0,3
Built-up  Area,Hormavu,750.0,2.0,0.0,58.0,2
Super built-up  Area,Kasavanhalli,1200.0,2.0,2.0,60.0,2
Super built-up  Area,Begur Road,1200.0,2.0,2.0,44.4,2
Super built-up  Area,Other,2000.0,4.0,1.0,135.0,4
Super built-up  Area,Other,2750.0,3.0,2.0,260.0,3
Plot  Area,Other,2400.0,4.0,2.0,480.0,4
Built-up  Area,Yelahanka,1650.0,3.0,3.0,105.0,3
Super built-up  Area,1st Block Jayanagar,1235.0,2.0,2.0,148.0,2
Built-up  Area,Yelahanka,1200.0,2.0,2.0,55.0,2
Super built-up  Area,Kengeri Satellite Town,985.0,2.0,2.0,42.0,2
Super built-up  Area,Ramagondanahalli,1475.0,2.0,2.0,63.0,3
Super built-up  Area,Hebbal,3450.0,5.0,0.0,348.0,3
Super built-up  Area,Sarjapur  Road,1157.0,2.0,1.0,53.99,3
Built-up  Area,Other,900.0,2.0,3.0,35.0,2
Plot  Area,Gottigere,2500.0,3.0,2.0,120.0,4
Built-up  Area,GM Palaya,1030.0,2.0,1.0,60.0,2
Super built-up  Area,Other,1000.0,2.0,1.0,46.0,2
Built-up  Area,Sarjapur  Road,3800.0,3.0,3.0,325.0,4
Plot  Area,Kasavanhalli,4260.0,4.0,2.0,333.0,4
Plot  Area,Brookefield,1950.0,6.0,3.0,175.0,5
Super built-up  Area,Kudlu,1570.0,2.0,2.0,65.94,3
Super built-up  Area,Kanakapura,1283.0,2.0,2.0,68.0,2
Super built-up  Area,Other,1200.0,2.0,2.0,52.0,2
Plot  Area,Other,2700.0,3.0,0.0,500.0,3
Plot  Area,Konanakunte,2400.0,2.0,3.0,180.0,3
Super built-up  Area,Kathriguppe,1250.0,2.0,2.0,68.75,3
Super built-up  Area,Old Madras Road,3630.0,6.0,1.0,196.0,4
Super built-up  Area,Yelahanka,990.0,2.0,2.0,37.62,2
Super built-up  Area,Other,1280.0,2.0,2.0,90.0,2
Super built-up  Area,1st Block Jayanagar,2750.0,4.0,0.0,413.0,4
Built-up  Area,Other,1190.0,2.0,1.0,55.0,2
Super built-up  Area,Yelachenahalli,1100.0,2.0,2.0,60.0,2
Super built-up  Area,Other,2075.0,3.0,1.0,175.0,3
Built-up  Area,Harlur,1133.0,2.0,1.0,55.0,2
Built-up  Area,Somasundara Palya,2400.0,3.0,3.0,140.0,4
Super built-up  Area,Whitefield,1280.0,2.0,2.0,69.0,2
Super built-up  Area,Horamavu Agara,1250.0,3.0,2.0,65.0,3
Super built-up  Area,Begur Road,1565.0,2.0,2.0,49.3,3
Super built-up  Area,Other,1900.0,3.0,0.0,65.0,3
Built-up  Area,Munnekollal,1080.0,2.0,2.0,45.0,2
Super built-up  Area,Battarahalli,600.0,1.0,0.0,47.0,1
Plot  Area,Other,1240.0,4.0,1.0,180.0,3
Built-up  Area,HRBR Layout,1335.0,2.0,1.0,87.0,3
Super built-up  Area,Vittasandra,1246.0,2.0,1.0,67.3,2
Super built-up  Area,JP Nagar,3496.5,2.0,2.0,237.5,3
Super built-up  Area,Sarjapur  Road,1385.0,3.0,1.0,55.0,3
Super built-up  Area,Other,1578.0,3.0,1.0,73.9,3
Super built-up  Area,Sarjapur  Road,1700.0,3.0,1.0,79.9,3
Built-up  Area,Vidyaranyapura,1120.0,2.0,1.0,70.0,2
Super built-up  Area,Electronic City,435.0,1.0,1.0,22.0,1
Super built-up  Area,Magadi Road,1116.0,2.0,1.0,51.89,2
Super built-up  Area,Old Madras Road,1480.0,3.0,2.0,95.0,3
Built-up  Area,Hormavu,1000.0,2.0,2.0,50.0,2
Super built-up  Area,HSR Layout,1145.0,2.0,2.0,46.0,2
Super built-up  Area,Bommasandra,800.0,1.0,1.0,32.0,2
Super built-up  Area,Thanisandra,1265.0,2.0,1.0,83.0,2
Super built-up  Area,Devanahalli,1700.0,3.0,0.0,88.2,3
Super built-up  Area,Other,1475.0,2.0,1.0,70.0,2
Super built-up  Area,BTM 2nd Stage,1265.0,2.0,2.0,55.0,2
Built-up  Area,Anandapura,1200.0,2.0,0.0,58.0,2
Super built-up  Area,1st Phase JP Nagar,2180.0,3.0,2.0,210.0,3
Super built-up  Area,Brookefield,1080.0,2.0,3.0,50.0,2
Super built-up  Area,Whitefield,2023.0,4.0,2.0,130.0,3
Super built-up  Area,Other,2400.0,2.0,3.0,125.0,2
Super built-up  Area,Kadubeesanahalli,1545.0,2.0,2.0,66.0,3
Super built-up  Area,Kalena Agrahara,1804.0,3.0,2.0,166.0,3
Plot  Area,Other,1200.0,2.0,1.0,200.0,2
Super built-up  Area,6th Phase JP Nagar,1350.0,2.0,2.0,58.0,3
Super built-up  Area,Hoodi,1108.0,2.0,1.0,74.23,2
Super built-up  Area,Marathahalli,1730.0,3.0,2.0,115.0,3
Super built-up  Area,Other,1427.0,2.0,3.0,70.0,3
Super built-up  Area,Yelahanka,935.0,2.0,1.0,35.53,2
Super built-up  Area,Sarjapura - Attibele Road,1073.0,2.0,2.0,31.77,2
Built-up  Area,Ananth Nagar,960.0,2.0,3.0,37.0,2
Super built-up  Area,Thigalarapalya,2215.0,4.0,2.0,150.0,3
Built-up  Area,Electronic City Phase II,1125.0,2.0,1.0,32.49,2
Built-up  Area,Brookefield,1230.0,2.0,3.0,55.0,2
Super built-up  Area,Mahadevpura,1438.0,2.0,2.0,89.0,2
Super built-up  Area,7th Phase JP Nagar,1080.0,2.0,2.0,75.0,2
Plot  Area,Hebbal Kempapura,1200.0,3.0,2.0,125.0,3
Plot  Area,Marathahalli,1200.0,1.0,1.0,103.0,2
Super built-up  Area,Uttarahalli,1590.0,3.0,2.0,58.0,3
Super built-up  Area,Other,1350.0,3.0,2.0,68.0,3
Super built-up  Area,Raja Rajeshwari Nagar,1400.0,2.0,2.0,48.0,3
Super built-up  Area,Kaggadasapura,1560.0,2.0,3.0,72.0,3
Built-up  Area,Mallasandra,1810.0,3.0,2.0,57.0,4
Super built-up  Area,Other,2274.24,4.0,1.0,160.0,3
Super built-up  Area,Sonnenahalli,1484.0,3.0,1.0,74.18,3
Built-up  Area,Indira Nagar,1650.0,3.0,3.0,220.0,3
Super built-up  Area,Other,1455.0,2.0,2.0,55.0,3
Super built-up  Area,Thanisandra,2280.0,4.0,2.0,184.0,3
Super built-up  Area,Other,4900.0,5.0,2.0,980.0,5
Built-up  Area,Frazer Town,2079.0,3.0,3.0,220.0,3
Super built-up  Area,Bharathi Nagar,1351.0,2.0,2.0,74.0,2
Super built-up  Area,Kanakpura Road,1223.0,2.0,2.0,42.81,3
Super built-up  Area,KR Puram,1430.0,2.0,1.0,61.0,3
Built-up  Area,Whitefield,3589.0,5.0,0.0,400.0,4
Super built-up  Area,Electronic City Phase II,1310.0,2.0,2.0,37.83,3
Plot  Area,Channasandra,1800.0,4.0,1.0,300.0,4
Super built-up  Area,Sarjapur  Road,984.0,2.0,1.0,55.0,2
Built-up  Area,Jalahalli,1770.0,3.0,3.0,100.0,3
Plot  Area,Other,900.0,3.0,1.0,105.0,2
Built-up  Area,Margondanahalli,1140.0,2.0,1.0,60.0,2
Super built-up  Area,Bommanahalli,1170.0,2.0,3.0,34.0,2
Super built-up  Area,Poorna Pragna Layout,1160.0,2.0,2.0,46.39,2
Super built-up  Area,Kanakpura Road,1296.0,2.0,1.0,89.0,2
Built-up  Area,Other,1570.0,3.0,2.0,80.0,3
Super built-up  Area,Nagappa Reddy Layout,1495.0,2.0,2.0,65.0,3
Super built-up  Area,Hoodi,1530.0,2.0,2.0,67.0,3
Super built-up  Area,Gunjur,1800.0,3.0,1.0,70.0,3
Super built-up  Area,Bellandur,1088.0,2.0,2.0,48.0,2
Super built-up  Area,Hosa Road,1533.0,3.0,1.0,98.18,3
Super built-up  Area,Rachenahalli,1100.0,2.0,1.0,68.0,2
Built-up  Area,Thubarahalli,1540.0,3.0,3.0,90.0,3
Super built-up  Area,Hebbal,1244.0,3.0,2.0,48.0,2
Super built-up  Area,Hosa Road,1040.0,2.0,1.0,68.59,2
Super built-up  Area,Begur Road,1260.0,2.0,1.0,39.69,2
Super built-up  Area,Thigalarapalya,1245.0,2.0,2.0,100.0,2
Super built-up  Area,Other,1350.0,3.0,0.0,75.0,3
Super built-up  Area,Other,470.0,2.0,1.0,10.0,1
Super built-up  Area,Vijayanagar,920.0,2.0,2.0,60.0,2
Built-up  Area,Other,2300.0,7.0,0.0,160.0,6
Super built-up  Area,Sarjapur,1124.0,2.0,1.0,30.35,2
Super built-up  Area,Yelahanka New Town,2095.0,3.0,1.0,109.0,4
Super built-up  Area,Begur Road,1100.0,2.0,1.0,71.42,2
Super built-up  Area,Vijayanagar,1019.0,2.0,1.0,58.0,2
Super built-up  Area,Harlur,1756.0,3.0,2.0,128.0,3
Super built-up  Area,Bommasandra,1280.0,3.0,1.0,50.0,3
Plot  Area,Kenchenahalli,1200.0,3.0,2.0,125.0,4
Super built-up  Area,Indira Nagar,1700.0,3.0,2.0,150.0,3
Super built-up  Area,Whitefield,2134.0,4.0,2.0,118.0,3
Super built-up  Area,Hosa Road,1369.1,2.0,1.0,98.0,2
Plot  Area,Other,1313.0,4.0,2.0,150.0,3
Super built-up  Area,Other,2515.0,4.0,3.0,155.0,3
Super built-up  Area,Thigalarapalya,2215.0,4.0,2.0,154.0,3
Super built-up  Area,Other,1440.0,3.0,2.0,72.0,3
Super built-up  Area,Hennur Road,1186.0,2.0,2.0,55.33,3
Super built-up  Area,Uttarahalli,1350.0,2.0,2.0,47.24,3
Super built-up  Area,Hebbal,1800.0,3.0,2.0,140.0,3
Built-up  Area,Kudlu,1600.0,3.0,3.0,79.0,3
Built-up  Area,GM Palaya,1000.0,2.0,1.0,35.0,2
Super built-up  Area,Cunningham Road,2275.0,3.0,3.0,285.0,3
Super built-up  Area,Binny Pete,1740.0,3.0,1.0,150.0,3
Built-up  Area,Malleshwaram,900.0,2.0,1.0,90.0,2
Built-up  Area,Benson Town,1567.0,3.0,0.0,140.0,2
Super built-up  Area,Kambipura,1082.0,2.0,1.0,45.5,3
Built-up  Area,Nagarbhavi,1050.0,2.0,1.0,80.0,2
Super built-up  Area,Other,1200.0,2.0,1.0,56.0,2
Built-up  Area,Begur,3500.0,4.0,2.0,185.0,3
Super built-up  Area,Dasarahalli,1220.0,2.0,2.0,52.0,2
Super built-up  Area,Binny Pete,1970.0,3.0,2.0,164.0,3
Super built-up  Area,Other,2665.0,3.0,1.0,350.0,3
Built-up  Area,Kanakapura,2130.0,4.0,0.0,120.0,4
Super built-up  Area,Harlur,1749.0,3.0,2.0,120.0,3
Super built-up  Area,Subramanyapura,1260.0,2.0,1.0,108.0,2
Super built-up  Area,6th Phase JP Nagar,1170.0,2.0,2.0,120.0,2
Super built-up  Area,Other,1670.0,3.0,2.0,75.0,3
Super built-up  Area,Hennur Road,2264.0,3.0,2.0,168.0,3
Super built-up  Area,Other,3500.0,5.0,2.0,450.0,4
Super built-up  Area,Begur,1100.0,2.0,2.0,55.0,2
Super built-up  Area,Chandapura,674.0,1.0,1.0,19.9,2
Super built-up  Area,Koramangala,1320.0,2.0,1.0,160.0,2
Super built-up  Area,Electronics City Phase 1,1125.0,2.0,2.0,65.0,2
Super built-up  Area,Nagavara,1125.0,2.0,2.0,44.5,2
Super built-up  Area,Other,700.0,2.0,1.0,29.0,2
Built-up  Area,BTM Layout,1300.0,2.0,1.0,75.0,3
Super built-up  Area,JP Nagar,1600.0,3.0,2.0,83.0,3
Super built-up  Area,Magadi Road,1052.0,2.0,1.0,60.0,3
Super built-up  Area, Devarachikkanahalli,1130.0,2.0,2.0,36.0,2
Super built-up  Area,BTM 2nd Stage,2200.0,3.0,3.0,220.0,3
Built-up  Area,Electronic City,1500.0,2.0,1.0,63.0,3
Super built-up  Area,Old Madras Road,1350.0,3.0,1.0,47.25,3
Super built-up  Area,Gottigere,1230.0,2.0,2.0,52.0,3
Super built-up  Area,Haralur Road,1520.0,2.0,2.0,85.0,3
Super built-up  Area,Kanakpura Road,525.0,1.0,1.0,26.25,1
Super built-up  Area,Hosa Road,1040.0,2.0,1.0,61.0,2
Built-up  Area,Other,1300.0,2.0,1.0,67.0,3
Super built-up  Area,Old Airport Road,2690.0,4.0,3.0,201.0,4
Super built-up  Area,Domlur,780.0,1.0,1.0,70.0,1
Super built-up  Area,Panathur,1140.0,2.0,1.0,51.2,2
Super built-up  Area,Chandapura,1225.0,3.0,1.0,33.08,3
Built-up  Area,Nagavarapalya,646.0,1.0,0.0,25.84,1
Super built-up  Area,Cox Town,1600.0,3.0,1.0,150.0,3
Super built-up  Area,Kadugodi,1890.0,4.0,3.0,125.0,3
Super built-up  Area,Whitefield,1458.0,2.0,2.0,62.0,3
Super built-up  Area,Green Glen Layout,1970.0,3.0,2.0,160.0,3
Plot  Area,Whitefield,1808.0,4.0,0.0,80.0,3
Built-up  Area,Balagere,1007.0,2.0,1.0,67.0,2
Super built-up  Area,Doddathoguru,1105.0,2.0,1.0,50.0,2
Super built-up  Area,Lakshminarayana Pura,1700.0,3.0,3.0,150.0,3
Super built-up  Area,Raja Rajeshwari Nagar,1170.0,2.0,3.0,50.0,2
Built-up  Area,Chandapura,1080.0,2.0,3.0,45.0,2
Super built-up  Area,Kaggalipura,1150.0,2.0,1.0,62.0,3
Super built-up  Area,Ramamurthy Nagar,1200.0,2.0,1.0,57.9,2
Super built-up  Area,Kudlu Gate,1656.0,3.0,2.0,75.0,3
Super built-up  Area,KR Puram,1040.0,2.0,2.0,50.0,2
Super built-up  Area,Hosur Road,1085.0,2.0,2.0,33.7,2
Super built-up  Area,Other,1215.0,2.0,2.0,49.75,3
Built-up  Area,NRI Layout,2150.0,4.0,2.0,115.0,4
Super built-up  Area,Panathur,1210.0,2.0,1.0,77.0,2
Built-up  Area,Other,1050.0,2.0,1.0,55.0,2
Super built-up  Area,Mysore Road,947.55,2.0,1.0,80.0,2
Built-up  Area,Malleshpalya,1421.0,2.0,1.0,90.0,2
Super built-up  Area,Old Madras Road,1425.0,2.0,2.0,74.31,3
Super built-up  Area,Budigere,1162.0,2.0,1.0,58.0,2
Super built-up  Area,Whitefield,905.0,1.0,1.0,60.0,1
Super built-up  Area,Sarjapur  Road,914.0,2.0,1.0,32.0,2
Built-up  Area,Other,1258.0,2.0,0.0,58.0,2
Plot  Area,Hormavu,3500.0,4.0,1.0,289.0,4
Plot  Area,Poorna Pragna Layout,2400.0,6.0,2.0,450.0,7
Built-up  Area,Ramagondanahalli,4200.0,4.0,2.0,800.0,4
Super built-up  Area,Whitefield,1537.0,2.0,3.0,70.0,3
Super built-up  Area,Chikkalasandra,1230.0,2.0,2.0,53.51,3
Plot  Area,Other,2400.0,5.0,2.0,300.0,6
Super built-up  Area,Malleshwaram,2250.0,3.0,1.0,200.0,3
Plot  Area,Hosur Road,2000.0,4.0,1.0,69.0,4
Super built-up  Area,Other,3000.0,4.0,3.0,130.0,8
Built-up  Area,Kumaraswami Layout,2600.0,4.0,0.0,325.0,4
Built-up  Area,Indira Nagar,3200.0,3.0,2.0,250.0,4
Built-up  Area,Anjanapura,950.0,2.0,0.0,32.0,2
Super built-up  Area,Marathahalli,4000.0,4.0,2.0,200.0,4
Super built-up  Area,Yelahanka,1282.0,2.0,1.0,48.72,3
Built-up  Area,Banashankari Stage III,1304.0,2.0,0.0,111.0,2
Super built-up  Area,7th Phase JP Nagar,2100.0,3.0,2.0,200.0,3
Built-up  Area,Jakkur,1220.0,2.0,2.0,49.0,3
Built-up  Area,7th Phase JP Nagar,1415.0,3.0,1.0,65.0,3
Super built-up  Area,Green Glen Layout,1728.0,3.0,2.0,125.0,3
Super built-up  Area,7th Phase JP Nagar,1680.0,3.0,3.0,125.0,3
Super built-up  Area,Other,1235.0,2.0,1.0,140.0,2
Built-up  Area,Yelahanka,3990.0,4.0,1.0,260.0,4
Built-up  Area,Kasavanhalli,1495.0,2.0,2.0,83.0,2
Plot  Area,Hennur Road,1500.0,5.0,1.0,175.0,5
Super built-up  Area,Yeshwanthpur,2501.0,3.0,3.0,138.0,3
Carpet  Area,Kanakpura Road,381.0,1.0,0.0,28.0,1
Super built-up  Area,Other,3301.8,5.0,2.0,570.0,4
Super built-up  Area,Hennur Road,2002.0,3.0,2.0,120.0,3
Built-up  Area,Other,3200.0,3.0,0.0,260.0,3
Plot  Area,Other,1200.0,2.0,2.0,70.0,2
Plot  Area,Sarjapur  Road,1500.0,3.0,0.0,235.0,4
Plot  Area,Bommasandra,1942.0,3.0,2.0,90.0,3
Super built-up  Area,Electronics City Phase 1,1522.5,2.0,2.0,60.75,3
Built-up  Area,Other,660.0,1.0,0.0,95.0,1
Plot  Area,Banashankari Stage III,1200.0,6.0,2.0,170.0,4
Built-up  Area,Other,1450.0,3.0,2.0,90.0,3
Super built-up  Area,Electronic City,1039.0,2.0,1.0,50.0,2
Super built-up  Area,Old Madras Road,1210.0,2.0,1.0,80.0,2
Super built-up  Area,Attibele,995.0,1.0,1.0,24.88,2
Built-up  Area,Yelahanka,1620.0,3.0,2.0,90.0,3
Built-up  Area,Choodasandra,3204.0,4.0,3.0,395.0,3
Built-up  Area,Hebbal Kempapura,3408.0,3.0,3.0,260.0,3
Built-up  Area,Marathahalli,1314.0,2.0,3.0,55.0,2
Super built-up  Area,Bisuvanahalli,945.0,2.0,1.0,33.0,2
Built-up  Area,Nehru Nagar,1374.0,3.0,2.0,72.0,3
Built-up  Area,Kanakpura Road,1603.0,3.0,3.0,113.0,3
Built-up  Area,Kengeri,1230.0,2.0,2.0,52.0,3
Super built-up  Area,Other,670.0,1.0,1.0,50.0,1
Super built-up  Area,Sarjapur  Road,1864.0,3.0,2.0,105.0,4
Built-up  Area,Hosa Road,2500.0,3.0,2.0,100.0,3
Super built-up  Area,Raja Rajeshwari Nagar,1625.0,2.0,2.0,54.0,3
Super built-up  Area,Whitefield,1186.0,2.0,3.0,55.0,2
Super built-up  Area,Electronic City,770.0,1.0,1.0,39.9,2
Super built-up  Area,Varthur,1085.0,2.0,1.0,45.0,2
Super built-up  Area,Dairy Circle,3754.0,6.0,2.0,480.0,4
Super built-up  Area,Other,1893.0,3.0,2.0,115.0,3
Super built-up  Area,Kundalahalli,1496.0,2.0,3.0,78.0,3
Super built-up  Area,Chandapura,1305.0,3.0,1.0,33.28,3
Super built-up  Area,Electronics City Phase 1,1550.0,2.0,2.0,82.0,3
Super built-up  Area,Marathahalli,1200.0,2.0,1.0,58.17,3
Super built-up  Area,Electronic City Phase II,1286.0,2.0,2.0,69.0,2
Super built-up  Area,Hebbal,1860.0,3.0,2.0,95.0,3
Super built-up  Area,Haralur Road,1243.0,2.0,2.0,45.0,2
Super built-up  Area,Brookefield,1200.0,2.0,2.0,75.0,2
Super built-up  Area,Sarjapur,1044.0,2.0,2.0,32.0,2
Super built-up  Area,7th Phase JP Nagar,1040.0,2.0,1.0,41.59,2
Super built-up  Area,8th Phase JP Nagar,1125.0,2.0,2.0,36.94,2
Super built-up  Area,Cunningham Road,3489.0,3.0,1.0,662.0,3
Super built-up  Area,Subramanyapura,1278.0,2.0,2.0,59.0,3
Super built-up  Area,Other,2400.0,6.0,2.0,98.0,6
Super built-up  Area,Other,1250.0,2.0,1.0,43.0,2
Plot  Area,Vijayanagar,2400.0,6.0,3.0,125.0,5
Plot  Area,KR Puram,4166.0,5.0,2.0,560.0,5
Super built-up  Area,Lakshminarayana Pura,1210.0,2.0,2.0,75.0,2
Super built-up  Area,8th Phase JP Nagar,1200.0,3.0,2.0,110.0,4
Super built-up  Area,Sarjapur  Road,1157.0,2.0,1.0,57.84,3
Super built-up  Area,Raja Rajeshwari Nagar,1185.0,2.0,1.0,51.15,2
Super built-up  Area,Kalena Agrahara,1450.0,3.0,3.0,100.0,3
Super built-up  Area,Old Madras Road,1859.0,3.0,2.0,121.0,3
Super built-up  Area,Rajaji Nagar,1763.0,3.0,2.0,262.0,2
Super built-up  Area,Attibele,900.0,1.0,1.0,25.0,2
Super built-up  Area,Ramamurthy Nagar,1305.0,3.0,1.0,60.0,3
Built-up  Area,Other,1200.0,2.0,2.0,100.0,3
Super built-up  Area,Thanisandra,784.0,1.0,0.0,35.285,1
Super built-up  Area,Sarjapur  Road,1150.0,2.0,0.0,36.8,2
Built-up  Area,Whitefield,1806.0,3.0,3.0,85.0,3
Super built-up  Area,Kudlu,1027.0,2.0,2.0,42.0,2
Super built-up  Area,Uttarahalli,1002.0,2.0,1.0,40.08,2
Super built-up  Area,Electronic City Phase II,1220.0,2.0,1.0,36.21,3
Super built-up  Area,Whitefield,1109.0,2.0,1.0,35.22,2
Built-up  Area,Uttarahalli,1002.0,2.0,1.0,40.08,2
Super built-up  Area,Narayanapura,1308.0,2.0,1.0,89.04,2
Super built-up  Area,Hennur Road,1232.0,2.0,1.0,69.6,2
Super built-up  Area,Haralur Road,1027.0,2.0,2.0,44.0,2
Built-up  Area,Kalyan nagar,1250.0,2.0,2.0,65.0,2
Super built-up  Area,Raja Rajeshwari Nagar,1255.0,2.0,1.0,53.87,2
Built-up  Area,Akshaya Nagar,1434.0,3.0,3.0,84.0,3
Built-up  Area,Doddathoguru,925.0,2.0,2.0,30.0,2
Super built-up  Area,Jakkur,1858.0,3.0,1.0,123.0,3
Built-up  Area,Other,1205.0,2.0,1.0,70.0,2
Plot  Area,Other,1500.0,3.0,2.0,90.0,3
Plot  Area,Other,1200.0,3.0,2.0,200.0,3
Super built-up  Area,Mysore Road,1020.0,2.0,2.0,48.95,2
Super built-up  Area,Thanisandra,965.0,2.0,1.0,56.0,2
Plot  Area,7th Phase JP Nagar,1800.0,6.0,3.0,270.0,5
Super built-up  Area,Battarahalli,1636.0,2.0,2.0,82.89,2
Super built-up  Area,Kundalahalli,1724.0,3.0,1.0,125.0,3
Super built-up  Area,Whitefield,1216.0,2.0,1.0,67.0,2
Super built-up  Area,Yelahanka,654.0,1.0,1.0,36.25,1
Built-up  Area,Chikkabanavar,2460.0,7.0,2.0,80.0,4
Super built-up  Area,Other,1190.0,2.0,2.0,41.0,2
Super built-up  Area,Budigere,1636.0,3.0,2.0,92.0,3
Super built-up  Area,Hennur Road,1195.0,2.0,2.0,73.0,2
Super built-up  Area,Nagavara,2400.0,3.0,3.0,251.0,3
Super built-up  Area,Other,1250.0,2.0,1.0,67.0,2
Super built-up  Area,Whitefield,1452.0,3.0,2.0,90.0,3
Super built-up  Area,Thanisandra,1546.0,3.0,1.0,95.0,3
Built-up  Area,Sarjapur  Road,3385.5,6.0,0.0,142.0,4
Plot  Area,Indira Nagar,1440.0,3.0,1.0,275.0,3
Plot  Area,Other,2260.0,3.0,1.0,80.0,2
Plot  Area,Other,2700.0,3.0,2.0,90.0,4
Super built-up  Area,Indira Nagar,1475.0,2.0,2.0,171.0,2
Built-up  Area,JP Nagar,3000.0,3.0,2.0,150.0,4
Built-up  Area,Other,375.0,1.0,0.0,26.0,1
Super built-up  Area,Balagere,1007.0,2.0,1.0,66.0,2
Super built-up  Area,Other,5422.0,6.0,2.0,1900.0,4
Super built-up  Area,Hennur Road,1020.0,2.0,3.0,47.0,2
Super built-up  Area,Other,1000.0,2.0,0.0,150.0,2
Plot  Area,Other,800.0,3.0,1.0,59.5,2
Super built-up  Area,Marathahalli,1125.0,2.0,3.0,55.0,2
Built-up  Area,Other,909.0,2.0,1.0,43.0,3
Built-up  Area,Whitefield,2850.0,5.0,0.0,240.0,4
Super built-up  Area,Other,1400.0,2.0,3.0,85.0,2
Super built-up  Area,Kadugodi,1152.0,2.0,2.0,61.0,2
Super built-up  Area,Subramanyapura,958.0,2.0,1.0,34.49,2
Super built-up  Area,Whitefield,1150.0,2.0,2.0,55.0,2
Super built-up  Area,Old Madras Road,2990.0,5.0,1.0,173.0,3
Super built-up  Area,Bellandur,1310.0,2.0,2.0,85.0,2
Super built-up  Area,Hosur Road,1590.0,2.0,2.0,126.0,3
Super built-up  Area,Green Glen Layout,1645.0,3.0,2.0,110.0,3
Built-up  Area,Other,1800.0,2.0,2.0,100.0,3
Super built-up  Area,Thanisandra,1795.0,3.0,2.0,150.0,3
Super built-up  Area,8th Phase JP Nagar,1100.0,2.0,3.0,35.0,2
Super built-up  Area,Thanisandra,777.0,1.0,0.0,38.535,1
Super built-up  Area,Kalkere,925.0,2.0,2.0,70.0,2
Super built-up  Area,Basavangudi,1542.14,3.0,3.0,120.0,3
Plot  Area,Konanakunte,3746.0,6.0,1.0,375.0,4
Super built-up  Area,Thanisandra,1430.0,2.0,2.0,54.0,3
Super built-up  Area,Bommanahalli,1020.0,2.0,2.0,55.0,2
Super built-up  Area,Electronic City Phase II,1140.0,2.0,1.0,32.92,2
Built-up  Area,Anekal,967.0,2.0,1.0,45.0,3
Super built-up  Area,Hebbal,2470.0,4.0,2.0,203.0,4
Built-up  Area,Other,850.0,1.0,0.0,35.5,2
Super built-up  Area,Other,1100.0,2.0,2.0,32.0,2
Super built-up  Area,Thanisandra,1697.0,3.0,2.0,110.0,3
Super built-up  Area,Varthur,1250.0,2.0,2.0,47.0,2
Super built-up  Area,Gottigere,1120.0,2.0,2.0,50.0,2
Plot  Area,NRI Layout,1200.0,4.0,0.0,95.0,4
Plot  Area,Hennur Road,5100.0,6.0,3.0,375.0,5
Plot  Area,Other,2400.0,3.0,2.0,480.0,4
Super built-up  Area,Hebbal,1200.0,2.0,1.0,52.0,2
Super built-up  Area,7th Phase JP Nagar,1100.0,2.0,1.0,44.0,2
Super built-up  Area, Devarachikkanahalli,1417.0,2.0,2.0,76.0,3
Built-up  Area,Thanisandra,1492.0,3.0,1.0,88.0,3
Super built-up  Area,Devanahalli,1498.0,3.0,3.0,79.15,3
Built-up  Area,Other,3500.0,2.0,1.0,350.0,4
Super built-up  Area,Kundalahalli,1010.0,2.0,1.0,48.27,2
Super built-up  Area,Channasandra,1050.0,2.0,1.0,35.0,2
Super built-up  Area,Hegde Nagar,1847.0,3.0,2.0,125.0,3
Super built-up  Area,Other,1200.0,2.0,2.0,55.0,2
Super built-up  Area,Bellandur,982.0,2.0,2.0,37.28,2
Super built-up  Area,Hegde Nagar,2144.6,4.0,2.0,145.0,3
Super built-up  Area,Kengeri,750.0,2.0,1.0,36.5,2
Super built-up  Area,Electronic City,919.0,2.0,2.0,35.0,2
Super built-up  Area,Budigere,1087.0,2.0,1.0,54.3,2
Built-up  Area,Other,1480.0,3.0,2.0,74.0,3
Built-up  Area,Tindlu,1180.0,2.0,2.0,52.0,2
Super built-up  Area,Other,2100.0,4.0,2.0,255.0,3
Super built-up  Area,Jigani,1221.0,3.0,2.0,65.0,3
Built-up  Area,Thanisandra,2072.0,3.0,2.0,122.0,3
Built-up  Area,Whitefield,1600.0,3.0,2.0,69.0,3
Super built-up  Area,Sahakara Nagar,2200.0,3.0,2.0,98.0,3
Super built-up  Area,Rajaji Nagar,1640.0,3.0,3.0,220.0,3
Super built-up  Area,Kaikondrahalli,1253.0,2.0,2.0,81.5,2
Super built-up  Area,Hennur Road,1061.0,2.0,1.0,54.92,2
Super built-up  Area,Marathahalli,1950.0,3.0,2.0,115.0,3
Built-up  Area,Marathahalli,1250.0,2.0,2.0,68.0,2
Super built-up  Area,Hennur Road,1585.0,2.0,3.0,80.0,3
Super built-up  Area,Kammasandra,1015.0,2.0,2.0,37.0,2
Super built-up  Area,Begur Road,2464.5,6.0,0.0,118.0,4
Super built-up  Area,Marathahalli,1125.0,2.0,2.0,56.8,2
Super built-up  Area,Electronic City Phase II,1116.0,2.0,2.0,40.0,2
Built-up  Area,Other,400.0,1.0,0.0,35.0,1
Super built-up  Area,Kasavanhalli,4000.0,4.0,2.0,325.0,4
Super built-up  Area,Hebbal,3900.0,4.0,2.0,410.0,4
Super built-up  Area,Old Madras Road,1300.0,2.0,2.0,100.0,2
Super built-up  Area,Raja Rajeshwari Nagar,1419.0,2.0,1.0,60.42,2
Super built-up  Area,Other,1310.0,2.0,1.0,55.0,3
Super built-up  Area,Thigalarapalya,2072.0,4.0,2.0,152.0,3
Built-up  Area,Kaggadasapura,1240.0,2.0,1.0,58.58,2
Built-up  Area,Chamrajpet,1565.0,3.0,2.0,98.91,3
Super built-up  Area,Budigere,1820.0,3.0,2.0,89.0,3
Plot  Area,Gubbalala,2500.0,3.0,1.0,88.0,3
Plot  Area,KR Puram,3657.0,5.0,2.0,310.0,5
Super built-up  Area,Hosa Road,1245.0,2.0,1.0,62.0,2
Super built-up  Area,GM Palaya,1315.0,3.0,1.0,65.0,3
Super built-up  Area,Kenchenahalli,1410.0,2.0,2.0,73.0,3
Super built-up  Area,Dasarahalli,1375.0,2.0,1.0,60.0,2
Super built-up  Area,Old Madras Road,1299.0,2.0,2.0,95.0,2
Super built-up  Area,Other,993.0,2.0,3.0,45.5,2
Plot  Area,Bommasandra Industrial Area,1200.0,3.0,0.0,45.0,2
Super built-up  Area,Other,985.0,2.0,1.0,156.0,2
Built-up  Area,Other,2400.0,5.0,3.0,180.0,4
Super built-up  Area,Hebbal,1255.0,2.0,1.0,95.0,3
Super built-up  Area,Hoodi,1655.0,3.0,2.0,131.0,3
Super built-up  Area,Whitefield,2830.0,5.0,3.0,190.0,4
Super built-up  Area,Other,825.0,2.0,1.0,40.0,1
Super built-up  Area,Begur Road,1634.0,3.0,1.0,111.0,3
Super built-up  Area,Banaswadi,1222.0,2.0,2.0,80.0,2
Super built-up  Area,Gottigere,1500.0,3.0,2.0,63.0,3
Super built-up  Area,Akshaya Nagar,1890.0,4.0,2.0,100.0,3
Built-up  Area,Hegde Nagar,3750.0,6.0,2.0,375.0,4
Super built-up  Area,Hulimavu,850.0,1.0,1.0,39.5,2
Super built-up  Area,Whitefield,1295.0,2.0,3.0,78.5,2
Super built-up  Area,Sarjapur  Road,1320.0,2.0,1.0,100.0,2
Plot  Area,Hebbal,1200.0,4.0,2.0,225.0,4
Built-up  Area,Other,3000.0,3.0,3.0,170.0,4
Built-up  Area,Harlur,1197.0,2.0,1.0,82.0,2
Super built-up  Area,Other,1320.0,2.0,3.0,60.0,3
Super built-up  Area,Whitefield,840.0,1.0,1.0,57.6,1
Super built-up  Area,Whitefield,640.0,1.0,0.0,19.83,1
Super built-up  Area,Raja Rajeshwari Nagar,1693.0,3.0,1.0,71.38,3
Super built-up  Area,Kodihalli,1000.0,2.0,1.0,62.0,2
Built-up  Area,Babusapalaya,1305.0,2.0,1.0,70.0,2
Built-up  Area,Kodichikkanahalli,450.0,1.0,1.0,18.0,1
Super built-up  Area,CV Raman Nagar,705.0,1.0,1.0,57.0,1
Built-up  Area,Tumkur Road,4800.0,5.0,2.0,150.0,5
Built-up  Area,Other,5000.0,5.0,2.0,600.0,4
Plot  Area,Gubbalala,5000.0,4.0,3.0,425.0,4
Built-up  Area,Whitefield,1991.0,3.0,2.0,104.0,3
Super built-up  Area,Battarahalli,1779.0,3.0,2.0,90.0,3
Plot  Area,Whitefield,10200.0,4.0,1.0,1250.0,4
Super built-up  Area,Banaswadi,870.0,2.0,2.0,38.0,2
Super built-up  Area,Thanisandra,1595.0,3.0,2.0,120.0,3
Plot  Area,Other,2400.0,4.0,2.0,420.0,6
Super built-up  Area,Iblur Village,2000.0,4.0,2.0,138.0,3
Super built-up  Area,Yelahanka,1614.0,3.0,2.0,93.0,3
Super built-up  Area,Gottigere,1200.0,2.0,3.0,40.0,2
Built-up  Area,Electronic City Phase II,1150.0,3.0,3.0,46.0,3
Super built-up  Area,Indira Nagar,3200.0,4.0,2.0,440.0,4
Super built-up  Area,Sonnenahalli,1610.0,3.0,2.0,80.48,3
Super built-up  Area,Whitefield,1190.0,2.0,2.0,41.0,2
Super built-up  Area,Other,1050.0,2.0,2.0,50.0,2
Plot  Area,Other,4800.0,5.0,2.0,420.0,4
Super built-up  Area,7th Phase JP Nagar,1460.0,2.0,1.0,97.0,3
Super built-up  Area,Other,3400.0,3.0,3.0,400.0,3
Plot  Area,Other,600.0,1.0,0.0,33.0,1
Built-up  Area,Other,1569.0,3.0,0.0,70.0,3
Built-up  Area,Other,2600.0,3.0,2.0,147.0,3
Super built-up  Area,Electronics City Phase 1,645.0,1.0,0.0,42.5,1
Plot  Area,Other,1200.0,3.0,1.0,180.0,4
Built-up  Area,Mico Layout,800.0,2.0,1.0,80.0,2
Super built-up  Area,Marathahalli,1350.0,2.0,1.0,90.0,2
Super built-up  Area,BTM 2nd Stage,2780.0,4.0,1.0,325.0,3
Super built-up  Area,Other,1410.0,2.0,2.0,45.12,3
Super built-up  Area,Whitefield,1109.0,2.0,1.0,35.47,2
Built-up  Area,Other,800.0,1.0,0.0,72.0,1
Super built-up  Area,Bannerghatta Road,1215.0,2.0,1.0,68.0,2
Built-up  Area,Prithvi Layout,2273.0,4.0,2.0,192.0,3
Super built-up  Area,Varthur Road,1255.0,2.0,2.0,52.76,2
Super built-up  Area,Other,1020.0,2.0,1.0,49.0,2
Super built-up  Area,Other,1225.0,2.0,2.0,82.0,3
Super built-up  Area,Singasandra,1120.0,2.0,1.0,60.0,2
Plot  Area,Other,2400.0,5.0,3.0,625.0,5
Super built-up  Area,Kasavanhalli,1225.0,2.0,1.0,69.0,3
Plot  Area,Whitefield,5200.0,5.0,3.0,242.0,4
Built-up  Area,Indira Nagar,4000.0,4.0,1.0,700.0,4
Super built-up  Area,Sarjapur  Road,1984.0,4.0,1.0,145.0,3
Super built-up  Area,Old Madras Road,2425.0,3.0,1.0,197.0,3
Plot  Area,ITPL,1200.0,3.0,1.0,56.12,3
Super built-up  Area,Bommasandra,1127.0,2.0,1.0,45.0,2
Built-up  Area,Whitefield,1655.0,3.0,2.0,97.0,3
Super built-up  Area,Ananth Nagar,500.0,1.0,1.0,14.0,1
Plot  Area,Varthur,1200.0,3.0,1.0,68.38,3
Super built-up  Area,Kaggadasapura,1000.0,2.0,2.0,43.0,2
Super built-up  Area,CV Raman Nagar,1225.0,2.0,2.0,47.88,2
Super built-up  Area,Hormavu,1350.0,2.0,2.0,45.0,2
Super built-up  Area,Sahakara Nagar,1175.0,2.0,3.0,49.0,2
Super built-up  Area,Other,655.0,1.0,2.0,27.0,1
Super built-up  Area,Hosa Road,1311.0,2.0,1.0,84.86,3
Carpet  Area,CV Raman Nagar,1000.0,2.0,1.0,38.5,2
Super built-up  Area,Other,1196.0,2.0,1.0,96.0,2
Built-up  Area,Kanakpura Road,1050.0,2.0,1.0,59.0,3
Super built-up  Area,Somasundara Palya,1275.0,2.0,2.0,52.0,3
Carpet  Area,Other,927.0,2.0,1.0,50.0,2
Super built-up  Area,Varthur,1520.0,2.0,3.0,61.0,3
Plot  Area,Other,2400.0,5.0,2.0,395.0,4
Built-up  Area,Hebbal,1333.0,2.0,1.0,104.0,2
Super built-up  Area,Other,600.0,1.0,0.0,18.0,1
Super built-up  Area,Abbigere,1326.0,2.0,1.0,34.8,3
Super built-up  Area,Sarjapur  Road,1773.5,2.0,2.0,85.125,3
Built-up  Area,Koramangala,1370.0,2.0,2.0,125.0,2
Super built-up  Area,Koramangala,1100.0,2.0,2.0,85.0,2
Super built-up  Area,Haralur Road,1650.0,3.0,3.0,100.0,3
Super built-up  Area,Kasavanhalli,1917.0,3.0,2.0,132.0,3
Super built-up  Area,Billekahalli,950.0,2.0,1.0,58.11,2
Super built-up  Area,Other,1175.0,2.0,1.0,48.72,2
Super built-up  Area,8th Phase JP Nagar,1089.0,2.0,1.0,43.55,2
Super built-up  Area,Kalena Agrahara,1804.0,3.0,2.0,175.0,3
Super built-up  Area,Hoodi,1257.0,2.0,1.0,68.5,2
Super built-up  Area,Sarjapur,650.0,1.0,2.0,19.87,1
Super built-up  Area,Whitefield,1850.0,3.0,2.0,150.0,3
Built-up  Area,Other,2800.0,4.0,1.0,200.0,4
Built-up  Area,Vidyaranyapura,945.0,2.0,2.0,40.0,2
Super built-up  Area,Koramangala,1161.0,2.0,1.0,63.85,2
Super built-up  Area,Banashankari Stage V,1630.0,3.0,2.0,51.35,3
Super built-up  Area,Jalahalli,1310.0,2.0,2.0,60.0,3
Super built-up  Area,Other,750.0,2.0,1.0,28.0,2
Plot  Area,Whitefield,1200.0,3.0,1.0,67.77,3
Super built-up  Area,Other,1000.0,2.0,1.0,45.0,2
Plot  Area,Old Madras Road,4000.0,4.0,2.0,225.0,4
Built-up  Area,Nagavara,1315.0,2.0,2.0,70.0,2
Super built-up  Area,Sahakara Nagar,1370.0,2.0,2.0,90.0,3
Built-up  Area,Bellandur,1465.0,3.0,3.0,90.0,2
Super built-up  Area,Electronic City,1128.0,2.0,1.0,64.0,2
Super built-up  Area,Padmanabhanagar,1250.0,2.0,2.0,70.0,3
Super built-up  Area,Horamavu Agara,1284.0,2.0,2.0,75.0,3
Super built-up  Area,Hebbal,2600.0,3.0,2.0,199.0,3
Super built-up  Area,Other,1820.0,3.0,2.0,150.0,3
Super built-up  Area,Haralur Road,1580.0,3.0,1.0,73.0,3
Built-up  Area,Akshaya Nagar,2650.0,3.0,2.0,125.0,3
Super built-up  Area,Uttarahalli,1075.0,2.0,1.0,40.0,2
Super built-up  Area,R.T. Nagar,1400.0,2.0,3.0,78.0,3
Super built-up  Area,Subramanyapura,1400.0,2.0,1.0,55.0,3
Built-up  Area,Bisuvanahalli,845.0,2.0,1.0,30.0,2
Super built-up  Area,Hegde Nagar,2600.0,4.0,3.0,40.0,4
Built-up  Area,Sarjapur,3854.5,6.0,0.0,385.5,4
Super built-up  Area,Other,800.0,2.0,1.0,85.0,2
Super built-up  Area,Gunjur,1175.0,2.0,2.0,43.48,2
Plot  Area,Sahakara Nagar,2400.0,3.0,2.0,270.0,3
Super built-up  Area,Bellandur,1767.0,3.0,2.0,109.0,3
Super built-up  Area,Sarjapur  Road,1800.0,3.0,1.0,90.0,4
Plot  Area,R.T. Nagar,1200.0,3.0,2.0,140.0,3
Super built-up  Area,Rajaji Nagar,1613.0,3.0,0.0,150.0,3
Super built-up  Area,Jakkur,6830.0,5.0,2.0,795.0,4
Built-up  Area,Whitefield,1290.0,2.0,0.0,90.0,2
Super built-up  Area,Kasavanhalli,1375.0,2.0,1.0,78.0,2
Super built-up  Area,Other,985.0,2.0,2.0,57.0,2
Plot  Area,Other,1200.0,4.0,1.0,200.0,4
Super built-up  Area,Singasandra,1099.0,2.0,1.0,37.5,2
Super built-up  Area,Electronic City,605.0,1.0,0.0,13.31,1
Built-up  Area,Other,3600.0,7.0,3.0,160.0,7
Super built-up  Area,Marathahalli,1200.0,2.0,1.0,53.0,2
Built-up  Area,Hulimavu,1000.0,2.0,1.0,45.0,2
Super built-up  Area,Electronic City,1159.0,2.0,3.0,38.0,3
Super built-up  Area,Sarjapur  Road,3692.0,5.0,2.0,340.0,5
Plot  Area,Other,600.0,2.0,1.0,80.0,2
Plot  Area,Other,2400.0,4.0,3.0,600.0,4
Built-up  Area,BTM Layout,1540.0,2.0,2.0,78.0,3
Built-up  Area,Other,1503.0,2.0,2.0,93.0,3
Super built-up  Area,Ambedkar Nagar,1850.0,4.0,2.0,120.0,3
Built-up  Area,Uttarahalli,1580.0,3.0,1.0,60.0,3
Super built-up  Area,Mico Layout,1190.0,2.0,2.0,39.25,2
Plot  Area,Other,1200.0,2.0,1.0,61.0,2
Super built-up  Area,Jakkur,850.0,1.0,1.0,19.9,2
Super built-up  Area,Domlur,2180.0,3.0,2.0,285.0,3
Super built-up  Area,Other,2500.0,2.0,1.0,60.0,3
Plot  Area,ITPL,1200.0,3.0,1.0,56.12,3
Super built-up  Area,Other,1500.0,2.0,2.0,52.0,3
Super built-up  Area,Thanisandra,1880.0,3.0,3.0,120.0,3
Super built-up  Area,Padmanabhanagar,1150.0,2.0,2.0,45.0,2
Plot  Area,Kasavanhalli,4408.0,4.0,2.0,344.0,4
Super built-up  Area,Sarjapur  Road,7800.0,6.0,2.0,385.0,5
Built-up  Area,Karuna Nagar,1962.0,3.0,2.0,175.0,3
Super built-up  Area,Other,1765.0,3.0,2.0,77.27,3
Super built-up  Area,Attibele,1174.0,2.0,1.0,29.35,2
Super built-up  Area,Bannerghatta Road,1894.0,3.0,1.0,115.0,3
Super built-up  Area,Sector 7 HSR Layout,1760.0,3.0,2.0,142.0,3
Built-up  Area,Other,1768.0,3.0,3.0,95.0,3
Built-up  Area,Kothanur,1790.0,3.0,0.0,97.0,3
Plot  Area,Other,3500.0,5.0,1.0,800.0,4
Plot  Area,Whitefield,1200.0,2.0,1.0,45.0,2
Built-up  Area,Kengeri,2540.0,4.0,0.0,160.0,4
Super built-up  Area,Mahadevpura,1137.0,2.0,1.0,53.4,2
Super built-up  Area,Jakkur,3181.0,2.0,2.0,229.0,4
Super built-up  Area,Mysore Road,1568.0,2.0,2.0,100.0,3
Built-up  Area,Devanahalli,4920.0,4.0,0.0,393.5,4
Super built-up  Area,AECS Layout,1308.0,2.0,1.0,60.0,2
Super built-up  Area,Other,3060.0,4.0,2.0,350.0,4
Super built-up  Area,Bisuvanahalli,1200.0,2.0,1.0,41.0,3
Super built-up  Area,Other,800.0,1.0,2.0,32.0,1
Super built-up  Area,Electronic City,530.0,1.0,1.0,13.5,1
Plot  Area,Other,3000.0,6.0,3.0,145.0,7
Plot  Area,Other,1200.0,4.0,1.0,235.0,4
Super built-up  Area,Subramanyapura,958.0,2.0,1.0,33.53,2
Super built-up  Area,Talaghattapura,2273.0,3.0,3.0,159.0,3
Super built-up  Area,Thanisandra,760.0,1.0,2.0,50.0,1
Super built-up  Area,Dommasandra,1090.0,2.0,2.0,43.5,2
Super built-up  Area,Bellandur,2666.0,3.0,1.0,230.0,3
Super built-up  Area,Sarjapur  Road,1550.0,2.0,1.0,89.0,3
Super built-up  Area,Ramagondanahalli,1251.0,2.0,1.0,50.0,2
Super built-up  Area,Electronic City,1070.0,2.0,1.0,53.0,2
Super built-up  Area,Kalena Agrahara,1200.0,2.0,2.0,45.0,2
Built-up  Area,CV Raman Nagar,1435.0,2.0,2.0,60.0,3
Built-up  Area,Bommasandra,1400.0,2.0,3.0,45.0,3
Super built-up  Area,Judicial Layout,2330.0,3.0,2.0,94.71,4
Super built-up  Area,Thanisandra,1200.0,2.0,3.0,60.0,2
Super built-up  Area,Panathur,1000.0,2.0,2.0,40.0,2
Super built-up  Area,Bannerghatta Road,1655.0,2.0,2.0,62.89,3
Built-up  Area,Raja Rajeshwari Nagar,3600.0,9.0,3.0,240.0,9
Plot  Area,Other,600.0,1.0,1.0,35.0,1
Super built-up  Area,Electronics City Phase 1,1175.0,2.0,1.0,50.0,2
Super built-up  Area,Uttarahalli,1155.0,2.0,2.0,40.43,2
Plot  Area,Magadi Road,1200.0,3.0,2.0,98.0,3
Super built-up  Area,Budigere,1149.0,2.0,2.0,65.0,2
Super built-up  Area,Jakkur,1745.0,2.0,2.0,98.485,3
Plot  Area,Choodasandra,3200.0,4.0,2.0,375.0,4
Super built-up  Area,Other,1010.0,2.0,2.0,55.0,2
Super built-up  Area,Hegde Nagar,1718.0,3.0,2.0,119.0,3
Super built-up  Area,Other,650.0,1.0,1.0,20.0,2
Super built-up  Area,Banashankari,1330.0,2.0,2.0,77.0,2
Super built-up  Area,Hormavu,1200.0,2.0,2.0,68.0,2
Super built-up  Area,Bannerghatta Road,1693.0,3.0,2.0,89.0,3
Super built-up  Area,Koramangala,1249.0,2.0,1.0,165.0,2
Built-up  Area,Thanisandra,1800.0,4.0,1.0,125.0,3
Plot  Area,Margondanahalli,900.0,2.0,0.0,55.0,2
Super built-up  Area,NGR Layout,1020.0,2.0,1.0,46.0,2
Super built-up  Area,Amruthahalli,1700.0,3.0,2.0,77.0,3
Built-up  Area,Panathur,661.0,1.0,1.0,40.0,1
Super built-up  Area,Bannerghatta Road,1280.0,2.0,2.0,60.16,2
Super built-up  Area,Hosur Road,1170.0,2.0,1.0,48.0,2
Super built-up  Area,Thanisandra,933.0,2.0,1.0,58.0,1
Built-up  Area,Sarjapur  Road,1150.0,2.0,0.0,44.0,2
Super built-up  Area,Benson Town,3633.0,6.0,2.0,550.0,4
Super built-up  Area,Rajaji Nagar,1380.0,3.0,3.0,130.0,3
Built-up  Area,Other,1050.0,2.0,1.0,64.8,2
Super built-up  Area,Other,1080.0,2.0,1.0,37.8,2
Super built-up  Area,Harlur,1303.0,2.0,1.0,90.0,2
Super built-up  Area,Raja Rajeshwari Nagar,1196.0,2.0,2.0,40.54,2
Built-up  Area,Nagarbhavi,2500.0,3.0,2.0,180.0,5
Super built-up  Area,Bommanahalli,1250.0,3.0,2.0,41.0,3
Super built-up  Area,Akshaya Nagar,1419.0,2.0,3.0,87.0,3
Super built-up  Area,Banashankari,1200.0,2.0,3.0,49.0,2
Built-up  Area,7th Phase JP Nagar,1120.0,2.0,2.0,65.0,2
Super built-up  Area,Electronics City Phase 1,762.5,1.0,0.0,45.4,1
Super built-up  Area,Electronics City Phase 1,1245.0,2.0,1.0,75.0,2
Built-up  Area,Other,3978.0,4.0,3.0,428.0,4
Super built-up  Area,Channasandra,1093.0,2.0,1.0,34.0,2
Super built-up  Area,Electronic City,1025.0,1.0,1.0,26.63,2
Super built-up  Area,Hebbal,1345.0,2.0,1.0,97.0,2
Plot  Area,Other,1500.0,2.0,1.0,45.0,2
Super built-up  Area,Vijayanagar,1180.0,2.0,1.0,86.0,2
Super built-up  Area,NGR Layout,1020.0,2.0,1.0,48.45,2
Super built-up  Area,Other,1800.0,3.0,3.0,85.0,3
Super built-up  Area,Konanakunte,3621.0,4.0,1.0,511.0,4
Super built-up  Area,Other,2008.0,3.0,2.0,170.0,3
Super built-up  Area,Kothannur,1240.0,2.0,2.0,39.85,3
Super built-up  Area,CV Raman Nagar,1020.0,2.0,1.0,55.0,2
Super built-up  Area,Other,2095.0,3.0,2.0,142.0,3
Super built-up  Area,Gunjur,1362.0,3.0,2.0,62.63,3
Super built-up  Area,Yelahanka,694.0,1.0,0.0,30.84,1
Super built-up  Area,Vittasandra,1404.0,2.0,2.0,70.0,2
Super built-up  Area,Electronic City Phase II,1192.0,2.0,3.0,47.0,3
Super built-up  Area,Vittasandra,1259.0,2.0,1.0,67.48,2
Super built-up  Area,Kengeri,1000.0,2.0,2.0,34.0,2
Super built-up  Area,Rachenahalli,985.0,2.0,1.0,49.97,2
Built-up  Area,Indira Nagar,850.0,1.0,2.0,60.0,1
Built-up  Area,Uttarahalli,1650.0,2.0,1.0,50.0,3
Plot  Area,Rajaji Nagar,2400.0,3.0,1.0,320.0,5
Super built-up  Area,Sarjapur  Road,1900.0,4.0,1.0,180.0,3
Super built-up  Area,Ambedkar Nagar,1367.0,2.0,2.0,86.0,2
Super built-up  Area,Rajaji Nagar,1210.0,2.0,2.0,81.0,3
Super built-up  Area,Other,1190.0,2.0,1.0,48.6,2
Super built-up  Area,Sarjapur,1175.0,2.0,2.0,42.0,2
Super built-up  Area,R.T. Nagar,2800.0,4.0,2.0,400.0,4
Super built-up  Area,Whitefield,1140.0,2.0,2.0,40.0,2
Super built-up  Area,Hoskote,1095.0,2.0,2.0,33.6,2
Super built-up  Area,Attibele,782.0,1.0,0.0,19.55,1
Super built-up  Area,Gubbalala,1435.0,2.0,2.0,80.0,3
Super built-up  Area,Choodasandra,725.0,2.0,2.0,36.0,2
Built-up  Area,Other,1600.0,2.0,2.0,88.0,3
Super built-up  Area,Hosakerehalli,3205.0,4.0,2.0,300.0,4
Super built-up  Area,Nehru Nagar,1674.0,3.0,2.0,90.0,3
Super built-up  Area,Kanakpura Road,1703.0,3.0,2.0,130.0,3
Super built-up  Area,Padmanabhanagar,1350.0,3.0,1.0,71.55,3
Super built-up  Area,Horamavu Agara,1145.0,2.0,1.0,41.21,2
Super built-up  Area,Whitefield,1216.0,2.0,1.0,75.0,2
Super built-up  Area,7th Phase JP Nagar,1100.0,3.0,1.0,60.0,2
Super built-up  Area,Sarjapur  Road,2425.0,5.0,1.0,201.0,4
Plot  Area,Kothanur,2700.0,4.0,2.0,175.0,4
Carpet  Area,Kanakpura Road,1600.0,3.0,3.0,90.0,3
Super built-up  Area,Banashankari Stage V,1510.0,3.0,3.0,47.57,3
Super built-up  Area,Hosakerehalli,3033.0,4.0,1.0,326.0,4
Plot  Area,Pai Layout,780.0,2.0,1.0,72.0,2
Built-up  Area,Banashankari Stage II,1250.0,2.0,2.0,110.0,2
Plot  Area,Horamavu Agara,1250.0,4.0,1.0,100.0,4
Plot  Area,Other,1350.0,4.0,2.0,160.0,4
Built-up  Area,Laggere,620.0,2.0,0.0,48.0,1
Super built-up  Area,Raja Rajeshwari Nagar,1630.0,3.0,2.0,60.65,3
Built-up  Area,Hennur Road,1020.0,2.0,0.0,45.0,2
Super built-up  Area,Hosakerehalli,1410.0,2.0,2.0,53.58,3
Carpet  Area,Bhoganhalli,1181.7,2.0,1.0,100.0,2
Built-up  Area,KR Puram,1200.0,4.0,0.0,83.0,4
Super built-up  Area,Banaswadi,1200.0,2.0,3.0,60.0,2
Super built-up  Area,Old Airport Road,1050.0,2.0,2.0,50.0,2
Super built-up  Area,Whitefield,1356.0,2.0,1.0,94.84,2
Super built-up  Area,Whitefield,1338.0,2.0,1.0,103.0,2
Super built-up  Area,Other,500.0,1.0,1.0,20.0,1
Super built-up  Area,Other,1280.0,2.0,1.0,100.0,3
Super built-up  Area,Raja Rajeshwari Nagar,1531.0,3.0,3.0,51.77,3
Super built-up  Area,Other,11000.0,4.0,1.0,1600.0,4
Built-up  Area,Anekal,620.0,1.0,1.0,23.5,2
Super built-up  Area,8th Phase JP Nagar,1605.0,2.0,2.0,65.0,3
Super built-up  Area,Thanisandra,1917.0,3.0,2.0,110.0,3
Plot  Area,Nagarbhavi,1200.0,3.0,1.0,340.0,4
Super built-up  Area,Other,2750.0,3.0,2.0,943.0,3
Built-up  Area,Sarjapur  Road,1400.0,3.0,2.0,55.0,3
Built-up  Area,Thubarahalli,2625.0,3.0,3.0,175.0,3
Super built-up  Area,Hennur Road,2041.0,3.0,3.0,128.0,3
Super built-up  Area,Sarjapur  Road,2070.0,4.0,2.0,160.0,3
Super built-up  Area,Hebbal,1110.0,3.0,3.0,59.0,3
Built-up  Area,Other,1650.0,3.0,1.0,110.0,3
Plot  Area,Ambedkar Nagar,3565.0,4.0,3.0,255.0,4
Super built-up  Area,Varthur Road,1033.0,2.0,2.0,30.47,3
Super built-up  Area,HSR Layout,1142.0,2.0,2.0,65.0,2
Super built-up  Area,Other,1500.0,2.0,2.0,75.0,3
Super built-up  Area,Electronic City Phase II,1502.0,3.0,3.0,50.0,3
Super built-up  Area,Other,1176.0,2.0,1.0,45.0,3
Super built-up  Area,Hosa Road,1063.0,2.0,1.0,32.8,2
Built-up  Area,Kammanahalli,1100.0,2.0,1.0,60.0,2
Plot  Area,Other,1044.0,2.0,2.0,85.0,2
Plot  Area,Sarjapur  Road,5400.0,3.0,2.0,700.0,3
Built-up  Area,6th Phase JP Nagar,1216.0,2.0,2.0,60.0,2
Super built-up  Area,Other,1425.0,3.0,2.0,55.0,3
Super built-up  Area,Hosur Road,1345.0,2.0,2.0,108.0,2
Super built-up  Area,Marathahalli,1248.0,2.0,1.0,130.0,2
Plot  Area,Other,1830.0,4.0,2.0,325.0,4
Built-up  Area,Other,900.0,1.0,0.0,130.0,2
Built-up  Area,Bellandur,3600.0,4.0,2.0,245.0,4
Super built-up  Area,Uttarahalli,1025.0,2.0,1.0,35.88,2
Plot  Area,Other,840.0,1.0,1.0,99.0,2
Super built-up  Area,Lakshminarayana Pura,3050.0,2.0,2.0,90.0,3
Super built-up  Area,Kadubeesanahalli,1424.0,2.0,2.0,75.0,3
Built-up  Area,EPIP Zone,2500.0,3.0,1.0,268.0,3
Super built-up  Area,Other,1285.0,2.0,2.0,45.0,2
Super built-up  Area,Babusapalaya,1450.0,2.0,1.0,55.99,2
Super built-up  Area,Raja Rajeshwari Nagar,1160.0,2.0,1.0,70.0,2
Plot  Area,Yelahanka New Town,2700.0,3.0,0.0,350.0,3
Plot  Area,Other,2000.0,2.0,2.0,95.0,3
Super built-up  Area,Uttarahalli,1125.0,2.0,1.0,47.65,2
Built-up  Area,Old Madras Road,3900.0,4.0,2.0,175.0,4
Built-up  Area,Raja Rajeshwari Nagar,1133.0,2.0,1.0,38.37,2
Super built-up  Area,Arekere,1240.0,2.0,2.0,60.0,2
Super built-up  Area,Devanahalli,1466.0,3.0,3.0,77.59,3
Super built-up  Area,Other,3870.0,4.0,2.0,411.0,4
Built-up  Area,Kaggadasapura,1225.0,2.0,2.0,48.0,2
Super built-up  Area,Akshaya Nagar,1300.0,2.0,1.0,54.0,2
Super built-up  Area,Thanisandra,1996.0,4.0,1.0,123.0,3
Super built-up  Area,Other,1320.0,2.0,2.0,55.0,3
Super built-up  Area,Rajaji Nagar,1800.0,3.0,2.0,240.0,3
Super built-up  Area,Other,1835.0,3.0,3.0,175.0,3
Super built-up  Area,Sarjapur  Road,1435.0,3.0,2.0,90.0,3
Super built-up  Area,Whitefield,4097.0,3.0,2.0,400.0,3
Super built-up  Area,Rayasandra,1601.0,3.0,3.0,70.0,3
Super built-up  Area,Kadubeesanahalli,1257.0,2.0,2.0,93.0,2
Super built-up  Area,Iblur Village,3596.0,5.0,1.0,260.0,4
Super built-up  Area,Kasavanhalli,1309.0,2.0,2.0,95.0,2
Plot  Area,Yeshwanthpur,1362.0,2.0,0.0,100.0,2
Super built-up  Area,Whitefield,1115.0,2.0,1.0,55.0,2
Super built-up  Area,Other,1322.0,2.0,1.0,61.99,2
Super built-up  Area,Other,1450.0,2.0,1.0,65.0,3
Super built-up  Area,Banashankari,1185.0,2.0,2.0,67.0,2
Super built-up  Area,7th Phase JP Nagar,1790.0,3.0,3.0,120.0,3
Plot  Area,Whitefield,3450.0,4.0,2.0,208.0,3
Super built-up  Area,Budigere,693.0,1.0,0.0,27.375,1
Plot  Area,Sarjapur  Road,5400.0,4.0,2.0,750.0,4
Super built-up  Area,Devanahalli,775.0,1.0,0.0,39.0,1
Built-up  Area,Hoodi,1000.0,2.0,2.0,48.0,2
Super built-up  Area,Thanisandra,1183.0,2.0,1.0,77.25,2
Super built-up  Area,Other,425.0,1.0,1.0,15.0,1
Built-up  Area,Other,820.0,2.0,2.0,30.0,2
Super built-up  Area,Other,2230.0,4.0,2.0,792.0,4
Built-up  Area,Hebbal,1200.0,2.0,2.0,52.0,2
Super built-up  Area,Ramagondanahalli,1151.0,2.0,2.0,43.6,2
Super built-up  Area,Hulimavu,1320.0,2.0,2.0,59.0,3
Carpet  Area,Other,1450.0,3.0,2.0,68.0,3
Super built-up  Area,Poorna Pragna Layout,1270.0,2.0,3.0,50.79,3
Super built-up  Area,Hegde Nagar,1847.0,3.0,2.0,123.0,3
Super built-up  Area,Devanahalli,1020.0,2.0,1.0,49.87,1
Super built-up  Area,Somasundara Palya,1650.0,3.0,2.0,95.0,3
Super built-up  Area,Other,2380.0,4.0,3.0,242.0,4
Built-up  Area,Electronic City,2400.0,2.0,2.0,78.0,3
Super built-up  Area,Haralur Road,2805.0,4.0,3.0,154.0,4
Super built-up  Area,Mysore Road,1360.0,3.0,0.0,47.6,3
Super built-up  Area,Brookefield,1089.0,2.0,1.0,49.0,2
Super built-up  Area,Yelahanka,1115.0,2.0,2.0,60.0,2
Super built-up  Area,Kudlu Gate,1215.0,2.0,1.0,45.0,2
Super built-up  Area,Sarjapur  Road,1194.0,2.0,1.0,51.0,2
Super built-up  Area,Kannamangala,1536.0,3.0,1.0,104.0,3
Super built-up  Area,Hennur,1255.0,2.0,2.0,55.5,2
Super built-up  Area,Electronic City,1571.0,3.0,2.0,83.0,3
Plot  Area,Other,900.0,1.0,0.0,70.0,2
Super built-up  Area,Other,1517.0,2.0,2.0,125.0,2
Super built-up  Area,Budigere,664.0,1.0,1.0,35.4,1
Super built-up  Area, Devarachikkanahalli,1230.0,2.0,1.0,58.0,2
Super built-up  Area,Hegde Nagar,1340.0,2.0,2.0,72.0,2
Super built-up  Area,Attibele,1175.0,2.0,1.0,29.38,2
Plot  Area,Benson Town,3569.0,4.0,1.0,600.0,4
Super built-up  Area,Sarjapur,1240.0,2.0,2.0,43.1,2
Built-up  Area,Other,1359.9900000000002,2.0,0.0,150.0,3
Super built-up  Area,Electronic City,1470.0,2.0,1.0,44.1,3
Super built-up  Area,Kanakpura Road,525.0,2.0,2.0,29.25,1
Super built-up  Area,7th Phase JP Nagar,1680.0,3.0,2.0,117.0,3
Super built-up  Area,Other,1000.0,2.0,2.0,35.0,2
Super built-up  Area,Gunjur,1071.0,2.0,1.0,51.0,2
Super built-up  Area,Sector 2 HSR Layout,1512.0,3.0,2.0,80.0,3
Built-up  Area,Frazer Town,3435.0,2.0,1.0,341.0,4
Super built-up  Area,Other,3144.0,3.0,1.0,455.0,3
Built-up  Area,Kalyan nagar,1190.0,2.0,1.0,60.0,2
Super built-up  Area,Kanakpura Road,1283.0,2.0,2.0,63.22,2
Built-up  Area,Mallasandra,1325.0,2.0,2.0,73.0,2
Super built-up  Area,Whitefield,1105.0,2.0,1.0,35.36,2
Super built-up  Area,Banaswadi,1600.0,3.0,2.0,74.5,3
Super built-up  Area,Kanakpura Road,800.0,2.0,2.0,41.145,2
Super built-up  Area,Hennur,1100.0,2.0,1.0,44.55,2
Super built-up  Area,Talaghattapura,2099.0,3.0,3.0,147.0,3
Super built-up  Area,Yelachenahalli,1365.0,2.0,1.0,72.0,3
Super built-up  Area,Hebbal Kempapura,1485.0,3.0,3.0,132.0,2
Super built-up  Area,Hosur Road,1250.0,2.0,1.0,55.0,2
Super built-up  Area,Bellandur,1170.0,2.0,1.0,46.79,2
Super built-up  Area,Kanakpura Road,1328.0,2.0,3.0,91.06,2
Super built-up  Area,Hennur Road,1232.0,2.0,1.0,87.0,2
Super built-up  Area,1st Phase JP Nagar,1180.0,2.0,2.0,88.5,2
Super built-up  Area,Electronic City,1350.0,3.0,2.0,66.0,3
Super built-up  Area,Other,3602.0,4.0,2.0,280.0,4
Super built-up  Area,Other,2400.0,4.0,1.0,145.0,4
Super built-up  Area,Electronic City Phase II,1020.0,2.0,2.0,32.0,2
Super built-up  Area,Begur Road,1410.0,2.0,3.0,49.34,3
Built-up  Area,Other,2159.0,3.0,2.0,120.0,3
Super built-up  Area,TC Palaya,1200.0,2.0,0.0,66.0,3
Super built-up  Area,Whitefield,1074.0,2.0,1.0,42.79,2
Plot  Area,Other,1200.0,3.0,2.0,72.0,3
Super built-up  Area,Sarjapur,1170.0,2.0,2.0,35.41,3
Super built-up  Area,Tumkur Road,728.5,1.0,0.0,31.315,1
Super built-up  Area,Bommanahalli,1660.0,2.0,2.0,100.0,3
Built-up  Area,Other,1850.0,3.0,0.0,175.0,6
Built-up  Area,Other,510.0,1.0,0.0,34.0,1
Super built-up  Area,Mahadevpura,1601.0,3.0,2.0,95.0,3
Super built-up  Area,Begur Road,952.0,2.0,1.0,42.0,2
Super built-up  Area,Other,1166.0,2.0,3.0,65.0,2
Built-up  Area,Other,2700.0,2.0,1.0,260.0,3
Built-up  Area,Electronic City Phase II,1900.0,3.0,1.0,97.0,4
Plot  Area,Other,1350.0,2.0,0.0,175.0,3
Super built-up  Area,Haralur Road,1520.0,2.0,2.0,96.0,3
Plot  Area,Other,2100.0,6.0,3.0,100.0,4
Super built-up  Area,Yelenahalli,1175.0,2.0,2.0,50.0,2
Super built-up  Area,Bharathi Nagar,1432.0,2.0,2.0,68.0,2
Super built-up  Area,Bommasandra Industrial Area,1005.0,2.0,1.0,39.77,2
Super built-up  Area,Rajiv Nagar,1309.0,2.0,1.0,80.0,2
Super built-up  Area,Dairy Circle,2251.0,4.0,2.0,370.0,3
Super built-up  Area,7th Phase JP Nagar,1050.0,2.0,1.0,77.0,2
Plot  Area,Sanjay nagar,2400.0,3.0,3.0,310.0,3
Super built-up  Area,Begur Road,1565.0,2.0,2.0,56.34,3
Built-up  Area,Other,940.0,2.0,1.0,56.0,2
Super built-up  Area,Other,1015.0,2.0,1.0,40.1,2
Plot  Area,BTM 2nd Stage,2400.0,2.0,0.0,360.0,3
Super built-up  Area,Electronic City,1652.0,3.0,3.0,110.0,3
Super built-up  Area,Whitefield,1100.0,2.0,2.0,52.0,2
Super built-up  Area,Rajiv Nagar,2340.0,4.0,1.0,145.0,4
Super built-up  Area,Koramangala,1084.0,2.0,1.0,179.0,2
Plot  Area,Kammanahalli,1200.0,1.0,1.0,81.0,2
Super built-up  Area,Other,1400.0,3.0,3.0,69.0,3
Plot  Area,HBR Layout,2400.0,5.0,0.0,320.0,4
Super built-up  Area,Electronic City Phase II,1020.0,2.0,1.0,27.43,2
Super built-up  Area,Whitefield,1267.0,2.0,1.0,90.33,2
Super built-up  Area,Bhoganhalli,2439.0,4.0,3.0,185.0,4
Built-up  Area,Other,1645.0,3.0,2.0,95.0,3
Built-up  Area,Electronic City,1320.0,2.0,1.0,38.12,3
Super built-up  Area,Ananth Nagar,1000.0,2.0,1.0,29.7,2
Built-up  Area,Whitefield,5000.0,5.0,2.0,550.0,4
Built-up  Area,KR Puram,2500.0,6.0,3.0,58.0,6
Plot  Area,Kengeri Satellite Town,2480.0,2.0,1.0,160.0,2
Built-up  Area,Kalyan nagar,1086.0,2.0,2.0,44.5,2
Super built-up  Area,Kengeri,416.0,1.0,1.0,18.0,1
Built-up  Area,Hennur Road,1066.0,2.0,1.0,52.23,2
Super built-up  Area,OMBR Layout,1730.0,3.0,1.0,93.0,3
Super built-up  Area,Balagere,1205.0,2.0,1.0,63.86,2
Super built-up  Area,Marathahalli,2500.0,5.0,2.0,175.0,4
Super built-up  Area,Subramanyapura,960.0,2.0,1.0,55.0,2
Super built-up  Area,Haralur Road,1510.0,3.0,2.0,83.05,3
Built-up  Area,Other,1600.0,4.0,2.0,90.0,4
Built-up  Area,Old Madras Road,2300.0,3.0,2.0,142.0,3
Built-up  Area,Other,1000.0,2.0,1.0,63.0,2
Super built-up  Area,Hormavu,1553.0,2.0,2.0,58.23,3
Super built-up  Area,Frazer Town,3436.0,5.0,2.0,345.0,4
Super built-up  Area,Seegehalli,1134.0,2.0,2.0,45.0,2
Plot  Area,Horamavu Agara,2400.0,3.0,3.0,80.0,5
Plot  Area,Whitefield,2400.0,4.0,1.0,143.0,4
Super built-up  Area,Other,1350.0,2.0,2.0,65.0,2
Super built-up  Area,Sarjapur,1032.0,2.0,1.0,42.0,2
Super built-up  Area,Other,1998.0,3.0,2.0,117.0,3
Super built-up  Area,Murugeshpalya,1225.0,2.0,2.0,48.0,2
Super built-up  Area,Sarjapur  Road,1262.0,2.0,2.0,67.0,2
Super built-up  Area,Other,1300.0,2.0,2.0,60.0,2
Super built-up  Area,Kothannur,1070.0,2.0,2.0,38.6,2
Built-up  Area,Other,950.0,2.0,1.0,33.0,2
Super built-up  Area,Balagere,1012.0,2.0,1.0,53.58,2
Built-up  Area,TC Palaya,1000.0,2.0,0.0,70.0,2
Super built-up  Area,Kadugodi,1394.0,2.0,2.0,56.0,2
Super built-up  Area,Amruthahalli,1450.0,2.0,1.0,85.0,3
Super built-up  Area,Other,527.0,1.0,0.0,35.0,1
Super built-up  Area,Sarjapur  Road,1693.0,3.0,2.0,125.0,3
Super built-up  Area,Horamavu Agara,1000.0,2.0,1.0,46.0,2
Built-up  Area,Kogilu,952.0,2.0,2.0,49.0,2
Super built-up  Area,Malleshwaram,2050.0,4.0,2.0,270.0,3
Super built-up  Area,Kengeri,1200.0,1.0,1.0,14.0,1
Super built-up  Area,Mysore Road,1410.0,2.0,2.0,64.0,3
Super built-up  Area,Hebbal Kempapura,1400.0,2.0,2.0,108.0,2
Plot  Area,Chikka Tirupathi,3056.0,5.0,2.0,100.0,4
Super built-up  Area,Sarjapur  Road,1826.0,3.0,2.0,125.0,3
Super built-up  Area,Hosur Road,1689.0,3.0,2.0,103.0,3
Super built-up  Area,Bisuvanahalli,1075.0,2.0,1.0,31.0,3
Super built-up  Area,Hennur,960.0,2.0,1.0,48.0,2
Built-up  Area,Channasandra,808.0,2.0,1.0,40.0,2
Super built-up  Area,Kodichikkanahalli,907.0,2.0,2.0,38.5,2
Super built-up  Area,Uttarahalli,1300.0,2.0,2.0,55.0,2
Super built-up  Area,Other,1804.0,3.0,2.0,150.0,3
Super built-up  Area,Other,1350.0,3.0,2.0,81.0,3
Super built-up  Area,Whitefield,1836.0,3.0,2.0,125.0,3
Super built-up  Area,Other,826.0,2.0,2.0,36.0,2
Super built-up  Area,Hormavu,1200.0,2.0,3.0,68.0,2
Super built-up  Area,1st Block Koramangala,3000.0,3.0,3.0,300.0,4
Plot  Area,Indira Nagar,2400.0,4.0,2.0,405.0,4
Super built-up  Area,6th Phase JP Nagar,1460.0,2.0,2.0,80.0,2
Plot  Area,Hoskote,1200.0,4.0,3.0,140.0,4
Super built-up  Area,BTM 2nd Stage,965.0,2.0,2.0,56.0,2
Carpet  Area,Kothannur,2000.0,4.0,2.0,95.0,4
Super built-up  Area,Bhoganhalli,1395.0,2.0,2.0,70.0,3
Super built-up  Area,Sarjapur  Road,1660.0,3.0,2.0,116.0,3
Super built-up  Area,Other,935.0,2.0,2.0,35.0,2
Super built-up  Area,Other,1180.0,2.0,1.0,39.0,2
Built-up  Area,Electronic City,1090.0,2.0,1.0,31.48,2
Super built-up  Area,Kanakpura Road,1204.0,2.0,1.0,82.0,2
Super built-up  Area,Thigalarapalya,2072.0,4.0,2.0,153.0,3
Built-up  Area,Haralur Road,1056.0,2.0,1.0,65.0,2
Super built-up  Area,Hebbal,985.0,2.0,2.0,62.0,2
Super built-up  Area,Banashankari Stage V,1315.0,2.0,2.0,49.0,3
Built-up  Area,KR Puram,734.0,2.0,1.0,22.0,2
Built-up  Area,Kammanahalli,2900.0,4.0,2.0,200.0,4
Super built-up  Area,Yelahanka,2317.0,4.0,3.0,140.0,3
Built-up  Area,Singasandra,600.0,1.0,0.0,45.0,1
Built-up  Area,Other,2200.0,3.0,0.0,115.0,4
Super built-up  Area,Attibele,656.0,2.0,1.0,25.0,2
Built-up  Area,Attibele,400.0,1.0,1.0,11.5,1
Super built-up  Area,Yeshwanthpur,666.0,1.0,1.0,36.8,1
Plot  Area,Kadubeesanahalli,3293.0,5.0,2.0,425.0,4
Super built-up  Area,7th Phase JP Nagar,1174.0,2.0,1.0,47.0,2
Super built-up  Area,Budigere,1153.0,2.0,2.0,56.7,2
Built-up  Area,Narayanapura,2400.0,5.0,2.0,85.0,5
Super built-up  Area,Marathahalli,957.0,2.0,1.0,47.0,2
Built-up  Area,Banashankari Stage III,910.0,2.0,2.0,160.0,2
Built-up  Area,Sarjapur  Road,1060.0,2.0,1.0,50.0,2
Super built-up  Area,Banashankari,1000.0,2.0,1.0,50.0,2
Super built-up  Area,Kanakpura Road,1843.0,3.0,2.0,88.0,3
Super built-up  Area,Kanakpura Road,1150.0,2.0,2.0,40.25,3
Super built-up  Area,Kodihalli,3197.0,5.0,2.0,335.0,4
Super built-up  Area,Kaval Byrasandra,1125.0,2.0,1.0,41.5,2
Super built-up  Area,Battarahalli,1516.0,3.0,3.0,65.0,3
Super built-up  Area,Brookefield,1130.0,2.0,2.0,56.0,2
Super built-up  Area,Iblur Village,3596.0,5.0,1.0,279.0,4
Super built-up  Area,Hosa Road,1512.0,3.0,2.0,103.0,3
Built-up  Area,Thanisandra,1491.0,3.0,1.0,88.0,3
Super built-up  Area,Cox Town,1250.0,2.0,2.0,95.0,2
Super built-up  Area,Banashankari,1650.0,3.0,2.0,90.75,3
Super built-up  Area,Raja Rajeshwari Nagar,1140.0,2.0,1.0,48.7,2
Plot  Area,Other,1200.0,4.0,1.0,110.0,4
Super built-up  Area,Thanisandra,1881.0,3.0,2.0,95.0,3
Super built-up  Area,Kanakpura Road,1100.0,3.0,2.0,56.57,3
Super built-up  Area,Iblur Village,2666.0,4.0,1.0,200.0,3
Super built-up  Area,Other,1500.0,2.0,1.0,50.0,2
Super built-up  Area,Other,1217.0,2.0,1.0,164.0,2
Built-up  Area,Whitefield,1197.0,2.0,1.0,50.0,2
Built-up  Area,Other,2400.0,4.0,1.0,170.0,6
Built-up  Area,Gollarapalya Hosahalli,1345.0,3.0,2.0,60.0,3
Plot  Area,KR Puram,1200.0,4.0,2.0,100.0,4
Super built-up  Area,Bannerghatta Road,3230.0,5.0,0.0,165.0,4
Super built-up  Area,Banashankari Stage II,1260.0,2.0,1.0,95.0,3
Built-up  Area,Sarjapur  Road,2750.0,5.0,1.0,240.0,4
Plot  Area,9th Phase JP Nagar,1200.0,2.0,0.0,80.0,2
Built-up  Area,Other,1650.0,3.0,0.0,52.0,3
Super built-up  Area,Other,600.0,1.0,0.0,45.0,1
Super built-up  Area,Uttarahalli,1025.0,2.0,1.0,35.88,2
Super built-up  Area,Sarjapur,2302.5,2.0,2.0,80.59,4
Super built-up  Area,Hennur Road,973.0,2.0,1.0,56.0,2
Super built-up  Area,Other,4110.0,4.0,2.0,590.0,4
Super built-up  Area,Rajaji Nagar,2533.0,3.0,3.0,425.0,3
Super built-up  Area,Balagere,1007.0,2.0,1.0,75.0,2
Super built-up  Area,Hosa Road,800.0,1.0,0.0,39.99,1
Built-up  Area,Sarjapur  Road,1830.0,3.0,1.0,119.0,3
Super built-up  Area,Nagavara,1077.0,2.0,1.0,50.0,2
Plot  Area,Other,672.0,1.0,1.0,27.0,1
Plot  Area,Other,1280.0,3.0,0.0,87.0,3
Built-up  Area,Electronics City Phase 1,865.0,2.0,0.0,40.0,2
Super built-up  Area,Kalena Agrahara,1000.0,2.0,2.0,33.0,2
Super built-up  Area,CV Raman Nagar,1285.0,2.0,2.0,65.0,2
Super built-up  Area,Thanisandra,662.0,1.0,1.0,29.0,1
Plot  Area,Whitefield,2297.0,5.0,2.0,269.0,5
Plot  Area,Sarjapura - Attibele Road,3750.0,6.0,3.0,295.0,5
Super built-up  Area,Kalkere,1850.0,3.0,3.0,95.0,3
Super built-up  Area,Harlur,1754.0,3.0,2.0,132.0,3
Plot  Area,1st Phase JP Nagar,2200.0,7.0,2.0,350.0,5
Super built-up  Area,Other,1567.0,3.0,1.0,100.0,3
Super built-up  Area,Hoskote,1695.0,3.0,3.0,50.0,3
Super built-up  Area,Bellandur,1150.0,2.0,1.0,69.44,2
Built-up  Area,1st Block Koramangala,2350.0,3.0,2.0,210.0,3
Super built-up  Area,Karuna Nagar,1057.0,2.0,1.0,65.0,2
Super built-up  Area,Hebbal,1320.0,2.0,1.0,91.0,2
Super built-up  Area,Other,1125.0,2.0,1.0,48.0,2
Super built-up  Area,Kanakpura Road,2254.0,3.0,2.0,170.0,3
Super built-up  Area,Balagere,645.0,1.0,1.0,34.18,1
Super built-up  Area,Rachenahalli,1050.0,2.0,2.0,52.08,2
Super built-up  Area,Panathur,1040.0,2.0,1.0,41.6,2
Super built-up  Area,Sarjapur  Road,1700.0,3.0,1.0,194.0,3
Super built-up  Area,1st Block Jayanagar,1760.0,3.0,2.0,115.0,3
Super built-up  Area,Bellandur,1138.0,3.0,2.0,128.0,3
Super built-up  Area,Sarjapur  Road,984.0,2.0,1.0,45.91,2
Built-up  Area,Raja Rajeshwari Nagar,1140.0,2.0,2.0,38.65,2
Super built-up  Area,Whitefield,3596.0,3.0,1.0,200.0,3
Super built-up  Area,Kalkere,1365.0,3.0,2.0,54.0,3
Super built-up  Area,Other,560.0,1.0,0.0,19.0,1
Super built-up  Area,Bellandur,1540.0,4.0,3.0,45.0,4
Built-up  Area,Electronic City,1050.0,2.0,1.0,39.0,3
Super built-up  Area,Rachenahalli,1550.0,3.0,3.0,72.5,3
Super built-up  Area,Yelahanka,1653.0,3.0,3.0,93.0,3
Super built-up  Area,Other,1471.0,2.0,3.0,75.0,3
Super built-up  Area,Kanakpura Road,700.0,2.0,1.0,35.0,2
Built-up  Area,Kudlu Gate,812.0,2.0,1.0,38.25,2
Super built-up  Area,8th Phase JP Nagar,1504.0,2.0,2.0,83.0,3
Super built-up  Area,Mahadevpura,1450.0,3.0,2.0,75.0,3
Super built-up  Area,Kannamangala,957.0,2.0,2.0,54.5,2
Carpet  Area,Attibele,460.0,1.0,1.0,13.0,1
Plot  Area,Other,900.0,2.0,0.0,128.0,2
Super built-up  Area,Budigere,1820.0,3.0,2.0,85.0,3
Super built-up  Area,Varthur Road,1033.0,2.0,2.0,32.0,2
Plot  Area,Kumaraswami Layout,800.0,1.0,1.0,90.0,2
Plot  Area,Other,520.0,2.0,0.0,29.0,1
Super built-up  Area,OMBR Layout,1165.0,2.0,2.0,88.5,2
Super built-up  Area,Gottigere,1280.0,2.0,1.0,61.0,2
Built-up  Area,Other,1950.0,3.0,3.0,230.0,3
Plot  Area,Other,600.0,1.0,0.0,58.0,1
Super built-up  Area,Kanakpura Road,1550.0,3.0,3.0,65.1,3
Super built-up  Area,Nagavarapalya,1392.0,2.0,1.0,130.0,2
Super built-up  Area,Jigani,1221.0,3.0,3.0,75.0,3
Super built-up  Area,Other,1000.0,1.0,1.0,19.0,1
Built-up  Area,Other,1300.0,2.0,2.0,60.0,2
Built-up  Area,Hoskote,1065.0,2.0,3.0,31.5,2
Built-up  Area,Yelahanka New Town,1209.0,2.0,3.0,65.0,3
Plot  Area,Other,375.0,1.0,0.0,40.0,1
Plot  Area,Other,7800.0,3.0,2.0,2000.0,3
Super built-up  Area,Sarjapur  Road,1929.0,4.0,1.0,101.0,3
Built-up  Area,Hennur Road,1255.0,2.0,1.0,84.0,2
Super built-up  Area,Jalahalli,1035.0,2.0,1.0,31.05,2
Plot  Area,Other,1200.0,5.0,2.0,270.0,4
Super built-up  Area,Banashankari,1650.0,3.0,2.0,101.0,3
Built-up  Area,Whitefield,1275.0,2.0,3.0,65.0,3
Super built-up  Area,Electronic City,1128.0,2.0,1.0,65.58,2
Plot  Area,OMBR Layout,1200.0,4.0,2.0,200.0,4
Super built-up  Area,Thanisandra,1183.0,2.0,2.0,58.56,2
Super built-up  Area,Whitefield,1155.0,2.0,1.0,39.0,2
Super built-up  Area,Kengeri,1245.0,2.0,2.0,43.57,3
Built-up  Area,Akshaya Nagar,1000.0,2.0,1.0,38.0,2
Super built-up  Area,7th Phase JP Nagar,1040.0,2.0,1.0,75.0,2
Super built-up  Area,Other,1477.0,2.0,2.0,75.0,3
Super built-up  Area,Sarjapur  Road,1525.0,2.0,2.0,65.0,3
Super built-up  Area,Other,1220.0,2.0,1.0,65.0,2
Super built-up  Area,Hebbal,2388.0,3.0,1.0,195.0,3
Super built-up  Area,Electronic City,1355.0,2.0,1.0,97.6,2
Built-up  Area,Whitefield,1141.0,2.0,1.0,62.0,2
Super built-up  Area,Vijayanagar,1046.0,2.0,0.0,49.06,2
Super built-up  Area,Bannerghatta Road,630.0,1.0,2.0,35.0,1
Super built-up  Area,Pattandur Agrahara,1247.0,2.0,2.0,62.35,2
Built-up  Area,Marathahalli,3855.0,4.0,3.0,220.0,4
Super built-up  Area,Other,850.0,2.0,1.0,32.5,2
Super built-up  Area,KR Puram,1120.0,2.0,2.0,36.0,2
Super built-up  Area,Jakkur,1798.0,3.0,1.0,110.0,3
Built-up  Area,Bisuvanahalli,1180.0,2.0,1.0,45.0,3
Super built-up  Area,Kereguddadahalli,1000.0,2.0,1.0,34.0,2
Super built-up  Area,Whitefield,1216.0,2.0,1.0,82.0,2
Built-up  Area,Margondanahalli,900.0,2.0,0.0,65.0,2
Built-up  Area,TC Palaya,1100.0,2.0,0.0,65.0,2
Super built-up  Area,Whitefield,1495.0,3.0,3.0,88.0,2
Super built-up  Area,Kanakpura Road,1700.0,3.0,3.0,120.0,3
Super built-up  Area,Whitefield,1564.0,3.0,1.0,103.0,3
Super built-up  Area,Other,1256.0,2.0,1.0,65.0,2
Super built-up  Area,Kundalahalli,1047.0,2.0,1.0,89.0,2
Super built-up  Area,Bhoganhalli,1458.0,3.0,1.0,78.45,3
Super built-up  Area,Hoodi,1063.0,2.0,1.0,61.17,2
Super built-up  Area,Sadashiva Nagar,7400.0,5.0,2.0,1850.0,4
Super built-up  Area,Garudachar Palya,1150.0,2.0,1.0,52.5,2
Built-up  Area,Chandapura,450.0,1.0,1.0,9.0,1
Built-up  Area,Ramamurthy Nagar,1360.0,2.0,0.0,45.0,2
Built-up  Area,Marathahalli,1605.0,3.0,2.0,76.0,3
Carpet  Area,Nagarbhavi,1200.0,4.0,2.0,205.0,3
Super built-up  Area,Haralur Road,1810.0,3.0,2.0,100.0,3
Super built-up  Area,LB Shastri Nagar,1250.0,2.0,2.0,48.5,2
Built-up  Area,R.T. Nagar,1100.0,3.0,0.0,125.0,2
Super built-up  Area,Dommasandra,850.0,2.0,1.0,25.4,2
Built-up  Area,Electronic City Phase II,1025.0,2.0,1.0,26.65,2
Built-up  Area,Uttarahalli,980.0,2.0,1.0,45.0,2
Super built-up  Area,Other,1428.0,2.0,1.0,70.0,3
Super built-up  Area,Other,1130.0,2.0,2.0,74.0,2
Super built-up  Area,JP Nagar,2050.0,3.0,3.0,82.0,3
Super built-up  Area,Other,1407.0,2.0,1.0,83.87,2
Super built-up  Area,Cunningham Road,4170.0,3.0,2.0,800.0,3
Super built-up  Area,Whitefield,1585.0,3.0,1.0,84.0,3
Built-up  Area,Jakkur,1785.0,3.0,2.0,130.0,3
Built-up  Area,Other,900.0,2.0,3.0,45.0,2
Plot  Area,Other,1350.0,4.0,2.0,160.0,4
Super built-up  Area,Kanakpura Road,1843.0,3.0,2.0,96.2,3
Super built-up  Area,Other,2375.0,3.0,2.0,260.0,4
Super built-up  Area,Other,1200.0,2.0,1.0,67.0,2
Super built-up  Area,Akshaya Nagar,1113.0,2.0,1.0,52.0,2
Super built-up  Area,Anekal,1150.0,3.0,2.0,45.0,3
Super built-up  Area,Yeshwanthpur,770.0,1.0,1.0,70.0,2
Super built-up  Area,Kodichikkanahalli,1181.0,2.0,2.0,57.0,2
Super built-up  Area,Kanakpura Road,1550.0,3.0,3.0,64.7,3
Super built-up  Area,1st Phase JP Nagar,1200.0,2.0,2.0,86.0,2
Super built-up  Area,Raja Rajeshwari Nagar,1295.0,2.0,2.0,55.47,2
Super built-up  Area,Lingadheeranahalli,1506.0,3.0,1.0,95.0,3
Built-up  Area,Other,1872.0,3.0,2.0,152.0,3
Super built-up  Area,Sarjapur  Road,2900.0,4.0,2.0,240.0,4
Super built-up  Area,Abbigere,1326.0,2.0,1.0,35.0,3
Super built-up  Area,Talaghattapura,1040.0,2.0,1.0,33.28,2
Super built-up  Area,Hennur,1020.0,2.0,1.0,48.0,2
Super built-up  Area,Other,1400.0,3.0,2.0,90.0,3
Plot  Area,Other,812.0,1.0,1.0,26.0,1
Super built-up  Area,Other,829.0,2.0,1.0,22.8,2
Plot  Area,Sanjay nagar,2700.0,4.0,2.0,350.0,4
Super built-up  Area,Kanakpura Road,1500.0,3.0,1.0,72.99,3
Built-up  Area,Ananth Nagar,850.0,2.0,1.0,25.99,2
Built-up  Area,Kaval Byrasandra,1180.0,2.0,2.0,60.0,2
Super built-up  Area,Cunningham Road,5108.0,5.0,2.0,995.0,4
Super built-up  Area,Channasandra,1010.0,2.0,1.0,36.0,2
Built-up  Area,Marathahalli,1350.0,2.0,2.0,60.0,2
Built-up  Area,Talaghattapura,1100.0,2.0,0.0,50.0,2
Super built-up  Area,Kanakpura Road,1450.0,2.0,2.0,62.93,3
Super built-up  Area,Raja Rajeshwari Nagar,1133.0,2.0,2.0,40.0,2
Super built-up  Area,Thanisandra,1564.0,3.0,2.0,100.0,3
Plot  Area,Doddaballapur,640.0,1.0,0.0,10.5,2
Super built-up  Area,Thigalarapalya,2072.0,4.0,2.0,157.0,3
Super built-up  Area,Kanakapura,1460.0,2.0,3.0,51.1,3
Super built-up  Area,Other,600.0,2.0,1.0,35.0,1
Built-up  Area,Other,700.0,2.0,1.0,35.0,2
Super built-up  Area,Yelahanka,654.0,1.0,1.0,38.0,1
Super built-up  Area,Other,1105.0,2.0,2.0,50.0,2
Super built-up  Area,Hebbal Kempapura,1800.0,3.0,3.0,150.0,3
Plot  Area,Yelachenahalli,1200.0,2.0,2.0,160.0,2
Super built-up  Area,Other,1000.0,2.0,1.0,51.0,2
Built-up  Area,HSR Layout,3500.0,5.0,0.0,350.0,5
Super built-up  Area,Other,1240.0,2.0,1.0,63.0,3
Super built-up  Area,Bellandur,1200.0,2.0,3.0,45.0,2
Super built-up  Area,Yelahanka New Town,1400.0,2.0,2.0,80.0,3
Super built-up  Area,Other,1393.0,3.0,2.0,54.0,3
Super built-up  Area,Whitefield,1140.0,2.0,2.0,50.0,2
Built-up  Area,Other,1640.0,3.0,2.0,70.0,3
Plot  Area,Other,1200.0,2.0,0.0,62.0,2
Built-up  Area,Rajaji Nagar,720.0,2.0,2.0,65.0,2
Super built-up  Area,Yelenahalli,1650.0,3.0,3.0,68.0,3
Super built-up  Area,Nagavara,2496.0,4.0,2.0,125.0,4
Super built-up  Area,9th Phase JP Nagar,905.0,2.0,1.0,32.0,2
Super built-up  Area,Other,1600.0,3.0,1.0,125.0,3
Super built-up  Area,Chikkalasandra,1070.0,2.0,1.0,45.48,2
Plot  Area,Other,8400.0,5.0,2.0,1675.0,4
Built-up  Area,Koramangala,1200.0,2.0,2.0,100.0,2
Plot  Area,Indira Nagar,1800.0,5.0,2.0,350.0,5
Built-up  Area,8th Phase JP Nagar,2600.0,4.0,2.0,115.0,4
Super built-up  Area,Old Airport Road,1145.0,2.0,2.0,75.0,2
Super built-up  Area,Other,1495.0,3.0,2.0,55.0,3
Plot  Area,Other,1200.0,2.0,1.0,300.0,3
Built-up  Area,Other,1400.0,3.0,2.0,53.0,3
Built-up  Area,Whitefield,1558.0,3.0,2.0,90.0,3
Super built-up  Area,Balagere,1007.0,2.0,1.0,53.0,2
Super built-up  Area,Ananth Nagar,902.0,2.0,1.0,25.26,2
Super built-up  Area,Other,1054.0,2.0,1.0,53.0,2
Super built-up  Area,Uttarahalli,1135.0,2.0,3.0,39.73,3
Super built-up  Area,Gollarapalya Hosahalli,996.0,2.0,2.0,49.0,2
Super built-up  Area,Other,1275.0,2.0,2.0,47.0,2
Plot  Area,NRI Layout,1250.0,2.0,0.0,75.0,2
Built-up  Area,Hennur,2502.0,4.0,2.0,170.0,4
Super built-up  Area,Other,1394.0,2.0,3.0,52.0,2
Super built-up  Area,Other,1075.0,2.0,1.0,57.0,2
Built-up  Area,Indira Nagar,1500.0,3.0,3.0,120.0,3
Super built-up  Area,Rayasandra,1708.0,3.0,1.0,76.0,4
Plot  Area,Whitefield,1500.0,3.0,1.0,250.0,3
Built-up  Area,Other,1800.0,4.0,3.0,115.0,3
Super built-up  Area,Harlur,1532.0,2.0,1.0,65.0,2
Super built-up  Area,Hosa Road,1726.0,3.0,2.0,81.99,3
Super built-up  Area,Other,1220.0,2.0,2.0,54.89,2
Super built-up  Area,Chikkalasandra,1100.0,2.0,2.0,50.0,2
Super built-up  Area,Electronics City Phase 1,1530.0,3.0,3.0,40.0,3
Super built-up  Area,Hosa Road,840.0,2.0,1.0,28.0,2
Super built-up  Area,Bommanahalli,1250.0,4.0,3.0,39.0,3
Super built-up  Area,CV Raman Nagar,1030.0,2.0,2.0,35.0,2
Super built-up  Area,Other,1499.0,3.0,2.0,89.0,3
Super built-up  Area,Other,1280.0,2.0,3.0,55.0,3
Built-up  Area,Munnekollal,1170.0,2.0,2.0,59.0,2
Plot  Area,Chikka Tirupathi,2646.0,3.0,2.0,99.0,3
Super built-up  Area,Other,1161.0,2.0,3.0,36.69,2
Plot  Area,Yelahanka,1633.0,2.0,1.0,72.0,2
Built-up  Area,Other,1050.0,2.0,2.0,65.0,2
Plot  Area,Hennur Road,1650.0,5.0,3.0,309.0,4
Super built-up  Area,Varthur Road,552.5,1.0,0.0,13.26,1
Super built-up  Area,Attibele,418.0,2.0,1.0,11.5,1
Super built-up  Area,Other,905.0,2.0,2.0,50.0,2
Super built-up  Area,Raja Rajeshwari Nagar,1510.0,2.0,2.0,55.0,3
Super built-up  Area,Chikkalasandra,1390.0,2.0,3.0,60.47,3
Super built-up  Area,Kasturi Nagar,1101.0,2.0,2.0,66.0,2
Super built-up  Area,Other,2736.0,4.0,2.0,130.0,4
Super built-up  Area,EPIP Zone,2350.0,4.0,2.0,163.0,3
Super built-up  Area,Other,1056.0,2.0,2.0,55.0,2
Super built-up  Area,Kanakpura Road,1425.0,2.0,2.0,49.88,3
Super built-up  Area,Electronics City Phase 1,1450.0,3.0,1.0,70.0,3
Built-up  Area,Pai Layout,1000.0,2.0,2.0,34.0,2
Super built-up  Area,Haralur Road,575.0,1.0,1.0,38.0,1
Plot  Area,Kanakpura Road,2000.0,2.0,0.0,180.0,3
Built-up  Area,Other,1770.0,3.0,2.0,90.0,3
Super built-up  Area,Other,3155.0,3.0,2.0,315.0,3
Plot  Area,Anandapura,616.0,3.0,1.0,45.0,2
Super built-up  Area,JP Nagar,745.0,1.0,0.0,34.27,1
Built-up  Area,Other,6500.0,7.0,1.0,104.0,7
Plot  Area,Other,2400.0,4.0,1.0,650.0,4
Super built-up  Area,Kudlu Gate,1547.0,2.0,2.0,103.0,2
Super built-up  Area,Panathur,1713.0,3.0,1.0,120.0,3
Plot  Area,Sarjapur,3300.0,4.0,2.0,430.0,4
Super built-up  Area,Yeshwanthpur,1856.0,4.0,2.0,180.0,3
Super built-up  Area,Other,1152.0,2.0,1.0,57.0,2
Super built-up  Area,Dodda Nekkundi,1100.0,2.0,1.0,46.75,2
Super built-up  Area,Narayanapura,2357.0,3.0,2.0,135.0,3
Super built-up  Area,Akshaya Nagar,1820.0,4.0,2.0,95.0,3
Super built-up  Area,Kannamangala,1865.0,3.0,1.0,139.0,3
Built-up  Area,Kanakpura Road,1240.0,2.0,2.0,65.0,2
Super built-up  Area,Padmanabhanagar,1360.0,3.0,1.0,75.0,3
Built-up  Area,Other,4200.0,4.0,2.0,255.0,4
Super built-up  Area,Electronics City Phase 1,1450.0,2.0,2.0,63.51,3
Super built-up  Area,Budigere,1139.0,2.0,2.0,72.0,2
Super built-up  Area,Begur Road,1565.0,2.0,2.0,56.0,3
Plot  Area,Anjanapura,1200.0,3.0,2.0,165.0,3
Super built-up  Area,Nagappa Reddy Layout,1200.0,2.0,2.0,39.0,2
Super built-up  Area,Yeshwanthpur,1855.0,3.0,3.0,140.0,3
Plot  Area,Margondanahalli,1100.0,2.0,1.0,55.0,2
Built-up  Area,Other,1350.0,2.0,2.0,65.0,3
Super built-up  Area,Old Madras Road,2266.0,3.0,2.0,207.0,3
Super built-up  Area,Hosur Road,660.0,1.0,1.0,23.0,1
Built-up  Area,Kodihalli,1490.0,2.0,1.0,150.0,2
Super built-up  Area,Kambipura,1083.0,2.0,1.0,48.0,3
Super built-up  Area,Hennur Road,1232.0,2.0,1.0,83.0,2
Super built-up  Area,Raja Rajeshwari Nagar,1550.0,3.0,1.0,86.8,3
Super built-up  Area,Whitefield,1227.0,2.0,2.0,70.0,2
Super built-up  Area,Sarjapur  Road,1059.0,2.0,2.0,68.0,2
Super built-up  Area,Mahadevpura,1152.0,2.0,1.0,54.0,2
Super built-up  Area,Kenchenahalli,870.0,1.0,1.0,45.0,2
Super built-up  Area,Panathur,1210.0,2.0,1.0,78.0,2
Super built-up  Area,Thanisandra,663.0,1.0,0.0,46.1,1
Super built-up  Area,Other,1464.0,2.0,1.0,135.0,3
Built-up  Area,Kadubeesanahalli,1365.0,3.0,1.0,80.0,3
Super built-up  Area,Whitefield,1704.0,3.0,1.0,120.0,3
Super built-up  Area,Whitefield,1495.0,2.0,2.0,60.55,3
Super built-up  Area,Whitefield,1256.0,2.0,2.0,73.0,2
Built-up  Area,Kengeri,883.0,2.0,0.0,49.0,2
Built-up  Area,Bisuvanahalli,1080.0,2.0,1.0,45.0,3
Super built-up  Area,9th Phase JP Nagar,1073.0,2.0,1.0,52.36,2
Super built-up  Area,Rajaji Nagar,3000.0,6.0,3.0,250.0,6
Super built-up  Area,Other,1300.0,2.0,3.0,32.0,2
Built-up  Area,Thanisandra,662.0,1.0,0.0,45.0,1
Super built-up  Area,Other,1200.0,2.0,2.0,75.0,2
Built-up  Area,5th Phase JP Nagar,1550.0,3.0,3.0,75.0,3
Super built-up  Area,Other,1707.0,3.0,2.0,171.0,3
Super built-up  Area,Banashankari,1310.0,2.0,2.0,80.43,2
Super built-up  Area,Sarjapur  Road,1577.0,3.0,2.0,65.0,3
Super built-up  Area,Kodigehaali,1324.0,3.0,2.0,65.0,3
Super built-up  Area,Kothanur,1786.0,2.0,2.0,106.0,3
Super built-up  Area,Other,565.0,1.0,1.0,33.0,1
Built-up  Area,Electronic City,635.0,1.0,1.0,28.0,1
Plot  Area,Kalyan nagar,3000.0,8.0,2.0,400.0,6
Super built-up  Area,8th Phase JP Nagar,1368.0,2.0,1.0,54.71,3
Super built-up  Area,Kanakpura Road,1450.0,3.0,3.0,55.0,3
Super built-up  Area,Devanahalli,1045.0,2.0,2.0,48.0,2
Super built-up  Area,Electronic City,1128.0,2.0,1.0,65.4,2
Built-up  Area,Bhoganhalli,1125.0,2.0,1.0,54.0,2
Super built-up  Area,Whitefield,1195.0,2.0,1.0,62.38,2
Plot  Area,Other,630.0,2.0,1.0,70.0,1
Plot  Area,Kaggadasapura,1350.0,2.0,0.0,105.0,3
Super built-up  Area,Domlur,1740.0,3.0,0.0,120.0,3
Super built-up  Area,Bommasandra,877.0,2.0,1.0,29.0,2
Built-up  Area,Whitefield,1770.0,4.0,1.0,68.0,3
Super built-up  Area,Yelahanka New Town,450.0,1.0,1.0,15.0,1
Plot  Area,Other,1000.0,2.0,1.0,55.0,2
Super built-up  Area,Whitefield,1300.0,2.0,2.0,78.0,2
Super built-up  Area,Doddathoguru,1300.0,2.0,1.0,42.0,3
Built-up  Area,Other,1045.0,2.0,2.0,42.0,2
Super built-up  Area,Other,1250.0,2.0,1.0,62.4,2
Plot  Area,Other,2400.0,4.0,1.0,130.0,3
Super built-up  Area,Kanakpura Road,1420.0,3.0,3.0,68.0,3
Built-up  Area,Other,1720.0,3.0,3.0,83.0,3
Plot  Area,Anandapura,1200.0,2.0,0.0,66.0,3
Super built-up  Area,Whitefield,1570.0,3.0,3.0,88.0,3
Super built-up  Area,Sarjapur  Road,1157.0,2.0,1.0,74.0,3
Super built-up  Area,Kanakapura,1120.0,2.0,2.0,39.2,2
Super built-up  Area,Kenchenahalli,1150.0,2.0,2.0,60.0,2
Plot  Area,Hebbal Kempapura,2400.0,5.0,2.0,200.0,5
Super built-up  Area,6th Phase JP Nagar,2003.0,3.0,3.0,200.0,3
Carpet  Area,Other,1100.0,2.0,2.0,70.0,2
Super built-up  Area,Kodichikkanahalli,900.0,2.0,1.0,42.0,2
Super built-up  Area,Talaghattapura,1372.0,2.0,1.0,43.9,3
Plot  Area,Chikka Tirupathi,4500.0,5.0,3.0,150.0,4
Super built-up  Area,Bisuvanahalli,1180.0,2.0,1.0,55.5,3
Super built-up  Area,Electronic City,1096.0,2.0,2.0,39.0,2
Super built-up  Area,Yeshwanthpur,2504.0,3.0,3.0,138.0,3
Built-up  Area,Other,420.0,1.0,1.0,23.5,1
Super built-up  Area,Hennur Road,1832.0,3.0,1.0,116.0,3
Built-up  Area,Other,940.0,2.0,1.0,40.0,2
Plot  Area,Whitefield,4290.0,5.0,3.0,625.0,4
Built-up  Area,Electronic City Phase II,1020.0,2.0,1.0,29.45,2
Built-up  Area,Abbigere,2500.0,6.0,0.0,81.0,6
Super built-up  Area,Raja Rajeshwari Nagar,1400.0,2.0,2.0,45.0,2
Built-up  Area,Other,1675.0,3.0,2.0,65.0,3
Super built-up  Area,Tumkur Road,708.0,2.0,1.0,32.0,2
Super built-up  Area,Channasandra,1123.0,2.0,1.0,36.0,2
Super built-up  Area,Talaghattapura,1100.0,2.0,1.0,49.49,2
Super built-up  Area,Other,1225.0,2.0,2.0,71.05,2
Super built-up  Area,Lingadheeranahalli,1683.0,3.0,1.0,140.0,3
Super built-up  Area,Kengeri Satellite Town,410.0,1.0,1.0,15.0,1
Plot  Area,Banashankari Stage II,2400.0,2.0,2.0,300.0,3
Plot  Area,Other,1350.0,4.0,1.0,90.0,4
Super built-up  Area,Gubbalala,1475.0,2.0,2.0,80.0,2
Super built-up  Area,Kengeri Satellite Town,1120.0,2.0,2.0,49.0,2
Super built-up  Area,KR Puram,1150.0,2.0,1.0,42.0,2
Super built-up  Area,Yeshwanthpur,1165.0,2.0,1.0,85.0,2
Super built-up  Area,Harlur,1756.0,3.0,2.0,134.0,3
Super built-up  Area,Ambedkar Nagar,1409.0,2.0,2.0,95.0,2
Super built-up  Area,Mahadevpura,1212.0,2.0,1.0,56.9,2
Super built-up  Area,Doddathoguru,1140.0,2.0,2.0,26.49,2
Super built-up  Area,Hegde Nagar,2087.01,3.0,2.0,115.0,3
Super built-up  Area,Jalahalli East,775.0,1.0,0.0,34.1,1
Super built-up  Area,Sarjapur  Road,1700.0,3.0,1.0,118.0,3
Super built-up  Area,Other,1732.5,3.0,0.0,91.855,3
Super built-up  Area,Raja Rajeshwari Nagar,1110.0,2.0,1.0,52.0,2
Built-up  Area,Chikka Tirupathi,2704.0,5.0,0.0,105.0,4
Plot  Area,Other,3760.0,2.0,0.0,280.0,2
Plot  Area,Hormavu,1600.0,5.0,2.0,140.0,5
Super built-up  Area,Bhoganhalli,1205.0,2.0,2.0,64.47,2
Super built-up  Area,Thigalarapalya,1418.0,2.0,2.0,105.0,2
Built-up  Area,Ardendale,1650.0,3.0,3.0,82.0,3
Super built-up  Area,Electronic City,1150.0,2.0,1.0,38.0,2
Super built-up  Area,Other,3071.0,4.0,2.0,300.0,3
Built-up  Area,Dasanapura,2400.0,5.0,2.0,100.0,4
Built-up  Area,Other,850.0,2.0,0.0,34.0,2
Super built-up  Area,Raja Rajeshwari Nagar,1580.0,3.0,1.0,83.74,3
Super built-up  Area,Whitefield,1216.0,2.0,1.0,84.03,2
Carpet  Area,Kanakpura Road,381.0,1.0,1.0,28.0,1
Built-up  Area,KR Puram,4600.0,9.0,2.0,200.0,9
Super built-up  Area,Hebbal,1040.0,2.0,1.0,55.0,2
Built-up  Area,Choodasandra,2429.0,3.0,1.0,210.0,4
Super built-up  Area,Other,1260.0,2.0,1.0,49.0,3
Super built-up  Area,Kanakpura Road,1498.0,3.0,2.0,74.9,3
Super built-up  Area,Vidyaranyapura,1200.0,2.0,2.0,65.0,3
Super built-up  Area,Electronic City,1355.0,2.0,1.0,72.9,2
Built-up  Area,Other,1450.0,3.0,1.0,65.0,3
Super built-up  Area,Yeshwanthpur,1860.0,3.0,2.0,168.0,3
Built-up  Area,Whitefield,1240.0,2.0,2.0,70.0,2
Super built-up  Area,Kanakpura Road,1300.0,2.0,2.0,55.0,3
Plot  Area,Kundalahalli,2500.0,5.0,2.0,245.0,4
Super built-up  Area,Ambedkar Nagar,1950.0,4.0,2.0,120.0,3
Super built-up  Area,Ambalipura,1625.0,2.0,2.0,145.0,3
Super built-up  Area,Electronic City,1200.0,2.0,2.0,30.0,2
Super built-up  Area,OMBR Layout,1101.0,2.0,2.0,66.0,2
Super built-up  Area,Whitefield,1216.0,2.0,1.0,72.5,2
Super built-up  Area,Uttarahalli,1250.0,2.0,3.0,50.0,3
Plot  Area,Other,2100.0,3.0,0.0,70.0,3
Built-up  Area,Ananth Nagar,1470.0,3.0,2.0,54.0,3
Super built-up  Area,Bannerghatta Road,1365.0,3.0,1.0,76.18,3
Super built-up  Area,Hosa Road,1364.0,2.0,1.0,64.79,2
Super built-up  Area,Banashankari Stage VI,1180.0,2.0,1.0,59.47,2
Super built-up  Area,7th Phase JP Nagar,1800.0,3.0,2.0,130.0,3
Super built-up  Area,Kothannur,1350.0,2.0,2.0,42.0,2
Super built-up  Area,Thanisandra,1573.0,3.0,2.0,98.0,3
Super built-up  Area,Other,1620.0,3.0,3.0,95.0,3
Super built-up  Area,Doddakallasandra,1072.0,2.0,1.0,42.87,2
Built-up  Area,Other,560.0,1.0,1.0,21.0,1
Super built-up  Area,Other,1156.0,2.0,2.0,46.0,2
Built-up  Area,Kudlu Gate,1336.0,2.0,1.0,86.0,2
Super built-up  Area,Electronic City,1200.0,2.0,1.0,20.0,2
Super built-up  Area,Marathahalli,3400.0,4.0,3.0,235.0,4
Super built-up  Area,Raja Rajeshwari Nagar,1608.0,3.0,3.0,54.51,3
Super built-up  Area,JP Nagar,4000.0,4.0,3.0,441.0,4
Super built-up  Area,Whitefield,1215.0,2.0,2.0,40.0,2
Built-up  Area,Cox Town,1100.0,2.0,1.0,166.0,2
Super built-up  Area,Green Glen Layout,1517.0,3.0,3.0,100.0,3
Super built-up  Area,Mallasandra,1565.0,2.0,2.0,69.0,2
Super built-up  Area,Whitefield,2025.0,4.0,2.0,115.0,3
Super built-up  Area,Jalahalli,1057.0,2.0,1.0,34.71,2
Super built-up  Area,Sadashiva Nagar,3850.0,3.0,3.0,650.0,3
Super built-up  Area,Sarjapur,1044.0,2.0,2.0,34.0,2
Built-up  Area,Domlur,1695.0,3.0,2.0,125.0,3
Super built-up  Area,Ramagondanahalli,1635.0,3.0,1.0,61.0,3
Super built-up  Area,Other,1140.0,2.0,2.0,56.0,2
Built-up  Area,Electronic City,1150.0,2.0,2.0,35.0,2
Built-up  Area,Yelachenahalli,1110.0,2.0,2.0,110.0,2
Super built-up  Area,Yeshwanthpur,1163.0,2.0,2.0,64.08,2
Super built-up  Area,Thubarahalli,1418.0,2.0,2.0,65.0,3
Built-up  Area,Varthur,1155.0,2.0,1.0,60.0,2
Super built-up  Area,Bannerghatta Road,1115.0,2.0,2.0,78.0,2
Built-up  Area,Other,2250.0,3.0,2.0,180.0,3
Super built-up  Area,Other,1485.0,3.0,2.0,78.0,3
Plot  Area,Whitefield,1920.0,5.0,2.0,250.0,4
Plot  Area,Other,1350.0,2.0,0.0,45.0,1
Super built-up  Area,Other,1209.0,2.0,2.0,100.0,2
Super built-up  Area,8th Phase JP Nagar,1089.0,2.0,1.0,43.55,2
Super built-up  Area,Yelahanka,1445.0,2.0,2.0,82.0,2
Super built-up  Area,Uttarahalli,1250.0,2.0,2.0,50.0,3
Super built-up  Area,Other,1500.0,3.0,1.0,95.0,3
Super built-up  Area, Devarachikkanahalli,1705.0,3.0,2.0,75.0,3
Super built-up  Area,Indira Nagar,2200.0,3.0,2.0,160.0,3
Plot  Area,Cunningham Road,2925.0,5.0,3.0,936.0,5
Built-up  Area,Whitefield,7200.0,5.0,2.0,900.0,5
Super built-up  Area,Bellandur,1830.0,3.0,2.0,90.0,3
Super built-up  Area,Electronics City Phase 1,1450.0,3.0,2.0,58.0,3
Super built-up  Area,Hoodi,1259.0,2.0,2.0,69.45,2
Super built-up  Area,Subramanyapura,1260.0,2.0,1.0,73.0,3
Built-up  Area,Kaggadasapura,2500.0,5.0,1.0,120.0,3
Built-up  Area,Kudlu Gate,1919.0,3.0,2.0,121.0,3
Super built-up  Area,Hennur Road,2050.0,3.0,2.0,120.0,3
Built-up  Area,Basavangudi,1050.0,2.0,1.0,103.0,2
Super built-up  Area,Other,1000.0,2.0,2.0,60.0,2
Super built-up  Area,Raja Rajeshwari Nagar,1640.0,3.0,1.0,86.8,3
Built-up  Area,Other,1488.0,2.0,2.0,65.0,3
Super built-up  Area,Chikkalasandra,1265.0,2.0,2.0,53.12,3
Built-up  Area,Hennur,1640.0,3.0,2.0,120.0,3
Super built-up  Area,9th Phase JP Nagar,1719.3,2.0,2.0,88.0,3
Plot  Area,Other,1200.0,4.0,2.0,130.0,4
Super built-up  Area,Kaggadasapura,1180.0,2.0,2.0,70.0,2
Super built-up  Area,HBR Layout,1700.0,3.0,1.0,110.0,3
Super built-up  Area,Kudlu Gate,1464.0,3.0,3.0,56.0,2
Built-up  Area,JP Nagar,1800.0,6.0,0.0,68.0,6
Built-up  Area,Cox Town,1495.0,2.0,1.0,300.0,4
Built-up  Area,Yelahanka,1225.0,2.0,2.0,62.0,2
Super built-up  Area,7th Phase JP Nagar,1050.0,2.0,0.0,68.0,2
Super built-up  Area,Sarjapur  Road,1691.0,3.0,3.0,120.0,3
Built-up  Area,Other,2250.0,3.0,2.0,199.0,3
Super built-up  Area,Other,3700.0,4.0,2.0,314.0,4
Super built-up  Area,Other,1190.0,2.0,3.0,42.25,2
Super built-up  Area,Hormavu,765.0,2.0,1.0,37.49,2
Super built-up  Area,Chamrajpet,730.0,1.0,2.0,52.0,2
Built-up  Area,Other,1405.0,3.0,0.0,169.0,3
Super built-up  Area,Old Madras Road,1350.0,3.0,1.0,45.9,3
Super built-up  Area,Yelahanka New Town,500.0,1.0,1.0,18.0,1
Super built-up  Area,Amruthahalli,1200.0,2.0,2.0,55.0,2
Super built-up  Area,7th Phase JP Nagar,1400.0,2.0,2.0,57.0,3
Plot  Area,Other,4800.0,6.0,2.0,420.0,4
Built-up  Area,Hormavu,1668.0,2.0,2.0,120.0,3
Super built-up  Area,Kenchenahalli,700.0,1.0,1.0,35.0,1
Super built-up  Area,5th Phase JP Nagar,1485.0,2.0,1.0,66.0,3
Super built-up  Area,Kanakpura Road,700.0,2.0,1.0,41.0,2
Super built-up  Area,Whitefield,1346.0,2.0,1.0,100.0,3
Super built-up  Area,Other,1050.0,2.0,1.0,43.5,2
Super built-up  Area,1st Block Koramangala,1800.0,3.0,2.0,53.0,3
Super built-up  Area,Electronic City,1609.0,3.0,3.0,115.0,3
Built-up  Area,Electronic City,770.0,1.0,1.0,35.0,2
Built-up  Area,Kudlu,1076.0,2.0,1.0,50.0,2
Super built-up  Area,Kengeri,1052.0,2.0,2.0,51.0,2
Super built-up  Area,Channasandra,1000.0,2.0,2.0,35.0,2
Built-up  Area,Bommasandra Industrial Area,1000.0,2.0,1.0,28.88,2
Super built-up  Area,Thanisandra,1262.0,2.0,1.0,83.0,3
Super built-up  Area,Other,500.0,1.0,1.0,16.0,1
Super built-up  Area,Sadashiva Nagar,3500.0,4.0,2.0,700.0,4
Built-up  Area,Other,1600.0,3.0,2.0,180.0,3
Super built-up  Area,Ramagondanahalli,1251.0,2.0,1.0,53.0,2
Plot  Area,Nagarbhavi,1050.0,3.0,1.0,175.0,3
Super built-up  Area,Other,1140.0,2.0,2.0,49.0,2
Super built-up  Area,Old Madras Road,1157.0,2.0,2.0,47.32,2
Super built-up  Area,Other,648.0,1.0,1.0,34.0,1
Super built-up  Area,Harlur,1197.0,2.0,1.0,78.0,2
Super built-up  Area,Raja Rajeshwari Nagar,1500.0,3.0,3.0,51.04,3
Built-up  Area,Kumaraswami Layout,2400.0,2.0,1.0,125.0,3
Super built-up  Area,Kundalahalli,1397.0,3.0,3.0,105.0,3
Built-up  Area,Basaveshwara Nagar,900.0,2.0,1.0,60.0,2
Super built-up  Area,Rachenahalli,2710.0,3.0,2.0,170.0,3
Super built-up  Area,Other,1720.0,2.0,2.0,126.0,3
Super built-up  Area,Other,1756.0,3.0,2.0,307.0,3
Super built-up  Area,Yelahanka,602.0,1.0,1.0,38.0,1
Super built-up  Area,Sarjapur  Road,1770.0,3.0,2.0,180.0,3
Super built-up  Area,Rachenahalli,1200.0,2.0,2.0,46.5,2
Built-up  Area,Other,1100.0,2.0,2.0,45.0,2
Super built-up  Area,Kasavanhalli,1476.0,3.0,0.0,105.0,3
Super built-up  Area,Thanisandra,1056.0,2.0,2.0,65.0,2
Super built-up  Area,Other,825.0,2.0,1.0,35.0,2
Super built-up  Area,EPIP Zone,1860.0,3.0,2.0,130.0,3
Super built-up  Area,Gunjur,1063.0,2.0,2.0,40.0,2
Super built-up  Area,Yelahanka,697.0,1.0,1.0,35.0,1
Built-up  Area,Vijayanagar,2400.0,2.0,0.0,230.0,1
Built-up  Area,CV Raman Nagar,1835.0,3.0,2.0,160.0,3
Super built-up  Area,Bannerghatta Road,1532.5,3.0,0.0,79.465,3
Super built-up  Area,BTM 2nd Stage,1147.0,2.0,1.0,75.0,2
Plot  Area,Kothanur,3400.0,5.0,0.0,265.0,4
Built-up  Area,Other,1080.0,2.0,3.0,64.0,2
Super built-up  Area,Doddakallasandra,1010.0,2.0,1.0,40.4,2
Plot  Area,Other,2600.0,4.0,2.0,523.0,4
Super built-up  Area,Brookefield,1270.0,2.0,1.0,95.0,2
Super built-up  Area,Other,1100.0,2.0,1.0,61.0,2
Super built-up  Area,Bellandur,1410.0,3.0,2.0,92.0,2
Super built-up  Area,Yelahanka,1065.0,2.0,1.0,41.38,2
Super built-up  Area,Hebbal,1315.0,3.0,3.0,65.0,3
Super built-up  Area,Kaggadasapura,960.0,2.0,1.0,45.0,2
Super built-up  Area,Other,800.0,1.0,1.0,29.0,2
Super built-up  Area,Other,1225.0,2.0,1.0,47.0,2
Built-up  Area,Whitefield,1020.0,2.0,2.0,45.0,2
Super built-up  Area,Magadi Road,750.0,2.0,1.0,27.0,2
Plot  Area,Other,3000.0,3.0,1.0,550.0,3
Super built-up  Area,Other,535.0,1.0,1.0,35.0,1
Super built-up  Area,Varthur,1035.0,2.0,1.0,60.0,2
Built-up  Area,Bommasandra Industrial Area,1020.0,2.0,1.0,29.45,2
Super built-up  Area,GM Palaya,1315.0,3.0,0.0,64.0,3
Super built-up  Area,Basavangudi,1350.0,2.0,2.0,130.0,3
Super built-up  Area,Bisuvanahalli,1075.0,2.0,1.0,48.0,3
Super built-up  Area,Kengeri Satellite Town,1450.0,2.0,3.0,50.0,3
Plot  Area,Gottigere,1806.0,1.0,1.0,150.0,1
Super built-up  Area,Marathahalli,1350.0,2.0,1.0,99.0,2
Plot  Area,Binny Pete,1282.0,3.0,2.0,178.0,3
Super built-up  Area,Sarjapur  Road,1929.0,3.0,1.0,103.0,3
Super built-up  Area,Varthur,1100.0,2.0,2.0,72.0,2
Built-up  Area,Kundalahalli,1800.0,3.0,2.0,110.0,3
Super built-up  Area,Gubbalala,1223.0,2.0,1.0,42.81,2
Super built-up  Area,Bharathi Nagar,1664.0,3.0,2.0,69.89,3
Super built-up  Area,Kasavanhalli,1158.0,2.0,2.0,67.0,2
Super built-up  Area,Hormavu,1420.0,3.0,2.0,58.0,3
Super built-up  Area,Rajaji Nagar,1268.0,2.0,1.0,127.0,2
Super built-up  Area,Sarjapur  Road,1308.0,2.0,1.0,75.0,2
Built-up  Area,Basavangudi,1485.0,3.0,1.0,140.0,3
Super built-up  Area,Other,1067.0,2.0,3.0,33.99,2
Built-up  Area,Hulimavu,2000.0,4.0,0.0,100.0,4
Super built-up  Area,Rajaji Nagar,2450.0,3.0,3.0,330.0,3
Super built-up  Area,Other,1152.0,2.0,1.0,42.0,2
Super built-up  Area,Uttarahalli,1525.0,2.0,2.0,62.82,3
Super built-up  Area,Whitefield,935.0,2.0,1.0,32.72,2
Super built-up  Area,Other,1465.0,2.0,2.0,88.0,3
Built-up  Area,HBR Layout,1198.0,2.0,1.0,65.0,2
Super built-up  Area,Other,1145.0,2.0,1.0,63.0,2
Plot  Area,Attibele,1000.0,2.0,1.0,42.0,2
Built-up  Area,Anekal,400.0,1.0,1.0,11.5,1
Built-up  Area,Other,3420.0,3.0,2.0,410.0,4
Super built-up  Area,Marathahalli,1310.0,3.0,1.0,63.22,3
Super built-up  Area,Panathur,1861.0,3.0,3.0,92.0,3
Super built-up  Area,Uttarahalli,1265.0,2.0,2.0,65.0,3
Super built-up  Area,Other,1280.0,2.0,2.0,75.0,2
Super built-up  Area,Raja Rajeshwari Nagar,1279.0,2.0,1.0,53.76,3
Plot  Area,Other,680.0,3.0,2.0,60.0,2
Super built-up  Area,Uttarahalli,1590.0,3.0,2.0,57.0,3
Super built-up  Area,Hoodi,1837.0,3.0,3.0,142.0,3
Super built-up  Area,Hegde Nagar,1703.0,3.0,2.0,130.0,3
Super built-up  Area,Kudlu,1293.0,2.0,2.0,80.0,3
Super built-up  Area,Other,1450.0,3.0,2.0,75.0,3
Built-up  Area,5th Phase JP Nagar,1030.0,2.0,2.0,57.0,2
Super built-up  Area,Kanakpura Road,1570.0,3.0,3.0,65.93,3
Built-up  Area,7th Phase JP Nagar,1000.0,2.0,2.0,60.0,2
Super built-up  Area,Bisuvanahalli,1075.0,2.0,1.0,37.0,3
Super built-up  Area,Varthur,1091.0,2.0,1.0,33.82,2
Super built-up  Area,EPIP Zone,2210.0,3.0,3.0,165.0,3
Built-up  Area,Other,1738.0,3.0,0.0,110.0,3
Super built-up  Area,Rajaji Nagar,1640.0,3.0,2.0,262.0,3
Super built-up  Area,Gottigere,1205.0,2.0,1.0,56.58,2
Super built-up  Area,Kengeri,1009.0,2.0,1.0,30.27,2
Built-up  Area,Thigalarapalya,3362.0,5.0,2.0,249.0,4
Super built-up  Area,Mysore Road,1560.0,2.0,2.0,83.3,3
Built-up  Area,Rajaji Nagar,1600.0,3.0,0.0,140.0,4
Super built-up  Area,Sanjay nagar,960.0,2.0,1.0,55.0,2
Super built-up  Area,Whitefield,1024.0,2.0,1.0,32.0,2
Super built-up  Area,Mico Layout,800.0,1.0,1.0,29.5,1
Super built-up  Area,Sarjapur  Road,2650.0,3.0,2.0,260.0,3
Super built-up  Area,Jakkur,1080.0,2.0,2.0,60.0,2
Super built-up  Area,Hebbal,1150.0,2.0,1.0,55.0,2
Super built-up  Area,Dasanapura,1286.0,2.0,1.0,68.0,3
Plot  Area,Whitefield,2990.0,3.0,2.0,198.0,4
Super built-up  Area,JP Nagar,1150.0,2.0,2.0,90.0,2
Super built-up  Area,Cooke Town,1310.0,2.0,2.0,111.0,2
Super built-up  Area,Prithvi Layout,1352.0,2.0,2.0,72.0,2
Super built-up  Area,Bommanahalli,1307.0,2.0,1.0,50.0,2
Plot  Area,Channasandra,1500.0,4.0,1.0,89.45,4
Plot  Area,Other,1500.0,3.0,1.0,90.0,3
Super built-up  Area,Thanisandra,1131.0,2.0,0.0,55.975,2
Built-up  Area,Whitefield,1600.0,3.0,0.0,69.1,3
Super built-up  Area,Hosur Road,2835.0,4.0,0.0,241.0,4
Super built-up  Area,Yelahanka,682.0,1.0,1.0,36.23,1
Built-up  Area,Whitefield,2500.0,4.0,1.0,420.0,4
Super built-up  Area,Vittasandra,1650.0,3.0,2.0,85.5,3
Super built-up  Area,Haralur Road,1850.0,3.0,2.0,120.0,3
Plot  Area,Gubbalala,2000.0,4.0,1.0,85.0,4
Super built-up  Area,Other,982.0,2.0,1.0,25.0,2
Built-up  Area,Other,2015.0,4.0,0.0,325.0,2
Super built-up  Area,Thanisandra,1702.0,3.0,2.0,115.0,3
Super built-up  Area,Amruthahalli,1250.0,2.0,2.0,79.0,2
Super built-up  Area,Raja Rajeshwari Nagar,1240.0,2.0,2.0,40.54,2
Plot  Area,Other,1050.0,2.0,1.0,110.0,2
Super built-up  Area,Yelahanka,1023.0,2.0,1.0,52.59,2
Super built-up  Area,Dairy Circle,1541.0,2.0,1.0,181.0,2
Super built-up  Area,Other,1275.0,2.0,1.0,105.0,2
Super built-up  Area,Jakkur,1260.0,2.0,0.0,71.195,2
Super built-up  Area,Sarjapur  Road,1580.0,3.0,3.0,125.0,3
Super built-up  Area,Thanisandra,1343.0,2.0,2.0,75.0,2
Super built-up  Area,Bommasandra,1365.0,3.0,1.0,52.81,3
Super built-up  Area,Kundalahalli,1047.0,2.0,1.0,72.0,2
Built-up  Area,Other,1187.0,2.0,2.0,42.0,2
Plot  Area,Frazer Town,560.0,1.0,0.0,90.0,1
Built-up  Area,Banashankari Stage III,1000.0,2.0,1.0,120.0,3
Super built-up  Area,Choodasandra,1075.0,2.0,2.0,45.0,2
Super built-up  Area,Dairy Circle,2048.0,3.0,2.0,206.0,3
Super built-up  Area,Raja Rajeshwari Nagar,1090.0,2.0,1.0,57.0,2
Super built-up  Area,Other,1119.0,2.0,1.0,48.5,3
Super built-up  Area,Other,1355.0,2.0,3.0,58.25,3
Super built-up  Area,Hennur Road,1445.0,2.0,2.0,86.69,3
Super built-up  Area,Malleshwaram,6500.0,4.0,3.0,1400.0,4
Super built-up  Area,Yeshwanthpur,1165.0,2.0,2.0,64.08,2
Super built-up  Area,Hormavu,1081.5,2.0,0.0,38.665,2
Super built-up  Area,Kothanur,1787.0,3.0,2.0,107.0,3
Plot  Area,Mico Layout,3600.0,4.0,2.0,330.0,4
Built-up  Area,Electronic City,1020.0,2.0,1.0,29.45,2
Super built-up  Area,Sarjapur  Road,1797.0,4.0,1.0,95.0,3
Super built-up  Area,Whitefield,1205.0,2.0,2.0,58.0,2
Super built-up  Area,Other,1095.0,2.0,2.0,55.85,2
Built-up  Area,Yelahanka,1560.0,2.0,2.0,98.0,3
Super built-up  Area,5th Phase JP Nagar,1200.0,2.0,1.0,68.0,2
Plot  Area,Rajaji Nagar,1200.0,1.0,1.0,200.0,2
Super built-up  Area,Kanakpura Road,1450.0,3.0,2.0,65.0,3
Super built-up  Area,Whitefield,1496.0,2.0,1.0,718.0,3
Super built-up  Area,Thanisandra,1935.0,4.0,2.0,122.0,3
Super built-up  Area,Hosa Road,1016.0,2.0,1.0,45.0,2
Super built-up  Area,Jakkur,1816.0,3.0,1.0,119.0,3
Super built-up  Area,Hoodi,2065.5,4.0,0.0,91.915,4
Super built-up  Area,Kengeri,1220.0,2.0,2.0,63.0,2
Plot  Area,Hosur Road,3000.0,4.0,2.0,160.0,4
Super built-up  Area,7th Phase JP Nagar,980.0,2.0,1.0,86.0,2
Plot  Area,Nagarbhavi,1200.0,4.0,3.0,210.0,4
Super built-up  Area,Hormavu,1250.0,2.0,2.0,60.0,2
Super built-up  Area,Jakkur,1424.0,2.0,3.0,80.0,2
Built-up  Area,Hennur Road,1297.0,2.0,1.0,49.9,2
Plot  Area,Karuna Nagar,1300.0,3.0,1.0,170.0,3
Super built-up  Area,Harlur,1290.0,2.0,1.0,89.9,2
Super built-up  Area,Koramangala,1720.0,2.0,1.0,130.0,3
Plot  Area,Other,2320.0,2.0,0.0,160.0,3
Super built-up  Area,Other,1237.0,3.0,2.0,78.0,3
Super built-up  Area,Whitefield,1720.0,3.0,3.0,98.97,3
Built-up  Area,Chikkalasandra,1224.0,2.0,2.0,45.0,2
Super built-up  Area,Yelahanka,1780.0,3.0,2.0,107.0,3
Plot  Area,Seegehalli,4700.0,5.0,3.0,800.0,4
Super built-up  Area,Electronics City Phase 1,1800.0,3.0,2.0,93.0,3
Super built-up  Area,Budigere,1139.0,2.0,2.0,56.5,2
Plot  Area,Other,588.0,1.0,0.0,88.2,1
Super built-up  Area,Other,700.0,2.0,1.0,35.0,2
Plot  Area,Kengeri,1150.0,1.0,0.0,52.0,1
Super built-up  Area,Channasandra,1330.0,2.0,2.0,51.83,3
Super built-up  Area,Old Airport Road,2732.0,4.0,3.0,194.0,4
Super built-up  Area,Kodigehaali,965.0,2.0,1.0,38.0,2
Super built-up  Area,Whitefield,1600.0,3.0,2.0,95.0,3
Super built-up  Area,Other,1464.0,2.0,2.0,56.0,2
Super built-up  Area,Frazer Town,3100.0,3.0,2.0,400.0,3
Plot  Area,Other,1840.0,1.0,0.0,95.0,2
Super built-up  Area,Gubbalala,1223.0,3.0,2.0,39.14,3
Super built-up  Area,Ramamurthy Nagar,1170.0,2.0,2.0,44.0,2
Super built-up  Area,Old Madras Road,3630.0,6.0,1.0,207.0,4
Super built-up  Area,Bellandur,950.0,2.0,2.0,35.0,2
Super built-up  Area,Frazer Town,5400.0,3.0,2.0,400.0,3
Super built-up  Area,Electronic City,865.0,2.0,1.0,40.0,2
Plot  Area,Other,2400.0,4.0,2.0,89.0,4
Built-up  Area,Lakshminarayana Pura,1169.0,2.0,2.0,75.0,2
Built-up  Area,Hormavu,1206.0,2.0,2.0,40.0,2
Super built-up  Area,Lingadheeranahalli,1683.0,3.0,1.0,110.0,3
Super built-up  Area,Mico Layout,1250.0,2.0,2.0,44.0,3
Super built-up  Area,Green Glen Layout,3150.0,4.0,3.0,218.0,4
Plot  Area,Other,1200.0,2.0,1.0,140.0,4
Carpet  Area,Bhoganhalli,1234.6,3.0,1.0,104.0,3
Super built-up  Area,Vijayanagar,492.0,1.0,1.0,40.0,1
Built-up  Area,Banashankari,600.0,1.0,0.0,27.0,2
Super built-up  Area,Kalena Agrahara,1902.0,3.0,2.0,89.0,3
Super built-up  Area,Other,1639.0,3.0,1.0,77.89,3
Super built-up  Area,Kasavanhalli,1214.0,2.0,3.0,67.0,2
Plot  Area,Basaveshwara Nagar,2520.0,4.0,1.0,378.0,5
Super built-up  Area,Harlur,1386.0,2.0,2.0,85.0,2
Super built-up  Area,Bannerghatta Road,1535.0,3.0,3.0,60.0,3
Super built-up  Area,Marathahalli,1720.0,3.0,2.0,175.0,3
Built-up  Area,Bannerghatta Road,1655.0,3.0,3.0,90.0,3
Built-up  Area,Vidyaranyapura,1200.0,2.0,2.0,52.0,2
Super built-up  Area,Horamavu Banaswadi,1610.0,3.0,3.0,68.0,3
Plot  Area,Ramamurthy Nagar,2200.0,4.0,2.0,130.0,4
Super built-up  Area,Other,1105.0,2.0,1.0,80.0,2
Plot  Area,Other,753.0,3.0,3.0,59.5,2
Super built-up  Area,Whitefield,1655.0,3.0,1.0,108.0,3
Built-up  Area,Other,1700.0,3.0,1.0,250.0,3
Super built-up  Area,Other,770.0,2.0,2.0,30.0,2
Super built-up  Area,Balagere,1210.0,2.0,1.0,69.0,2
Super built-up  Area,Hormavu,965.0,2.0,2.0,37.15,2
Super built-up  Area,Kanakpura Road,700.0,1.0,1.0,41.0,2
Super built-up  Area,Whitefield,1740.0,3.0,2.0,95.0,3
Built-up  Area,Electronic City Phase II,1310.0,2.0,1.0,37.84,3
Super built-up  Area,Sarjapur  Road,1763.25,3.0,3.0,98.0,3
Super built-up  Area,Basaveshwara Nagar,1900.0,3.0,3.0,150.0,3
Super built-up  Area,JP Nagar,1450.0,2.0,2.0,55.0,3
Super built-up  Area,CV Raman Nagar,1836.0,3.0,2.0,148.0,3
Super built-up  Area,Other,1160.0,2.0,2.0,75.0,2
Super built-up  Area,Hennur Road,1153.0,2.0,1.0,43.0,2
Super built-up  Area,Marathahalli,1285.0,2.0,2.0,55.0,2
Super built-up  Area,Other,2500.0,3.0,2.0,400.0,3
Super built-up  Area,Kadubeesanahalli,1257.0,2.0,1.0,105.0,2
Plot  Area,Whitefield,1200.0,3.0,1.0,56.72,3
Carpet  Area,Hormavu,583.0,1.0,0.0,28.275,1
Super built-up  Area,Tumkur Road,1240.0,2.0,1.0,79.0,3
Super built-up  Area,Other,1294.0,2.0,2.0,52.0,3
Super built-up  Area,Other,1095.0,2.0,1.0,45.0,2
Super built-up  Area,Electronics City Phase 1,1314.0,2.0,2.0,60.0,2
Super built-up  Area,Koramangala,1900.0,2.0,1.0,120.0,3
Super built-up  Area,Other,1040.0,2.0,2.0,36.84,2
Super built-up  Area,Jakkur,1290.0,2.0,1.0,85.0,2
Plot  Area,Kodigehaali,1200.0,4.0,0.0,130.0,4
Super built-up  Area,Other,1325.0,2.0,1.0,47.0,3
Super built-up  Area,Hormavu,1129.0,2.0,1.0,44.0,2
Super built-up  Area,Balagere,790.5,1.0,0.0,42.295,1
Built-up  Area,Hebbal,1075.0,2.0,0.0,52.0,2
Super built-up  Area,Other,1108.0,2.0,1.0,48.0,2
Built-up  Area,Ananth Nagar,810.0,2.0,1.0,25.5,2
Super built-up  Area,Other,1155.0,2.0,1.0,65.0,2
Super built-up  Area,Rajaji Nagar,3900.0,6.0,3.0,260.0,6
Super built-up  Area,Rajaji Nagar,2367.0,3.0,3.0,375.0,3
Super built-up  Area,Sarjapur  Road,1550.0,2.0,2.0,98.0,3
Super built-up  Area,Babusapalaya,1100.0,2.0,2.0,38.0,2
Super built-up  Area,Kanakpura Road,1452.0,3.0,3.0,54.2,3
Super built-up  Area,Kothanur,1141.0,2.0,2.0,54.0,2
Super built-up  Area,Other,1464.0,3.0,2.0,56.0,3
Super built-up  Area,Other,1500.0,3.0,3.0,67.49,3
Super built-up  Area,Anekal,456.0,1.0,1.0,15.0,1
Plot  Area,Ramamurthy Nagar,1200.0,4.0,1.0,125.0,4
Built-up  Area,Horamavu Agara,760.0,2.0,2.0,37.49,2
Plot  Area,Koramangala,2400.0,6.0,0.0,480.0,6
Built-up  Area,Electronic City,800.0,2.0,2.0,32.0,2
Super built-up  Area,Choodasandra,1180.0,2.0,1.0,71.22,2
Carpet  Area,Kaggadasapura,775.0,2.0,2.0,29.5,2
Super built-up  Area,Other,1060.0,2.0,1.0,42.5,2
Super built-up  Area,Cooke Town,3900.0,5.0,2.0,415.0,4
Super built-up  Area,Yelahanka New Town,1420.0,2.0,1.0,75.0,3
Super built-up  Area,Bhoganhalli,2439.0,4.0,3.0,190.0,4
Plot  Area,1st Phase JP Nagar,1200.0,4.0,2.0,300.0,4
Super built-up  Area,Hoodi,1111.0,2.0,1.0,49.43,2
Built-up  Area,Other,984.0,2.0,2.0,125.0,2
Super built-up  Area,Begur Road,1200.0,2.0,2.0,42.0,2
Super built-up  Area,Bannerghatta Road,1247.0,2.0,1.0,47.39,2
Super built-up  Area,7th Phase JP Nagar,1050.0,2.0,1.0,77.47,2
Super built-up  Area,Devanahalli,1550.0,3.0,1.0,85.0,3
Super built-up  Area,7th Phase JP Nagar,1270.0,2.0,1.0,80.0,2
Super built-up  Area,Balagere,1012.0,2.0,1.0,65.0,2
Super built-up  Area,Electronic City,970.0,2.0,2.0,34.0,2
Super built-up  Area,Thanisandra,933.0,2.0,1.0,55.0,2
Plot  Area,Sarjapur,1200.0,3.0,2.0,76.13,3
Super built-up  Area,Other,1148.0,2.0,2.0,69.0,2
Super built-up  Area,7th Phase JP Nagar,1463.0,2.0,1.0,61.45,3
Super built-up  Area,Other,1719.0,3.0,2.0,110.0,3
Super built-up  Area,Whitefield,1350.0,2.0,1.0,88.0,2
Built-up  Area,Kaggadasapura,1250.0,2.0,2.0,47.0,3
Plot  Area,Other,4320.0,7.0,2.0,821.0,9
Built-up  Area,Lakshminarayana Pura,1200.0,2.0,1.0,75.0,2
Built-up  Area,Whitefield,1030.0,2.0,2.0,44.0,2
Super built-up  Area,Other,1420.0,3.0,3.0,70.0,3
Plot  Area,Ramagondanahalli,9600.0,6.0,1.0,1800.0,5
Super built-up  Area,Kanakpura Road,1703.0,3.0,2.0,126.0,3
Super built-up  Area,Horamavu Banaswadi,1210.0,2.0,1.0,50.0,2
Plot  Area,Other,3000.0,4.0,3.0,264.0,4
Super built-up  Area,Other,1398.0,3.0,0.0,51.0,3
Super built-up  Area,Nagavarapalya,1335.0,2.0,3.0,110.0,2
Super built-up  Area,Babusapalaya,1213.0,2.0,1.0,36.37,3
Super built-up  Area,Raja Rajeshwari Nagar,1240.0,2.0,2.0,42.04,2
Super built-up  Area,Yelahanka,1076.0,2.0,1.0,78.0,2
Built-up  Area,Other,1320.0,2.0,3.0,90.0,2
Super built-up  Area,Whitefield,1216.0,2.0,1.0,80.0,2
Super built-up  Area,Thanisandra,1100.0,2.0,2.0,42.0,2
Super built-up  Area,Thanisandra,1183.0,2.0,1.0,77.3,2
Super built-up  Area,Balagere,656.0,1.0,1.0,38.77,1
Super built-up  Area,Sarjapur  Road,534.0,1.0,1.0,19.65,1
Super built-up  Area,Other,1285.0,2.0,2.0,45.0,3
Super built-up  Area,Hegde Nagar,2087.01,4.0,2.0,135.0,3
Built-up  Area,Other,1161.0,2.0,1.0,59.0,2
Built-up  Area,Begur,1306.0,2.0,3.0,65.0,2
Super built-up  Area,Jakkur,2249.81,4.0,2.0,245.0,4
Built-up  Area,Other,1504.0,3.0,2.0,67.0,3
Super built-up  Area,Balagere,645.0,1.0,1.0,39.0,1
Plot  Area,Other,1230.0,2.0,0.0,68.0,2
Built-up  Area,Hebbal,1100.0,2.0,2.0,42.0,2
Super built-up  Area,Yelahanka,1000.0,1.0,0.0,14.0,1
Super built-up  Area,Other,1260.0,2.0,1.0,62.0,2
Built-up  Area,Ambalipura,1817.0,3.0,3.0,102.0,3
Super built-up  Area,Kodihalli,3626.0,5.0,3.0,785.0,4
Super built-up  Area,Basavangudi,1180.0,2.0,3.0,124.0,2
Built-up  Area,KR Puram,1050.0,2.0,2.0,55.0,2
Plot  Area,Whitefield,2900.0,4.0,3.0,225.0,4
Built-up  Area,Kasavanhalli,2110.0,4.0,3.0,120.0,3
Built-up  Area,Mysore Road,500.0,1.0,1.0,17.5,1
Super built-up  Area,Murugeshpalya,1930.0,3.0,3.0,75.0,3
Plot  Area,Other,4560.0,5.0,2.0,430.0,4
Super built-up  Area,Mahadevpura,1505.0,3.0,2.0,64.0,3
Plot  Area,Other,2400.0,3.0,1.0,750.0,4
Super built-up  Area,Ananth Nagar,890.0,2.0,1.0,27.0,2
Super built-up  Area,Gunjur Palya,849.0,2.0,2.0,25.4,2
Plot  Area,Chikka Tirupathi,1555.0,3.0,1.0,100.0,3
Carpet  Area,KR Puram,1057.0,2.0,2.0,30.0,2
Super built-up  Area,7th Phase JP Nagar,1680.0,3.0,2.0,122.0,3
Built-up  Area,Other,799.0,2.0,1.0,35.0,2
Built-up  Area,Sarjapur  Road,1450.0,2.0,1.0,75.0,3
Super built-up  Area,Kanakpura Road,1135.0,2.0,1.0,56.74,2
Super built-up  Area,HSR Layout,2020.0,3.0,2.0,160.0,3
Super built-up  Area,Other,2700.0,4.0,2.0,170.0,5
Super built-up  Area,Hosa Road,1730.0,3.0,2.0,72.6,3
Built-up  Area,Dasarahalli,1950.0,3.0,2.0,125.0,3
Super built-up  Area,Other,1077.0,2.0,1.0,34.46,2
Super built-up  Area,Brookefield,1706.0,3.0,2.0,115.0,3
Built-up  Area,Other,3000.0,4.0,0.0,300.0,5
Super built-up  Area,Channasandra,1093.0,2.0,1.0,37.0,2
Super built-up  Area,Ambalipura,2750.0,4.0,2.0,142.0,4
Super built-up  Area,Whitefield,1340.0,2.0,1.0,101.0,2
Super built-up  Area,Sarjapur  Road,984.0,2.0,1.0,59.0,2
Super built-up  Area,AECS Layout,1135.0,2.0,2.0,68.0,2
Plot  Area,Bannerghatta Road,2400.0,4.0,1.0,344.0,4
Super built-up  Area,Varthur,1155.0,2.0,2.0,39.0,2
Super built-up  Area,Kaggalipura,700.0,1.0,0.0,35.0,1
Super built-up  Area,Horamavu Agara,1150.0,2.0,1.0,42.0,2
Super built-up  Area,Hormavu,1385.0,2.0,1.0,69.25,3
Super built-up  Area,Akshaya Nagar,2061.0,4.0,2.0,175.0,3
Super built-up  Area,Kathriguppe,1335.0,2.0,3.0,73.43,3
Super built-up  Area,Bellandur,1015.0,2.0,1.0,60.0,2
Built-up  Area,Banashankari Stage III,3000.0,6.0,2.0,150.0,6
Super built-up  Area,Electronic City,1108.0,2.0,1.0,63.0,2
Super built-up  Area,Frazer Town,1180.0,2.0,1.0,105.0,2
Super built-up  Area,Hennur Road,1445.0,2.0,1.0,83.0,3
Super built-up  Area,Other,1500.0,2.0,2.0,65.0,2
Plot  Area,Ramamurthy Nagar,2400.0,1.0,1.0,48.0,1
Super built-up  Area,KR Puram,1085.0,2.0,1.0,46.5,2
Plot  Area,Kadugodi,2760.0,4.0,2.0,290.0,4
Built-up  Area,Sarjapura - Attibele Road,1330.0,2.0,1.0,49.0,3
Plot  Area,Ramagondanahalli,845.0,2.0,1.0,45.82,2
Super built-up  Area,Ambalipura,1303.0,2.0,2.0,80.0,2
Super built-up  Area,Other,1560.0,2.0,2.0,125.0,3
Super built-up  Area,Chandapura,1110.0,2.0,2.0,29.97,3
Super built-up  Area,Other,1290.0,3.0,2.0,45.33,3
Super built-up  Area,Bannerghatta Road,1237.5,2.0,0.0,49.49,2
Super built-up  Area,9th Phase JP Nagar,1780.0,3.0,2.0,88.0,3
Super built-up  Area,Budigere,1636.0,3.0,2.0,83.0,3
Built-up  Area,Hennur,2557.0,2.0,2.0,170.0,4
Built-up  Area,Sector 2 HSR Layout,1332.0,2.0,2.0,101.0,2
Super built-up  Area,Sadashiva Nagar,7500.0,5.0,2.0,1500.0,5
Built-up  Area,Other,1012.0,2.0,2.0,59.0,2
Super built-up  Area,Kengeri,1192.0,2.0,2.0,53.5,2
Super built-up  Area,Uttarahalli,1213.0,2.0,2.0,48.0,2
Super built-up  Area,Sarjapur  Road,1489.0,3.0,2.0,88.0,3
Super built-up  Area,Sarjapur,1200.0,2.0,2.0,62.0,2
Super built-up  Area,Electronic City Phase II,1140.0,2.0,2.0,28.5,2
Super built-up  Area,Devanahalli,1200.0,2.0,1.0,55.08,3
Super built-up  Area,Ananth Nagar,1200.0,2.0,1.0,36.0,2
Plot  Area,Vidyaranyapura,2640.0,6.0,1.0,225.0,5
Super built-up  Area,Bannerghatta Road,1650.0,3.0,1.0,94.0,3
Plot  Area,Other,1245.0,2.0,1.0,120.0,2
Super built-up  Area,Ardendale,1224.0,2.0,2.0,67.0,2
Super built-up  Area,Gunjur,1235.0,2.0,2.0,52.76,2
Super built-up  Area,Yelenahalli,1200.0,2.0,2.0,45.6,2
Built-up  Area,Yelahanka,1342.0,2.0,2.0,75.0,3
Built-up  Area,TC Palaya,1800.0,2.0,2.0,80.0,2
Plot  Area,Other,2280.0,4.0,2.0,615.0,4
Plot  Area,Rajaji Nagar,2440.0,2.0,0.0,415.0,4
Super built-up  Area,Abbigere,1130.0,2.0,1.0,46.33,2
Built-up  Area,Somasundara Palya,1186.0,2.0,3.0,72.0,2
Super built-up  Area,Hennur,1295.0,2.0,1.0,64.0,2
Super built-up  Area,Bannerghatta Road,905.0,2.0,1.0,65.0,2
Super built-up  Area,Hormavu,1165.0,2.0,1.0,40.0,2
Super built-up  Area,Kanakpura Road,1328.0,2.0,2.0,107.0,2
Super built-up  Area,Other,1485.0,2.0,3.0,110.0,3
Super built-up  Area,Uttarahalli,1475.0,2.0,3.0,59.0,3
Super built-up  Area,Vidyaranyapura,1175.0,2.0,2.0,35.0,2
Super built-up  Area,Rachenahalli,985.0,2.0,1.0,49.97,2
Plot  Area,Koramangala,4000.0,5.0,0.0,800.0,5
Super built-up  Area,Hoskote,1395.0,2.0,2.0,63.0,3
Super built-up  Area,Hoodi,711.0,1.0,0.0,42.65,1
Super built-up  Area,Electronic City,630.0,1.0,1.0,40.5,1
Super built-up  Area,Other,2400.0,4.0,1.0,88.0,4
Super built-up  Area,Gottigere,1170.0,2.0,2.0,40.0,2
Super built-up  Area,Marathahalli,2500.0,5.0,2.0,181.0,4
Super built-up  Area,Gubbalala,1100.0,2.0,2.0,49.5,2
Super built-up  Area,Hulimavu,3560.0,5.0,3.0,318.0,4
Built-up  Area,Bommasandra Industrial Area,1160.0,2.0,1.0,33.51,2
Super built-up  Area,Varthur,1180.0,2.0,2.0,55.0,2
Super built-up  Area,Tumkur Road,1441.0,2.0,1.0,95.0,3
Super built-up  Area,Other,1115.0,2.0,1.0,50.0,2
Super built-up  Area,Yeshwanthpur,1825.0,3.0,2.0,145.0,3
Carpet  Area,Other,1489.0,2.0,0.0,101.0,2
Super built-up  Area,Other,2800.0,4.0,3.0,365.0,4
Super built-up  Area,Subramanyapura,1278.0,3.0,2.0,62.71,3
Super built-up  Area,Hormavu,1065.0,2.0,1.0,50.92,2
Super built-up  Area,Whitefield,1190.0,2.0,1.0,64.0,2
Super built-up  Area,Koramangala,1130.0,2.0,2.0,63.0,2
Super built-up  Area,Banashankari,1430.0,2.0,2.0,87.8,2
Built-up  Area,HRBR Layout,1900.0,3.0,1.0,90.0,4
Super built-up  Area,Sarjapur  Road,1104.0,2.0,1.0,34.22,2
Super built-up  Area,Begur Road,1240.0,2.0,2.0,45.88,2
Built-up  Area,Choodasandra,1140.0,2.0,2.0,62.0,2
Super built-up  Area,Sarjapur,3508.0,6.0,2.0,425.0,4
Super built-up  Area,KR Puram,1700.0,3.0,3.0,105.0,3
Super built-up  Area,Old Airport Road,2658.0,5.0,3.0,189.0,4
Super built-up  Area,Other,1600.0,2.0,1.0,90.0,3
Super built-up  Area,OMBR Layout,3400.0,4.0,2.0,275.0,4
Super built-up  Area,Other,1508.0,3.0,1.0,75.0,3
Built-up  Area,Balagere,645.0,1.0,1.0,41.0,1
Super built-up  Area,Hormavu,1046.0,2.0,1.0,60.0,2
Built-up  Area,Other,1500.0,1.0,1.0,300.0,1
Built-up  Area,Other,3000.0,6.0,3.0,300.0,6
Super built-up  Area,Hosa Road,1079.0,2.0,1.0,32.37,2
Super built-up  Area,Thubarahalli,975.0,2.0,1.0,50.0,2
Built-up  Area,Other,1050.0,2.0,1.0,51.0,2
Super built-up  Area,Other,1903.0,3.0,2.0,165.0,3
Super built-up  Area,Other,1200.0,2.0,2.0,38.0,2
Super built-up  Area,Other,2996.0,4.0,3.0,200.0,4
Built-up  Area,Other,3400.0,4.0,2.0,200.0,4
Plot  Area,Whitefield,2000.0,4.0,1.0,312.0,4
Plot  Area,Jigani,1453.0,4.0,1.0,160.0,4
Super built-up  Area,Other,1092.0,2.0,2.0,43.0,2
Super built-up  Area,Hormavu,1400.0,2.0,0.0,75.0,2
Super built-up  Area,Bommanahalli,1416.0,2.0,1.0,85.0,3
Built-up  Area,Other,1602.0,2.0,1.0,75.0,3
Super built-up  Area,Electronic City,1100.0,2.0,1.0,41.0,2
Super built-up  Area,Kothanur,1760.0,3.0,2.0,110.0,3
Super built-up  Area,Marathahalli,3800.0,4.0,3.0,235.0,4
Super built-up  Area,Other,1037.0,2.0,1.0,36.28,2
Super built-up  Area,Yeshwanthpur,1384.0,2.0,2.0,76.18,3
Super built-up  Area,Other,551.0,1.0,1.0,30.0,1
Plot  Area,7th Phase JP Nagar,500.0,1.0,0.0,70.0,1
Super built-up  Area,Sarjapur,900.0,2.0,2.0,27.98,2
Plot  Area,Anandapura,1415.0,2.0,1.0,74.0,3
Super built-up  Area,Other,1400.0,2.0,1.0,44.8,2
Built-up  Area,Other,2850.0,4.0,3.0,460.0,3
Built-up  Area,Kudlu,1030.0,2.0,2.0,75.0,2
Built-up  Area,Kambipura,883.0,2.0,1.0,39.0,2
Super built-up  Area,Other,550.0,1.0,1.0,16.0,1
Super built-up  Area,Anjanapura,1800.0,4.0,2.0,55.0,4
Plot  Area,Other,10000.0,5.0,2.0,1950.0,5
Super built-up  Area,Old Madras Road,1210.0,2.0,1.0,77.0,2
Plot  Area,Other,2000.0,3.0,0.0,90.0,4
Super built-up  Area,Kanakpura Road,1100.0,3.0,1.0,58.0,3
Super built-up  Area,Other,1780.0,3.0,1.0,100.0,3
Built-up  Area,Panathur,1050.0,2.0,2.0,60.0,2
Super built-up  Area,Hosur Road,1370.0,3.0,3.0,38.36,3
Super built-up  Area,Marathahalli,3951.0,4.0,3.0,230.0,4
Super built-up  Area,Bellandur,2500.0,4.0,2.0,112.0,3
Built-up  Area,Other,1050.0,2.0,1.0,49.5,2
Super built-up  Area,Anjanapura,1843.0,3.0,1.0,87.54,3
Plot  Area,Other,1200.0,4.0,1.0,175.0,4
Super built-up  Area,Somasundara Palya,1186.0,2.0,1.0,76.0,2
Super built-up  Area,Haralur Road,560.0,1.0,1.0,45.0,1
Plot  Area,Other,1200.0,3.0,1.0,160.0,4
Super built-up  Area,Yelahanka,1823.0,3.0,2.0,103.0,3
Built-up  Area,Other,1310.0,3.0,3.0,90.0,3
Super built-up  Area,Varthur,1520.0,2.0,2.0,60.0,3
Super built-up  Area,Bhoganhalli,1610.0,3.0,1.0,74.03,3
Plot  Area,Whitefield,1500.0,3.0,1.0,78.57,3
Super built-up  Area,LB Shastri Nagar,1400.0,2.0,2.0,80.0,3
Super built-up  Area,HRBR Layout,1625.0,3.0,2.0,120.0,3
Plot  Area,Chikkalasandra,1500.0,5.0,3.0,265.0,5
Built-up  Area,Other,900.0,2.0,1.0,24.0,2
Built-up  Area,Talaghattapura,1100.0,2.0,0.0,32.0,2
Super built-up  Area,Bannerghatta Road,1000.0,2.0,1.0,50.0,2
Super built-up  Area,Old Airport Road,2774.0,4.0,3.0,197.0,4
Super built-up  Area,Yeshwanthpur,994.0,2.0,0.0,54.67,1
Super built-up  Area,Kaggadasapura,1455.0,3.0,3.0,75.0,3
Built-up  Area,Lakshminarayana Pura,1172.0,2.0,1.0,75.0,2
Super built-up  Area,Hennur,1935.0,3.0,2.0,102.0,3
Super built-up  Area,Rachenahalli,1856.0,3.0,3.0,106.0,3
Super built-up  Area,Old Airport Road,2392.0,3.0,2.0,249.0,3
Super built-up  Area,Uttarahalli,900.0,2.0,2.0,35.0,2
Built-up  Area,Raja Rajeshwari Nagar,1757.0,3.0,3.0,98.0,3
Super built-up  Area,Kudlu,1027.0,2.0,2.0,44.0,2
Super built-up  Area,Whitefield,1626.0,3.0,3.0,85.0,3
Super built-up  Area,Other,1200.0,2.0,1.0,54.0,2
Super built-up  Area,Hoodi,1559.0,3.0,1.0,81.55,3
Super built-up  Area,Amruthahalli,1190.0,2.0,2.0,50.0,2
Super built-up  Area,KR Puram,1200.0,2.0,1.0,72.0,2
Super built-up  Area,Harlur,1174.0,2.0,1.0,74.0,2
Built-up  Area,Kanakpura Road,1140.0,2.0,1.0,65.0,2
Built-up  Area,Other,1603.0,2.0,0.0,125.0,3
Super built-up  Area,Subramanyapura,1278.0,3.0,2.0,70.0,3
Super built-up  Area,Other,2180.0,3.0,2.0,285.0,3
Super built-up  Area,Banashankari Stage III,1085.0,2.0,1.0,50.0,2
Super built-up  Area,Whitefield,1195.0,2.0,1.0,61.36,2
Plot  Area,Other,450.0,1.0,0.0,30.0,1
Super built-up  Area,Rajaji Nagar,6500.0,5.0,2.0,1400.0,4
Super built-up  Area,Attibele,550.0,1.0,1.0,11.5,1
Super built-up  Area,Kenchenahalli,1165.0,2.0,2.0,45.0,2
Super built-up  Area,Other,3000.0,4.0,2.0,301.0,4
Super built-up  Area,Kanakpura Road,1452.0,3.0,3.0,60.0,3
Super built-up  Area,Sarjapur  Road,702.0,1.0,1.0,52.0,1
Super built-up  Area,Banashankari,1020.0,2.0,1.0,42.83,2
Super built-up  Area,Devanahalli,1340.0,2.0,1.0,65.0,2
Super built-up  Area,Marathahalli,1125.0,2.0,1.0,54.8,2
Super built-up  Area,Other,1160.0,2.0,1.0,40.53,2
Built-up  Area,Vidyaranyapura,1050.0,2.0,1.0,50.0,2
Super built-up  Area,JP Nagar,1960.0,3.0,1.0,138.0,3
Built-up  Area,Other,1200.0,3.0,2.0,52.0,2
Plot  Area,Judicial Layout,1200.0,4.0,1.0,220.0,3
Super built-up  Area,Old Airport Road,3496.0,4.0,2.0,262.0,4
Super built-up  Area,Electronic City,975.0,2.0,1.0,32.0,2
Super built-up  Area,Kudlu,1700.0,3.0,3.0,125.0,3
Built-up  Area,8th Phase JP Nagar,1800.0,4.0,0.0,230.0,4
Built-up  Area,Other,1275.0,2.0,3.0,69.0,2
Built-up  Area,Yeshwanthpur,650.0,1.0,0.0,40.0,1
Super built-up  Area,Kasavanhalli,1495.0,2.0,2.0,110.0,2
Super built-up  Area,Hebbal,1200.0,2.0,2.0,48.0,2
Plot  Area,Sarjapura - Attibele Road,3750.0,6.0,2.0,295.0,5
Super built-up  Area,Hennur Road,1679.0,3.0,2.0,94.86,3
Super built-up  Area,Kaval Byrasandra,1450.0,3.0,2.0,75.0,3
Super built-up  Area,Balagere,1210.0,2.0,1.0,82.0,2
Super built-up  Area,Other,1300.0,2.0,1.0,51.0,3
Super built-up  Area,Judicial Layout,1165.0,2.0,1.0,49.61,2
Super built-up  Area,Other,1623.0,3.0,3.0,155.0,3
Super built-up  Area,Channasandra,1115.0,2.0,1.0,35.8,2
Super built-up  Area,BTM Layout,450.0,1.0,1.0,20.0,1
Super built-up  Area,Electronics City Phase 1,1170.0,2.0,1.0,62.0,2
Built-up  Area,KR Puram,2065.0,4.0,0.0,248.0,4
Built-up  Area,Marathahalli,1700.0,3.0,2.0,126.0,3
Super built-up  Area,Malleshpalya,1245.0,2.0,1.0,55.0,2
Built-up  Area,Kanakapura,1017.0,2.0,1.0,66.0,2
Super built-up  Area,Sarjapur  Road,1242.0,2.0,1.0,75.0,2
Super built-up  Area,Yelahanka,1792.0,3.0,1.0,104.0,3
Super built-up  Area,Other,1275.0,3.0,2.0,55.0,3
Plot  Area,Other,2400.0,3.0,0.0,408.0,3
Super built-up  Area,Electronic City,605.0,1.0,1.0,22.0,1
Plot  Area,HBR Layout,1200.0,4.0,2.0,115.0,4
Super built-up  Area,Electronics City Phase 1,1450.0,3.0,2.0,79.0,3
Plot  Area,Other,1232.0,3.0,1.0,96.0,3
Plot  Area,Laggere,1800.0,5.0,0.0,70.0,5
Built-up  Area,Other,900.0,1.0,1.0,52.3,1
Super built-up  Area,Kaggadasapura,1200.0,2.0,2.0,40.0,2
Super built-up  Area,Kadugodi,2100.0,3.0,2.0,204.0,4
Super built-up  Area,Uttarahalli,1065.0,2.0,1.0,42.6,2
Super built-up  Area,Other,1075.0,2.0,1.0,48.38,2
Super built-up  Area,Other,780.0,2.0,1.0,31.0,2
Super built-up  Area,Ramagondanahalli,1910.0,3.0,2.0,150.0,3
Built-up  Area,Cox Town,1280.0,2.0,1.0,120.0,2
Super built-up  Area,Raja Rajeshwari Nagar,1530.0,3.0,2.0,64.0,3
Built-up  Area,Bhoganhalli,2439.0,5.0,2.0,170.0,4
Super built-up  Area,Other,1088.0,2.0,2.0,43.5,2
Super built-up  Area,Raja Rajeshwari Nagar,1587.0,3.0,1.0,73.8,3
Built-up  Area,Kaggadasapura,1045.0,2.0,2.0,55.0,2
Super built-up  Area,Yelahanka,1304.0,2.0,1.0,69.97,2
Super built-up  Area,Whitefield,1100.0,2.0,2.0,65.0,2
Super built-up  Area,Hennur Road,1482.0,2.0,1.0,68.9,3
Built-up  Area,Devanahalli,2125.0,3.0,1.0,107.0,3
Super built-up  Area,Other,1194.0,2.0,2.0,45.0,2
Super built-up  Area,Kengeri,1200.0,2.0,3.0,42.0,2
Super built-up  Area,Other,1070.0,2.0,2.0,32.99,2
Super built-up  Area,Whitefield,1100.0,2.0,1.0,46.5,2
Built-up  Area,Whitefield,1270.0,2.0,2.0,65.0,3
Super built-up  Area,Other,1000.0,2.0,1.0,31.0,2
Super built-up  Area,Vittasandra,1246.0,2.0,1.0,69.0,2
Super built-up  Area,Raja Rajeshwari Nagar,1529.0,3.0,3.0,51.77,3
Super built-up  Area,Thanisandra,1185.0,2.0,2.0,42.0,2
Super built-up  Area,Gubbalala,1060.0,2.0,1.0,46.0,2
Super built-up  Area,Ananth Nagar,1319.0,3.0,1.0,37.75,3
Super built-up  Area,Kaikondrahalli,991.0,2.0,0.0,64.0,2
Super built-up  Area,Thanisandra,662.0,1.0,0.0,38.0,1
Built-up  Area,Other,1200.0,2.0,1.0,110.0,2
Plot  Area,Other,1400.0,2.0,1.0,78.0,3
Super built-up  Area,Talaghattapura,1575.0,3.0,2.0,80.0,3
Plot  Area,Hosakerehalli,600.0,2.0,0.0,65.0,2
Super built-up  Area,Ananth Nagar,1319.0,3.0,1.0,42.0,3
Plot  Area,Brookefield,2000.0,3.0,2.0,300.0,3
Super built-up  Area,Electronics City Phase 1,940.0,2.0,1.0,48.0,2
Super built-up  Area,Bharathi Nagar,1349.0,2.0,2.0,56.7,2
Built-up  Area,Whitefield,3117.0,3.0,2.0,261.0,3
Super built-up  Area,HSR Layout,1844.0,3.0,3.0,95.0,3
Super built-up  Area,Sarjapur  Road,2275.0,4.0,2.0,185.0,3
Super built-up  Area,Bannerghatta,2895.5,2.0,2.0,246.0,4
Super built-up  Area,Varthur Road,1140.0,2.0,2.0,49.11,2
Plot  Area,Other,900.0,3.0,1.0,79.0,3
Super built-up  Area,Other,2648.0,3.0,3.0,238.0,3
Plot  Area,Judicial Layout,5400.0,4.0,2.0,700.0,5
Super built-up  Area,Banashankari,1372.0,2.0,2.0,48.02,3
Built-up  Area,Other,1455.0,2.0,1.0,45.0,3
Super built-up  Area,Hebbal,1100.0,2.0,2.0,38.0,2
Super built-up  Area,Other,1475.0,3.0,1.0,80.0,3
Super built-up  Area,Nagavarapalya,1788.0,3.0,1.0,164.0,3
Super built-up  Area,Kudlu Gate,1850.0,3.0,2.0,120.0,3
Super built-up  Area,Marathahalli,1315.0,2.0,2.0,60.0,3
Super built-up  Area,Other,1721.0,3.0,2.0,93.0,3
Super built-up  Area,Sonnenahalli,1059.0,2.0,1.0,62.0,2
Built-up  Area,Kadubeesanahalli,1184.0,2.0,1.0,55.0,2
Super built-up  Area,Koramangala,2223.0,3.0,2.0,300.0,3
Built-up  Area,Other,1480.0,3.0,2.0,75.0,3
Super built-up  Area,Other,635.0,1.0,1.0,28.0,2
Plot  Area,Other,2400.0,2.0,1.0,228.0,2
Built-up  Area,JP Nagar,1500.0,2.0,0.0,87.0,4
Super built-up  Area,Hosa Road,1143.0,2.0,1.0,34.2,2
Plot  Area,Sarjapur  Road,3200.0,4.0,1.0,350.0,4
Plot  Area,Kanakpura Road,3170.0,4.0,3.0,250.0,4
Built-up  Area,Other,4800.0,4.0,3.0,420.0,4
Super built-up  Area,Kothannur,1485.0,2.0,2.0,59.4,3
Super built-up  Area,Rajaji Nagar,1640.0,3.0,2.0,251.0,3
Super built-up  Area,Hennur,1655.0,2.0,1.0,70.5,3
Super built-up  Area,Other,900.0,2.0,2.0,41.0,2
Built-up  Area,Other,1163.0,2.0,2.0,68.0,2
Carpet  Area,Yelahanka New Town,485.021334,2.0,1.0,18.0,1
Super built-up  Area,Hennur Road,1654.0,3.0,2.0,97.8,3
Super built-up  Area,Other,801.0,1.0,0.0,33.645,1
Built-up  Area,Other,2100.0,3.0,1.0,1000.0,4
Super built-up  Area,Bellandur,1685.0,3.0,3.0,101.0,3
Built-up  Area,Banashankari,1540.0,3.0,3.0,80.0,3
Super built-up  Area,Thanisandra,1265.0,2.0,1.0,72.0,2
Super built-up  Area,Kasavanhalli,1200.0,2.0,3.0,38.4,3
Built-up  Area,Other,1300.0,2.0,1.0,80.0,3
Super built-up  Area,Sultan Palaya,1009.0,2.0,1.0,65.0,2
Super built-up  Area,Other,1540.0,3.0,2.0,65.0,3
Built-up  Area,Bellandur,1735.0,3.0,3.0,105.0,3
Plot  Area,HSR Layout,2500.0,4.0,3.0,300.0,4
Super built-up  Area,Hosakerehalli,2480.0,4.0,1.0,265.0,3
Built-up  Area,Electronic City,1142.0,2.0,0.0,35.0,2
Super built-up  Area,Other,1215.0,2.0,2.0,46.8,3
Super built-up  Area,Electronic City,1070.0,2.0,1.0,48.0,2
Super built-up  Area,Electronic City Phase II,1125.0,2.0,1.0,32.49,2
Built-up  Area,Bommasandra Industrial Area,1125.0,2.0,1.0,32.49,2
Super built-up  Area,Kasavanhalli,1575.0,2.0,3.0,85.0,2
Super built-up  Area,Hosa Road,1360.0,2.0,1.0,77.61,2
Super built-up  Area,Haralur Road,1710.0,3.0,2.0,85.0,3
Super built-up  Area,Electronic City Phase II,1200.0,2.0,1.0,34.65,2
Super built-up  Area,Bannerghatta Road,2185.0,3.0,3.0,120.0,4
Built-up  Area,Other,2400.0,4.0,3.0,135.0,4
Super built-up  Area,Banashankari,1195.0,2.0,1.0,35.84,2
Super built-up  Area,Bannerghatta Road,1012.0,2.0,1.0,45.0,2
Super built-up  Area,Other,998.0,2.0,2.0,65.0,2
Plot  Area,Doddaballapur,2400.0,3.0,1.0,250.0,3
Super built-up  Area,7th Phase JP Nagar,1130.0,2.0,2.0,85.0,2
Super built-up  Area,Koramangala,1744.0,4.0,1.0,210.0,3
Super built-up  Area,Rajaji Nagar,2733.0,5.0,2.0,259.0,4
Super built-up  Area,Karuna Nagar,1354.0,2.0,1.0,98.0,3
Plot  Area,Other,3300.0,9.0,2.0,450.0,10
Super built-up  Area,Brookefield,1389.0,2.0,2.0,94.0,2
Plot  Area,Sarjapur,2970.0,3.0,3.0,130.0,4
Super built-up  Area,Cooke Town,2560.0,4.0,2.0,310.0,3
Super built-up  Area,Lakshminarayana Pura,1172.0,2.0,2.0,75.0,2
Super built-up  Area,Kaggadasapura,1495.0,3.0,2.0,60.0,3
Super built-up  Area,Varthur,1738.0,2.0,1.0,57.35,2
Super built-up  Area,Dodda Nekkundi,1315.0,2.0,2.0,50.0,2
Super built-up  Area,Marathahalli,1270.0,2.0,3.0,73.0,2
Super built-up  Area,Electronic City Phase II,1160.0,2.0,1.0,52.2,2
Super built-up  Area,Raja Rajeshwari Nagar,1450.0,2.0,1.0,67.0,3
Built-up  Area,Rayasandra,470.0,1.0,1.0,21.0,1
Built-up  Area,Other,1040.0,2.0,2.0,78.0,2
Super built-up  Area,Sarjapur,1205.0,2.0,2.0,29.0,2
Super built-up  Area,Other,1215.0,2.0,3.0,50.0,3
Super built-up  Area,Whitefield,1135.0,2.0,2.0,58.0,2
Super built-up  Area,8th Phase JP Nagar,1224.0,2.0,2.0,48.95,3
Built-up  Area,Budigere,664.0,1.0,1.0,34.0,1
Super built-up  Area,Electronic City,1160.0,2.0,2.0,42.0,3
Plot  Area,Babusapalaya,1200.0,2.0,0.0,105.0,2
Built-up  Area,Bommasandra Industrial Area,1220.0,2.0,1.0,35.2,3
Super built-up  Area,Bharathi Nagar,1328.0,2.0,2.0,69.0,2
Super built-up  Area,Other,975.0,2.0,2.0,45.0,2
Built-up  Area,Other,1907.0,2.0,1.0,200.0,3
Built-up  Area,Malleshwaram,900.0,2.0,1.0,72.0,2
Super built-up  Area,Other,1330.0,2.0,2.0,80.0,2
Super built-up  Area,Rajiv Nagar,2330.0,5.0,1.0,175.0,4
Built-up  Area,Munnekollal,1222.0,3.0,2.0,95.0,3
Plot  Area,Other,4446.0,3.0,2.0,410.0,3
Super built-up  Area,Sarjapur  Road,2100.0,3.0,1.0,135.0,3
Super built-up  Area,Sarjapur  Road,3335.0,4.0,3.0,290.0,4
Built-up  Area,Whitefield,3150.0,3.0,1.0,290.0,3
Plot  Area,Other,1320.0,2.0,1.0,95.0,3
Plot  Area,Other,8000.0,5.0,3.0,550.0,5
Plot  Area,Hennur Road,2400.0,5.0,3.0,500.0,4
Plot  Area,Hosur Road,2000.0,4.0,1.0,130.0,4
Super built-up  Area,Electronic City Phase II,1244.0,2.0,1.0,55.0,2
Super built-up  Area,Other,1000.0,2.0,1.0,50.0,2
Super built-up  Area,Gunjur Palya,1400.0,3.0,2.0,45.0,3
Super built-up  Area,Other,1000.0,2.0,2.0,35.0,2
Plot  Area,Rajaji Nagar,1056.0,1.0,0.0,250.0,2
Super built-up  Area,Hebbal,2630.0,5.0,0.0,188.0,4
Super built-up  Area,Other,1225.0,2.0,2.0,48.0,2
Super built-up  Area,Hebbal,2790.0,5.0,3.0,198.0,4
Super built-up  Area,Indira Nagar,2800.0,4.0,3.0,365.0,4
Super built-up  Area,Seegehalli,1683.0,3.0,3.0,80.0,3
Built-up  Area,Yelahanka,1250.0,2.0,2.0,54.0,2
Super built-up  Area,Hennur Road,1305.0,2.0,1.0,110.0,3
Plot  Area,Sarjapur  Road,3009.0,3.0,1.0,331.0,3
Super built-up  Area,Kaggalipura,1150.0,2.0,1.0,57.5,3
Built-up  Area,Kaggadasapura,1654.0,3.0,3.0,70.0,3
Carpet  Area,Other,4500.0,3.0,0.0,225.0,4
Super built-up  Area,Kadugodi,1890.0,4.0,3.0,125.0,3
Super built-up  Area,Kasavanhalli,1069.0,2.0,2.0,55.0,2
Super built-up  Area,Chandapura,750.0,1.0,1.0,18.5,2
Built-up  Area,Hormavu,2400.0,3.0,1.0,177.0,3
Plot  Area,Koramangala,1410.0,2.0,0.0,280.0,4
Super built-up  Area,7th Phase JP Nagar,1680.0,3.0,3.0,130.0,3
Super built-up  Area,Other,3500.0,4.0,2.0,500.0,3
Super built-up  Area,Sarjapur  Road,1700.0,3.0,2.0,93.5,3
Plot  Area,Other,2200.0,2.0,0.0,150.0,4
Super built-up  Area,Thanisandra,1595.0,3.0,1.0,105.0,3
Super built-up  Area,Hennur Road,1480.0,3.0,2.0,100.0,3
Plot  Area,Other,1092.0,3.0,1.0,95.0,3
Super built-up  Area,Koramangala,1866.0,4.0,2.0,245.0,3
Super built-up  Area,Hebbal,3895.0,3.0,2.0,390.0,3
Super built-up  Area,Banashankari,1683.0,3.0,2.0,115.0,3
Super built-up  Area,Banaswadi,1340.0,2.0,2.0,73.0,2
Built-up  Area,Other,1100.0,3.0,2.0,53.0,3
Plot  Area,Akshaya Nagar,2000.0,1.0,0.0,200.0,1
Super built-up  Area,Whitefield,1185.0,2.0,2.0,56.0,2
Super built-up  Area,Haralur Road,1730.0,3.0,1.0,95.0,3
Super built-up  Area,Hennur Road,1450.0,3.0,1.0,88.6,3
Super built-up  Area,Sarjapur  Road,1862.0,4.0,1.0,110.0,3
Plot  Area,Sarjapur  Road,4000.0,5.0,1.0,578.0,4
Built-up  Area,Old Madras Road,2430.0,5.0,2.0,180.0,3
Super built-up  Area,Hoodi,863.0,1.0,0.0,40.55,1
Super built-up  Area,Other,1170.0,2.0,3.0,50.0,2
Super built-up  Area,Other,1075.0,2.0,2.0,50.0,2
Super built-up  Area,Kodichikkanahalli,1060.0,2.0,1.0,34.0,2
Super built-up  Area,Sarjapur,850.0,2.0,2.0,32.0,2
Super built-up  Area,Other,935.0,2.0,1.0,45.9,2
Built-up  Area,Gollarapalya Hosahalli,1905.0,3.0,2.0,86.0,4
Built-up  Area,Other,2000.0,6.0,3.0,300.0,6
Built-up  Area,Chikkabanavar,1500.0,4.0,1.0,105.0,4
Built-up  Area,Bannerghatta Road,1725.0,3.0,3.0,85.0,3
Super built-up  Area,Other,1120.0,2.0,3.0,36.0,2
Super built-up  Area,Brookefield,1750.0,2.0,2.0,75.0,3
Super built-up  Area,7th Phase JP Nagar,2000.0,3.0,2.0,77.0,3
Built-up  Area,Koramangala,1745.0,3.0,3.0,98.0,3
Super built-up  Area,Uttarahalli,1270.0,2.0,2.0,55.25,3
Super built-up  Area,Iblur Village,5384.0,5.0,3.0,420.0,5
Super built-up  Area,Sahakara Nagar,1180.0,2.0,2.0,72.0,2
Built-up  Area,Other,1130.0,2.0,1.0,75.0,2
Super built-up  Area,Ardendale,1723.0,3.0,2.0,95.0,3
Built-up  Area,Mysore Road,1175.0,2.0,2.0,70.5,2
Super built-up  Area,Ambalipura,1607.0,2.0,2.0,112.0,3
Built-up  Area,Other,1334.0,2.0,1.0,62.0,2
Built-up  Area,Other,2800.0,5.0,3.0,130.0,5
Super built-up  Area,Bannerghatta,1113.0,2.0,1.0,70.0,2
Built-up  Area,9th Phase JP Nagar,1300.0,2.0,2.0,58.0,3
Plot  Area,Judicial Layout,2400.0,4.0,2.0,350.0,4
Built-up  Area,Sahakara Nagar,1200.0,2.0,2.0,60.0,2
Super built-up  Area,Other,1900.0,3.0,2.0,190.0,3
Super built-up  Area,Jakkur,5150.0,4.0,3.0,559.0,4
Super built-up  Area,Whitefield,2956.0,5.0,2.0,234.0,4
Super built-up  Area,Panathur,1398.0,2.0,1.0,97.0,2
Plot  Area,Margondanahalli,1152.0,1.0,0.0,66.0,2
Plot  Area,Other,1200.0,5.0,2.0,325.0,4
Super built-up  Area,Nagavara,1110.0,2.0,2.0,44.95,2
Built-up  Area, Devarachikkanahalli,1116.0,2.0,1.0,47.0,2
Super built-up  Area,Babusapalaya,1061.0,2.0,1.0,33.84,2
Super built-up  Area,Malleshwaram,620.0,1.0,1.0,86.8,1
Built-up  Area,Yelahanka,1270.0,2.0,2.0,57.0,2
Super built-up  Area,Other,966.0,2.0,2.0,50.0,2
Plot  Area,Other,1200.0,4.0,1.0,110.0,4
Plot  Area,Other,1320.0,4.0,3.0,249.0,4
Super built-up  Area,Iblur Village,3596.0,5.0,1.0,297.0,4
Super built-up  Area,Other,1630.0,3.0,2.0,131.0,3
Super built-up  Area,Amruthahalli,1202.0,2.0,1.0,65.0,2
Plot  Area,Other,1200.0,4.0,2.0,250.0,4
Built-up  Area,Jakkur,1300.0,2.0,2.0,80.0,2
Super built-up  Area,Electronic City,1360.0,2.0,1.0,70.0,3
Super built-up  Area,Hennur Road,1155.0,2.0,1.0,69.18,2
Super built-up  Area,Hosakerehalli,2378.0,3.0,1.0,310.0,3
Super built-up  Area,Hulimavu,1011.0,2.0,2.0,38.0,2
Built-up  Area,HSR Layout,1203.0,2.0,2.0,72.0,2
Super built-up  Area,Hebbal,1645.0,3.0,2.0,113.0,3
Super built-up  Area,Horamavu Agara,1364.0,2.0,3.0,50.0,3
Built-up  Area,Other,1050.0,2.0,2.0,41.0,1
Super built-up  Area,Kothanur,1365.0,3.0,3.0,66.0,3
Super built-up  Area,Jigani,1252.0,3.0,3.0,70.0,3
Built-up  Area,Panathur,1065.0,2.0,1.0,58.0,2
Super built-up  Area,Uttarahalli,1270.0,2.0,1.0,55.25,3
Built-up  Area,Sahakara Nagar,1032.0,2.0,2.0,45.0,2
Super built-up  Area,Frazer Town,2900.0,4.0,2.0,325.0,4
Super built-up  Area,Sector 2 HSR Layout,1515.0,2.0,3.0,69.0,3
Super built-up  Area,Other,1427.0,2.0,2.0,52.0,2
Super built-up  Area,Magadi Road,940.0,2.0,2.0,50.0,2
Super built-up  Area,Bannerghatta Road,1460.0,2.0,2.0,80.0,3
Super built-up  Area,Sarjapur  Road,2275.0,4.0,2.0,175.0,3
Super built-up  Area,9th Phase JP Nagar,1522.0,3.0,2.0,90.0,3
Plot  Area,Other,3210.0,4.0,2.0,380.0,3
Super built-up  Area,Thanisandra,1185.0,2.0,2.0,42.67,2
Built-up  Area,Banashankari,1800.0,3.0,2.0,125.0,3
Super built-up  Area,Electronics City Phase 1,940.0,2.0,1.0,44.0,2
Plot  Area,Other,1200.0,4.0,2.0,135.0,4
Super built-up  Area,Marathahalli,1530.0,3.0,2.0,71.0,3
Built-up  Area,Other,1050.0,2.0,1.0,48.0,2
Super built-up  Area,Subramanyapura,929.0,2.0,2.0,49.0,2
Built-up  Area,Other,3750.0,5.0,3.0,145.0,4
Super built-up  Area,Whitefield,1530.0,3.0,3.0,75.0,3
Plot  Area,Other,900.0,2.0,1.0,48.0,2
Super built-up  Area,Other,978.0,2.0,1.0,34.22,2
Built-up  Area,Other,4041.0,4.0,2.0,345.0,4
Super built-up  Area,Ambalipura,770.0,1.0,2.0,43.82,1
Built-up  Area,Kaval Byrasandra,1066.0,2.0,3.0,55.0,2
Super built-up  Area,Electronic City,635.0,1.0,0.0,28.0,1
Super built-up  Area,Whitefield,1015.0,2.0,1.0,45.0,2
Built-up  Area,Hebbal,1175.0,2.0,0.0,54.05,2
Plot  Area,Chikkabanavar,1200.0,4.0,2.0,130.0,4
Super built-up  Area,Vidyaranyapura,1188.0,2.0,1.0,50.0,2
Plot  Area,Indira Nagar,2400.0,5.0,2.0,700.0,5
Super built-up  Area,Other,620.0,1.0,1.0,25.0,1
Built-up  Area,Other,1210.0,2.0,0.0,75.0,2
Plot  Area,Attibele,1000.0,3.0,1.0,90.0,3
Super built-up  Area,Rajaji Nagar,1500.0,2.0,2.0,99.0,3
Plot  Area,Electronic City,1800.0,3.0,2.0,190.0,4
Super built-up  Area,Thanisandra,1185.0,2.0,2.0,43.66,2
Built-up  Area,Basavangudi,1600.0,3.0,3.0,130.0,3
Super built-up  Area,Gottigere,1100.0,2.0,1.0,28.0,2
Super built-up  Area,Yelahanka,1300.0,2.0,2.0,69.23,2
Super built-up  Area,Kasavanhalli,1100.0,2.0,1.0,68.0,2
Super built-up  Area,Ambalipura,860.0,2.0,1.0,28.93,2
Super built-up  Area,Panathur,1007.0,2.0,1.0,64.0,2
Super built-up  Area,Akshaya Nagar,1100.0,2.0,2.0,48.0,2
Super built-up  Area,Whitefield,1187.0,2.0,1.0,38.0,2
Super built-up  Area,R.T. Nagar,1150.0,2.0,2.0,72.0,2
Super built-up  Area,Nagavara,2400.0,3.0,2.0,252.0,3
Super built-up  Area,Other,1180.0,2.0,3.0,41.94,2
Super built-up  Area,Budigere,1820.0,3.0,2.0,85.2,3
Plot  Area,Other,2400.0,6.0,2.0,775.0,3
Super built-up  Area,KR Puram,3628.0,4.0,1.0,246.0,4
Built-up  Area,Other,1430.0,3.0,2.0,70.0,3
Super built-up  Area,Kanakpura Road,700.0,2.0,1.0,40.0,2
Plot  Area,Other,1200.0,1.0,0.0,70.0,2
Super built-up  Area,Old Madras Road,1165.0,2.0,1.0,40.77,2
Super built-up  Area,Jalahalli,1569.0,3.0,2.0,118.0,3
Super built-up  Area,Other,1950.0,4.0,3.0,95.0,3
Plot  Area,Other,1200.0,3.0,1.0,70.0,2
Super built-up  Area,Yelahanka New Town,2437.0,3.0,2.0,125.0,3
Super built-up  Area,Marathahalli,950.0,2.0,2.0,46.7,2
Built-up  Area,Bellandur,1685.0,3.0,3.0,115.0,3
Super built-up  Area,Green Glen Layout,3270.0,4.0,3.0,205.0,4
Super built-up  Area,Sarjapur  Road,1314.0,2.0,2.0,110.0,2
Super built-up  Area,Other,1250.0,3.0,2.0,40.0,3
Built-up  Area,Other,1130.0,2.0,2.0,68.0,2
Super built-up  Area,Whitefield,2247.0,3.0,2.0,145.0,3
Super built-up  Area,Marathahalli,1550.0,3.0,2.0,85.0,3
Super built-up  Area,Hoodi,1715.0,2.0,2.0,100.0,3
Super built-up  Area,Hennur Road,1053.0,2.0,1.0,53.0,2
Plot  Area,Begur Road,1200.0,3.0,0.0,50.0,3
Plot  Area,HBR Layout,1800.0,2.0,1.0,230.0,3
Built-up  Area,Chikkabanavar,2400.0,4.0,0.0,97.0,5
Super built-up  Area,Other,1245.0,1.0,3.0,60.0,2
Plot  Area,Whitefield,3940.0,5.0,3.0,265.0,4
Built-up  Area,Thanisandra,1241.0,2.0,1.0,65.0,3
Built-up  Area,7th Phase JP Nagar,2980.0,4.0,2.0,260.0,3
Super built-up  Area,Raja Rajeshwari Nagar,1090.0,2.0,2.0,57.0,2
Super built-up  Area,Other,1390.0,2.0,1.0,50.0,3
Super built-up  Area,Other,2750.0,5.0,2.0,275.0,3
Super built-up  Area,Kanakpura Road,1100.0,2.0,1.0,52.97,3
Built-up  Area,Koramangala,1350.0,2.0,2.0,103.0,2
Built-up  Area,Other,800.0,2.0,2.0,55.0,2
Super built-up  Area,Sarjapur  Road,1787.0,3.0,2.0,116.0,3
Built-up  Area,BTM Layout,2400.0,3.0,2.0,220.0,3
Super built-up  Area,Haralur Road,3700.0,4.0,2.0,325.0,4
Super built-up  Area,Sarjapur  Road,1691.0,3.0,2.0,93.01,3
Plot  Area,Chikka Tirupathi,2325.0,3.0,2.0,95.0,3
Super built-up  Area,Akshaya Nagar,1896.0,3.0,2.0,102.0,3
Super built-up  Area,Banashankari Stage V,1540.0,3.0,2.0,48.51,3
Super built-up  Area,Other,1244.0,2.0,2.0,95.0,2
Super built-up  Area,Hormavu,1365.0,2.0,2.0,65.0,3
Super built-up  Area,Thanisandra,580.0,1.0,1.0,27.5,1
Plot  Area,Other,1500.0,4.0,2.0,180.0,3
Super built-up  Area,8th Phase JP Nagar,1513.0,2.0,3.0,62.0,2
Super built-up  Area,Banashankari,1175.0,2.0,1.0,41.13,2
Super built-up  Area,Thanisandra,2087.0,4.0,2.0,139.0,3
Super built-up  Area,Talaghattapura,2273.0,3.0,2.0,145.0,3
Super built-up  Area,Thanisandra,2050.0,3.0,2.0,150.0,3
Built-up  Area,Other,1200.0,2.0,1.0,75.0,2
Super built-up  Area,Whitefield,1190.0,2.0,3.0,59.0,2
Super built-up  Area,Marathahalli,1019.0,2.0,2.0,49.86,2
Super built-up  Area,Thigalarapalya,1830.0,3.0,2.0,133.0,3
Plot  Area,Channasandra,4278.0,7.0,1.0,299.0,7
Super built-up  Area,Sarjapur  Road,1028.0,2.0,1.0,56.0,2
Built-up  Area,Old Madras Road,1300.0,2.0,2.0,100.0,2
Super built-up  Area,Whitefield,1160.0,2.0,1.0,67.0,2
Super built-up  Area,Mahadevpura,1505.0,3.0,2.0,78.0,3
Plot  Area,Other,400.0,2.0,1.0,50.0,1
Super built-up  Area,Sarjapur,1175.0,2.0,1.0,41.68,2
Super built-up  Area,Other,1100.0,2.0,2.0,57.6,2
Super built-up  Area,Other,2159.0,3.0,2.0,120.0,3
Super built-up  Area,Devanahalli,1230.0,2.0,1.0,56.45,2
Plot  Area,Other,1200.0,4.0,2.0,180.0,3
Built-up  Area,Other,3100.0,6.0,1.0,165.0,5
Super built-up  Area,Old Madras Road,5020.0,7.0,0.0,287.0,5
Built-up  Area,Other,1200.0,1.0,0.0,48.0,1
Super built-up  Area,Other,1340.0,2.0,1.0,71.0,2
Super built-up  Area,Banashankari,1750.0,2.0,2.0,89.0,3
Super built-up  Area,Banashankari Stage II,1400.0,2.0,1.0,100.0,2
Built-up  Area,Nagarbhavi,1350.0,3.0,0.0,60.0,3
Super built-up  Area,Other,1675.0,3.0,3.0,62.0,3
Super built-up  Area,Thanisandra,1340.0,2.0,1.0,66.33,2
Built-up  Area,Malleshwaram,600.0,1.0,0.0,68.0,2
Super built-up  Area,Hulimavu,1276.0,2.0,2.0,76.0,2
Super built-up  Area,Ramagondanahalli,1738.0,2.0,3.0,76.0,3
Super built-up  Area,Other,1190.0,2.0,2.0,59.9,2
Super built-up  Area,Electronic City,1128.0,2.0,1.0,65.45,2
Super built-up  Area,Other,1250.0,2.0,1.0,55.0,2
Built-up  Area,Other,1450.0,2.0,2.0,90.0,2
Super built-up  Area,Kudlu,1084.0,2.0,1.0,53.0,2
Built-up  Area,Kaggadasapura,2150.0,4.0,2.0,90.0,4
Built-up  Area,Koramangala,6000.0,4.0,0.0,625.0,4
Super built-up  Area,Hosur Road,1250.0,2.0,2.0,65.0,2
Plot  Area,Seegehalli,2400.0,4.0,1.0,240.0,3
Super built-up  Area,Begur,1304.0,3.0,0.0,65.0,3
Super built-up  Area,Rajaji Nagar,1640.0,3.0,2.0,268.0,3
Built-up  Area,7th Phase JP Nagar,980.0,2.0,1.0,77.44,2
Super built-up  Area,Other,1275.0,2.0,2.0,49.5,2
Plot  Area,Other,2500.0,4.0,0.0,140.0,3
Built-up  Area,Other,3600.0,4.0,0.0,225.0,4
Plot  Area,Anekal,2400.0,4.0,0.0,95.0,3
Super built-up  Area,Other,2300.0,3.0,2.0,280.0,3
Super built-up  Area,Kanakpura Road,1450.0,2.0,2.0,70.18,3
Super built-up  Area,Electronic City,890.0,2.0,1.0,40.0,2
Super built-up  Area,Bannerghatta Road,1340.0,2.0,3.0,85.0,2
Super built-up  Area,Vidyaranyapura,1100.0,2.0,1.0,75.0,3
Super built-up  Area,Kengeri,750.0,2.0,1.0,40.0,2
Super built-up  Area,Akshaya Nagar,1300.0,2.0,2.0,66.0,2
Super built-up  Area,HRBR Layout,1301.0,2.0,1.0,120.0,2
Built-up  Area,Other,3200.0,8.0,1.0,130.0,9
Plot  Area,Other,1900.0,2.0,2.0,92.0,3
Super built-up  Area,Kanakpura Road,1299.0,2.0,1.0,105.0,2
Super built-up  Area,Other,1250.0,3.0,3.0,40.0,3
Plot  Area,Whitefield,1600.0,4.0,2.0,300.0,4
Super built-up  Area,Kalkere,925.0,2.0,1.0,55.0,2
Plot  Area,Other,3900.0,3.0,3.0,250.0,3
Super built-up  Area,Uttarahalli,1107.0,2.0,1.0,45.0,2
Plot  Area,Other,1400.0,2.0,2.0,160.0,2
Super built-up  Area,Electronics City Phase 1,1300.0,2.0,1.0,67.0,2
Super built-up  Area,Other,1715.0,3.0,2.0,95.0,3
Built-up  Area,Uttarahalli,1200.0,2.0,1.0,55.0,2
Super built-up  Area,Other,703.0,2.0,1.0,60.0,2
Super built-up  Area,Talaghattapura,921.0,2.0,2.0,29.47,2
Super built-up  Area,Marathahalli,1144.0,2.0,2.0,65.0,2
Super built-up  Area,Kanakpura Road,525.0,1.0,1.0,26.01,1
Super built-up  Area,Other,1400.0,2.0,2.0,56.0,3
Super built-up  Area,Balagere,661.0,1.0,1.0,33.0,1
Super built-up  Area,Yelahanka,1705.0,3.0,1.0,91.0,3
Super built-up  Area,Kadugodi,1430.0,2.0,0.0,55.0,3
Super built-up  Area,Marathahalli,1240.0,2.0,2.0,55.0,2
Super built-up  Area,Electronics City Phase 1,1000.0,2.0,3.0,28.0,2
Super built-up  Area,Uttarahalli,1330.0,2.0,2.0,46.45,3
Super built-up  Area,Sarjapur  Road,3005.0,5.0,2.0,275.0,4
Super built-up  Area,Shivaji Nagar,1300.0,3.0,2.0,170.0,3
Super built-up  Area,Banashankari Stage III,1500.0,2.0,2.0,100.0,3
Plot  Area,Other,1200.0,4.0,1.0,156.0,3
Built-up  Area,Cox Town,1073.0,2.0,2.0,72.0,2
Built-up  Area,Kudlu,1300.0,2.0,2.0,56.0,2
Plot  Area,Sarjapur,4201.0,4.0,3.0,435.0,4
Super built-up  Area,Whitefield,1216.0,2.0,1.0,66.88,2
Built-up  Area,Jigani,1252.0,3.0,2.0,59.0,3
Super built-up  Area,Hormavu,1196.0,2.0,1.0,44.8,2
Built-up  Area,Kudlu,1027.0,2.0,2.0,44.0,2
Super built-up  Area,Other,1270.0,2.0,2.0,57.15,3
Super built-up  Area,Mico Layout,1171.0,2.0,2.0,39.0,2
Super built-up  Area,Kothannur,1215.0,2.0,3.0,48.6,3
Plot  Area,Other,600.0,1.0,0.0,20.0,1
Super built-up  Area,Whitefield,1180.0,2.0,1.0,77.0,2
Built-up  Area,Electronic City Phase II,1160.0,2.0,1.0,33.51,2
Plot  Area,Other,4382.0,4.0,3.0,400.0,4
Super built-up  Area,Whitefield,2140.0,3.0,2.0,139.0,3
Super built-up  Area,Yeshwanthpur,1500.0,3.0,1.0,100.0,3
Super built-up  Area,Banaswadi,1008.0,2.0,2.0,52.0,2
Super built-up  Area,Ambedkar Nagar,1921.0,4.0,3.0,129.0,3
Super built-up  Area,Electronic City,1127.0,2.0,2.0,32.0,2
Super built-up  Area,Rajaji Nagar,1621.0,3.0,1.0,124.0,3
Plot  Area,Other,2400.0,3.0,0.0,360.0,3
Super built-up  Area,Other,1030.0,2.0,2.0,77.25,3
Super built-up  Area,Whitefield,1314.0,2.0,1.0,84.0,2
Super built-up  Area,Choodasandra,1220.0,3.0,1.0,56.0,3
Built-up  Area,JP Nagar,1590.0,2.0,3.0,85.0,3
Super built-up  Area,Shivaji Nagar,703.0,2.0,1.0,49.5,2
Super built-up  Area,Hosakerehalli,1795.0,3.0,2.0,64.62,3
Built-up  Area,Gottigere,3000.0,3.0,0.0,132.0,4
Super built-up  Area,Sarjapur  Road,4395.0,4.0,2.0,242.0,4
Super built-up  Area,Electronic City,825.0,2.0,1.0,35.0,2
Super built-up  Area,Yelahanka,4025.0,6.0,1.0,350.0,4
Super built-up  Area,Other,1254.0,2.0,1.0,70.0,3
Built-up  Area,Ramagondanahalli,2040.0,3.0,2.0,114.0,3
Super built-up  Area,Malleshwaram,2475.0,4.0,3.0,337.0,3
Super built-up  Area,Other,1669.0,3.0,2.0,298.0,3
Super built-up  Area,Nagappa Reddy Layout,1820.0,3.0,2.0,79.5,3
Super built-up  Area,Horamavu Agara,1623.0,3.0,1.0,89.0,3
Super built-up  Area,Electronic City,1200.0,2.0,2.0,40.5,2
Super built-up  Area,Gottigere,1613.0,3.0,3.0,72.0,3
Super built-up  Area,Other,1293.0,2.0,2.0,80.0,2
Super built-up  Area,Hoskote,1065.0,2.0,2.0,28.5,2
Super built-up  Area,Kudlu Gate,940.0,2.0,1.0,69.57,2
Super built-up  Area,Sarjapur  Road,1181.0,2.0,1.0,65.0,3
Super built-up  Area,Malleshwaram,2215.0,3.0,2.0,275.0,3
Built-up  Area,Marathahalli,1100.0,2.0,2.0,75.0,1
Super built-up  Area,Other,1050.0,2.0,1.0,36.0,2
Super built-up  Area,Subramanyapura,1260.0,2.0,1.0,75.0,3
Super built-up  Area,Banashankari Stage II,2800.0,3.0,2.0,425.0,5
Super built-up  Area,Other,1500.0,3.0,2.0,56.0,3
Plot  Area,Other,1000.0,2.0,0.0,66.0,2
Super built-up  Area,Whitefield,1530.0,3.0,3.0,73.0,3
Super built-up  Area,Other,1864.0,3.0,3.0,115.0,3
Built-up  Area,Sarjapur,1575.0,3.0,3.0,55.0,3
Plot  Area,Attibele,1200.0,3.0,2.0,105.0,3
Super built-up  Area,Raja Rajeshwari Nagar,945.0,2.0,1.0,45.0,2
Super built-up  Area,Sarjapur  Road,1691.0,3.0,2.0,100.0,3
Plot  Area,Other,1200.0,2.0,3.0,135.0,2
Built-up  Area,Electronic City Phase II,1220.0,3.0,1.0,35.25,3
Built-up  Area,Kengeri,600.0,1.0,1.0,35.0,1
Super built-up  Area,Whitefield,1160.0,2.0,2.0,39.0,2
Super built-up  Area,Other,1950.0,2.0,2.0,89.5,3
Super built-up  Area,Vittasandra,1650.0,3.0,1.0,85.0,3
Built-up  Area,Other,2400.0,4.0,1.0,150.0,4
Super built-up  Area,Abbigere,795.0,1.0,1.0,32.6,2
Super built-up  Area,Kalyan nagar,2285.0,4.0,1.0,165.0,3
Super built-up  Area,Other,1263.0,2.0,1.0,51.5,2
Super built-up  Area,Hennur,1345.0,2.0,1.0,69.0,3
Built-up  Area,Other,4400.0,5.0,3.0,240.0,5
Super built-up  Area,Electronic City,1360.0,2.0,1.0,58.0,3
Super built-up  Area,Sarjapur  Road,1026.0,2.0,1.0,60.55,2
Super built-up  Area,Other,1050.0,2.0,2.0,38.0,2
Super built-up  Area,Uttarahalli,1460.0,3.0,3.0,76.0,3
Super built-up  Area,Other,1525.0,2.0,2.0,91.48,3
Built-up  Area,Kanakpura Road,1843.0,3.0,2.0,85.0,3
Super built-up  Area,Ananth Nagar,1000.0,2.0,3.0,25.0,2
Super built-up  Area,Koramangala,1642.0,2.0,1.0,115.0,3
Super built-up  Area,Other,975.0,2.0,1.0,60.0,2
Super built-up  Area,Bisuvanahalli,1075.0,2.0,1.0,44.0,3
Super built-up  Area,Panathur,1210.0,2.0,1.0,77.93,2
Super built-up  Area,Other,2000.0,3.0,2.0,100.0,3
Super built-up  Area,Akshaya Nagar,1225.0,2.0,0.0,68.0,2
Super built-up  Area,Jakkur,1290.0,2.0,1.0,80.04,2
Built-up  Area,Other,1220.0,2.0,0.0,56.0,2
Plot  Area,Other,1500.0,2.0,0.0,85.0,1
Super built-up  Area,Kaggadasapura,1361.0,2.0,2.0,79.0,2
Plot  Area,Frazer Town,2801.25,4.0,1.0,462.0,5
Built-up  Area,1st Phase JP Nagar,1394.0,2.0,2.0,85.0,2
Super built-up  Area,Yelahanka,870.0,2.0,1.0,27.0,2
Plot  Area,Other,5000.0,5.0,3.0,300.0,4
Super built-up  Area,Rajaji Nagar,1222.0,2.0,2.0,98.0,2
Super built-up  Area,Bellandur,1846.0,3.0,2.0,135.0,3
Plot  Area,Benson Town,1688.12,2.0,1.0,270.0,2
Super built-up  Area,Yeshwanthpur,1167.0,2.0,2.0,64.08,2
Super built-up  Area,Ananth Nagar,902.0,2.0,2.0,25.0,2
Super built-up  Area,Kannamangala,2422.0,4.0,3.0,135.0,4
Built-up  Area,Other,1000.0,2.0,0.0,50.0,2
Built-up  Area,Kundalahalli,1260.0,2.0,0.0,58.0,2
Built-up  Area,Banashankari Stage II,3000.0,3.0,2.0,450.0,3
Super built-up  Area,Jigani,939.0,2.0,2.0,39.0,2
Plot  Area,Jalahalli,600.0,1.0,0.0,37.0,1
Built-up  Area,8th Phase JP Nagar,1298.0,2.0,1.0,59.0,2
Super built-up  Area,Marathahalli,1710.0,3.0,2.0,135.0,3
Super built-up  Area,Subramanyapura,1000.0,2.0,1.0,45.0,2
Super built-up  Area,Ramagondanahalli,3350.0,3.0,3.0,150.0,3
Plot  Area,Other,1200.0,4.0,1.0,138.0,2
Built-up  Area,Other,1100.0,2.0,2.0,68.0,2
Super built-up  Area,Jalahalli,615.0,1.0,1.0,46.0,1
Super built-up  Area,Sarjapur  Road,1350.0,2.0,1.0,85.0,2
Built-up  Area,Sultan Palaya,5000.0,5.0,2.0,325.0,4
Super built-up  Area,Cunningham Road,2700.0,3.0,1.0,501.0,3
Plot  Area,Other,4000.0,6.0,2.0,460.0,6
Super built-up  Area,Hegde Nagar,1718.0,3.0,2.0,130.0,3
Super built-up  Area,7th Phase JP Nagar,1680.0,3.0,2.0,112.0,3
Plot  Area,Hulimavu,1500.0,2.0,0.0,90.0,2
Super built-up  Area,Sarjapur  Road,1157.0,2.0,1.0,72.0,3
Super built-up  Area,Akshaya Nagar,1179.0,2.0,1.0,51.0,2
Super built-up  Area,Hulimavu,1315.0,2.0,0.0,60.48,2
Super built-up  Area,Other,1105.0,2.0,2.0,28.18,2
Super built-up  Area,Banashankari,1800.0,3.0,2.0,175.0,3
Super built-up  Area,Jalahalli East,1010.0,2.0,1.0,52.0,2
Super built-up  Area,Electronic City,630.0,1.0,1.0,46.0,1
Plot  Area,Anekal,1200.0,2.0,1.0,36.1,2
Super built-up  Area,Kaval Byrasandra,1025.0,2.0,1.0,60.0,2
Super built-up  Area,Hennur Road,1195.0,2.0,2.0,59.0,2
Super built-up  Area,Whitefield,1012.0,2.0,1.0,58.0,2
Super built-up  Area,Hegde Nagar,1884.0,4.0,2.0,118.0,3
Super built-up  Area,Sarjapura - Attibele Road,1090.0,2.0,1.0,37.0,2
Super built-up  Area,Other,2950.0,4.0,2.0,250.0,4
Super built-up  Area,Harlur,1710.0,3.0,3.0,85.0,3
Super built-up  Area,Uttarahalli,1500.0,3.0,1.0,68.0,3
Super built-up  Area,Kodichikkanahalli,1310.0,2.0,2.0,53.0,3
Super built-up  Area,Dommasandra,674.0,1.0,1.0,19.9,2
Built-up  Area,Hoodi,1350.0,3.0,2.0,70.0,3
Built-up  Area,Other,1464.0,2.0,2.0,115.0,3
Built-up  Area,Electronic City,1400.0,2.0,1.0,40.45,3
Super built-up  Area,Electronic City Phase II,1625.0,2.0,2.0,48.75,3
Built-up  Area,Electronic City,1065.0,2.0,1.0,30.76,2
Super built-up  Area,Other,1385.0,3.0,3.0,90.0,3
Super built-up  Area,CV Raman Nagar,1040.0,2.0,1.0,50.0,2
Super built-up  Area,Haralur Road,1817.0,3.0,2.0,110.0,3
Super built-up  Area,Other,1205.0,2.0,1.0,47.0,2
Super built-up  Area,Other,1070.0,2.0,2.0,33.43,2
Super built-up  Area,Other,1070.0,2.0,1.0,52.0,2
Super built-up  Area,Amruthahalli,1340.0,2.0,1.0,75.0,2
Super built-up  Area,Kalena Agrahara,980.0,2.0,2.0,35.0,2
Built-up  Area,8th Phase JP Nagar,1006.0,2.0,0.0,44.0,2
Super built-up  Area,Thanisandra,1098.0,2.0,1.0,71.0,2
Built-up  Area,Mico Layout,1200.0,2.0,1.0,53.5,2
Super built-up  Area,Thigalarapalya,4190.0,4.0,2.0,325.0,4
Super built-up  Area,Sarjapur  Road,1019.0,2.0,1.0,62.0,2
Super built-up  Area,Whitefield,1150.0,2.0,2.0,40.21,2
Plot  Area,Anekal,1733.5,3.0,1.0,120.0,3
Super built-up  Area,Other,1415.0,2.0,2.0,120.0,2
Built-up  Area,Other,1750.0,3.0,2.0,58.0,3
Super built-up  Area,Other,1537.0,3.0,2.0,81.0,3
Built-up  Area,Other,1050.0,2.0,2.0,45.0,2
Super built-up  Area,Kanakpura Road,1452.0,3.0,3.0,55.6,3
Super built-up  Area,Domlur,1246.0,2.0,1.0,95.0,2
Built-up  Area,Yelahanka,1890.0,4.0,2.0,85.0,3
Super built-up  Area,Electronic City Phase II,972.0,2.0,1.0,40.0,2
Plot  Area,Other,10624.0,4.0,2.0,2340.0,4
Plot  Area,Brookefield,1500.0,5.0,3.0,160.0,4
Super built-up  Area,Electronic City,630.0,1.0,1.0,33.7,1
Built-up  Area,Other,1255.0,2.0,1.0,60.0,3
Plot  Area,Ramamurthy Nagar,1900.0,4.0,2.0,185.0,4
Plot  Area,Doddaballapur,2440.0,3.0,1.0,142.0,3
Super built-up  Area,Kanakpura Road,1938.0,3.0,3.0,92.69,3
Super built-up  Area,Bannerghatta Road,1711.0,3.0,2.0,125.0,3
Super built-up  Area,CV Raman Nagar,1392.0,2.0,1.0,95.0,2
Super built-up  Area,Haralur Road,1225.0,2.0,1.0,77.0,2
Super built-up  Area,Sarjapur  Road,3418.0,3.0,2.0,235.0,4
Super built-up  Area,Green Glen Layout,1750.0,3.0,2.0,120.0,3
Super built-up  Area,Subramanyapura,1260.0,2.0,1.0,80.0,3
Super built-up  Area,Sarjapur  Road,691.0,1.0,1.0,31.1,1
Plot  Area,BTM 2nd Stage,2400.0,3.0,2.0,400.0,4
Super built-up  Area,Haralur Road,1285.0,2.0,1.0,78.0,2
Built-up  Area,Hebbal,1590.0,3.0,2.0,96.0,3
Super built-up  Area,9th Phase JP Nagar,1571.0,3.0,2.0,65.0,3
Built-up  Area,Hebbal Kempapura,2800.0,5.0,1.0,220.0,5
Super built-up  Area,Garudachar Palya,1060.0,2.0,1.0,48.66,2
Super built-up  Area,Hennur,1255.0,2.0,1.0,58.0,2
Plot  Area,Other,2400.0,2.0,2.0,185.0,3
Super built-up  Area,Bannerghatta Road,1520.0,2.0,3.0,81.0,3
Super built-up  Area,Kanakpura Road,1530.0,2.0,2.0,70.99,3
Super built-up  Area,Other,1170.0,2.0,1.0,45.51,2
Super built-up  Area,OMBR Layout,1580.0,3.0,2.0,75.0,3
Super built-up  Area,Ardendale,1777.26,3.0,2.0,89.0,3
Super built-up  Area,Raja Rajeshwari Nagar,1303.0,2.0,2.0,55.78,2
Built-up  Area,Kodichikkanahalli,1680.0,2.0,3.0,59.0,2
Built-up  Area,Whitefield,1495.0,2.0,2.0,70.0,3
Super built-up  Area,Yelahanka,1835.0,3.0,1.0,108.0,3
Built-up  Area,Other,1080.0,2.0,2.0,38.0,2
Built-up  Area,Electronic City,1025.0,2.0,1.0,29.61,2
Super built-up  Area,Haralur Road,1225.0,2.0,1.0,67.48,2
Super built-up  Area,Balagere,656.0,1.0,1.0,34.77,1
Super built-up  Area,Sarjapur  Road,994.0,2.0,2.0,45.0,2
Super built-up  Area,Other,1025.0,2.0,1.0,65.0,2
Built-up  Area,Marathahalli,1156.0,2.0,2.0,52.0,2
Super built-up  Area,JP Nagar,1250.0,2.0,2.0,60.0,2
Built-up  Area,Kundalahalli,3092.0,4.0,3.0,230.0,4
Super built-up  Area,Hegde Nagar,1930.0,4.0,2.0,122.0,3
Built-up  Area,Other,1020.0,2.0,1.0,70.0,2
Built-up  Area,Kumaraswami Layout,1310.0,2.0,1.0,70.0,3
Super built-up  Area,Jalahalli,612.5,1.0,0.0,27.565,1
Built-up  Area,Kanakpura Road,1322.0,2.0,3.0,70.0,2
Super built-up  Area,Kothanur,1160.0,2.0,2.0,57.0,2
Super built-up  Area,Other,1100.0,2.0,2.0,48.0,2
Built-up  Area,Lakshminarayana Pura,1720.0,3.0,3.0,150.0,3
Super built-up  Area,Hosur Road,1689.0,3.0,2.0,103.0,3
Super built-up  Area,Chikkalasandra,1090.0,2.0,1.0,47.42,2
Super built-up  Area,KR Puram,2000.0,2.0,0.0,75.0,2
Super built-up  Area,Other,1155.0,2.0,2.0,69.0,2
Built-up  Area,Other,4000.0,6.0,0.0,230.0,6
Built-up  Area,Sarjapur  Road,3913.0,5.0,0.0,176.0,4
Super built-up  Area,Hebbal,3520.0,5.0,2.0,320.0,3
Super built-up  Area,JP Nagar,1125.0,2.0,2.0,39.98,2
Built-up  Area,Yelahanka,1847.0,3.0,3.0,92.0,3
Super built-up  Area,7th Phase JP Nagar,1515.0,2.0,1.0,76.0,3
Plot  Area,Raja Rajeshwari Nagar,3450.0,7.0,2.0,225.0,8
Plot  Area,Yelahanka,2500.0,3.0,1.0,120.0,5
Built-up  Area,Sarjapur  Road,1130.0,2.0,2.0,55.0,2
Super built-up  Area,Bellandur,1049.0,2.0,1.0,51.0,2
Super built-up  Area,Amruthahalli,2650.0,4.0,0.0,175.0,3
Super built-up  Area,Varthur Road,850.0,2.0,1.0,25.4,2
Plot  Area,Other,2600.0,5.0,3.0,370.0,5
Super built-up  Area,Jakkur,1282.0,2.0,1.0,72.0,2
Super built-up  Area,Kalena Agrahara,800.0,2.0,1.0,40.0,2
Plot  Area,Other,1200.0,4.0,2.0,240.0,4
Super built-up  Area,Chandapura,1190.0,2.0,2.0,30.35,3
Super built-up  Area,Magadi Road,1318.0,2.0,1.0,68.0,3
Super built-up  Area,Kanakpura Road,1698.0,2.0,1.0,105.0,2
Super built-up  Area,Other,2030.0,2.0,1.0,182.0,3
Super built-up  Area,Kammasandra,1276.0,2.0,1.0,31.9,3
Super built-up  Area,Other,1555.0,2.0,1.0,67.0,3
Super built-up  Area,Sarjapur  Road,1881.0,3.0,2.0,145.0,3
Super built-up  Area,Other,2900.0,3.0,2.0,325.0,3
Super built-up  Area,Yelahanka,1890.0,3.0,2.0,109.0,3
Super built-up  Area,Old Madras Road,935.0,2.0,1.0,32.0,2
Super built-up  Area,Cox Town,1000.0,2.0,3.0,58.0,2
Super built-up  Area,Singasandra,1510.0,3.0,2.0,75.0,3
Built-up  Area,Uttarahalli,1120.0,2.0,1.0,50.0,2
Super built-up  Area,Ananth Nagar,930.0,2.0,1.0,25.99,2
Super built-up  Area,Talaghattapura,1175.0,2.0,2.0,62.0,2
Built-up  Area,Bellandur,1350.0,2.0,1.0,63.0,3
Super built-up  Area,Malleshwaram,2215.0,3.0,2.0,330.0,3
Super built-up  Area,Attibele,996.0,2.0,1.0,24.9,2
Super built-up  Area,Anjanapura,1076.0,2.0,1.0,30.13,2
Super built-up  Area,Other,2180.0,4.0,3.0,115.0,4
Super built-up  Area,Kasavanhalli,1715.0,3.0,3.0,112.0,3
Super built-up  Area,Hebbal,1072.0,2.0,2.0,45.0,2
Super built-up  Area,Panathur,1230.0,2.0,1.0,80.0,2
Super built-up  Area,Murugeshpalya,1600.0,2.0,1.0,65.0,3
Super built-up  Area,Thanisandra,1411.0,3.0,1.0,93.25,3
Built-up  Area,Rayasandra,3600.0,5.0,3.0,145.0,5
Super built-up  Area,Jalahalli,2404.0,3.0,2.0,138.0,3
Plot  Area,Sahakara Nagar,1200.0,4.0,2.0,190.0,4
Plot  Area,Nagarbhavi,1200.0,3.0,2.0,226.0,3
Built-up  Area,Doddathoguru,1208.0,3.0,1.0,45.0,3
Plot  Area,Yeshwanthpur,1700.0,5.0,2.0,300.0,5
Super built-up  Area,Haralur Road,1225.0,2.0,1.0,69.84,2
Super built-up  Area,Hebbal,1162.0,2.0,1.0,69.0,2
Super built-up  Area,Thanisandra,1262.0,2.0,1.0,65.0,3
Super built-up  Area,Other,1050.0,2.0,2.0,35.0,2
Built-up  Area,Electronic City Phase II,1160.0,2.0,1.0,33.51,2
Plot  Area,Channasandra,1500.0,3.0,1.0,61.95,3
Super built-up  Area,Other,1610.0,3.0,3.0,85.0,3
Super built-up  Area,Whitefield,1340.0,2.0,2.0,41.0,2
Super built-up  Area,Sarjapur  Road,2275.0,4.0,2.0,182.0,3
Built-up  Area,Other,1500.0,2.0,0.0,145.0,2
Plot  Area,Other,3150.0,3.0,1.0,135.0,4
Super built-up  Area,Hosa Road,1170.0,2.0,2.0,65.0,2
Super built-up  Area,Sarjapur  Road,980.0,2.0,1.0,25.0,2
Built-up  Area,Channasandra,1800.0,3.0,2.0,60.0,3
Super built-up  Area,Banashankari Stage VI,1423.0,2.0,1.0,71.73,3
Super built-up  Area,Kaggadasapura,1106.0,2.0,3.0,40.0,2
Built-up  Area,Kereguddadahalli,1105.0,2.0,2.0,27.6,2
Plot  Area,Cunningham Road,7500.0,6.0,2.0,1800.0,4
Super built-up  Area,Other,1255.0,2.0,1.0,56.7,2
Super built-up  Area,Babusapalaya,1061.0,2.0,1.0,38.95,2
Plot  Area,Other,600.0,2.0,2.0,29.5,2
Super built-up  Area,Electronic City Phase II,1400.0,2.0,2.0,40.45,3
Super built-up  Area,Domlur,2100.0,3.0,2.0,145.0,3
Super built-up  Area,Electronic City,660.0,1.0,1.0,16.5,2
Built-up  Area,Kengeri,633.0,1.0,1.0,18.0,2
Super built-up  Area,Indira Nagar,1260.0,2.0,3.0,120.0,2
Super built-up  Area,ITPL,907.0,2.0,0.0,55.43,2
Super built-up  Area,Hennur Road,2047.0,3.0,2.0,67.55,3
Built-up  Area,Other,2597.0,4.0,3.0,189.0,4
Built-up  Area,Bellandur,1211.0,2.0,1.0,63.0,2
Super built-up  Area,Hennur Road,1904.0,3.0,2.0,129.0,3
Super built-up  Area,Balagere,1205.0,2.0,1.0,73.87,2
Super built-up  Area,Yeshwanthpur,1164.0,2.0,2.0,64.08,2
Super built-up  Area,Other,1410.0,2.0,2.0,73.0,2
Built-up  Area,Other,1150.0,2.0,1.0,42.0,2
Super built-up  Area,Other,1170.0,2.0,2.0,53.11,2
Built-up  Area,Hennur,1420.0,2.0,1.0,62.0,2
Super built-up  Area,Panathur,1125.0,2.0,2.0,45.0,2
Built-up  Area,NRI Layout,1789.0,3.0,3.0,75.0,3
Super built-up  Area,Hulimavu,1021.0,2.0,1.0,76.0,2
Super built-up  Area,Ananth Nagar,1074.0,2.0,2.0,26.85,2
Super built-up  Area,Kalena Agrahara,1222.0,2.0,3.0,48.0,2
Super built-up  Area,Hennur Road,1981.0,3.0,1.0,134.0,3
Built-up  Area,Yelachenahalli,1103.0,2.0,2.0,55.0,2
Super built-up  Area,Other,1201.0,2.0,1.0,65.0,2
Super built-up  Area,Sarjapur  Road,970.0,2.0,1.0,36.0,2
Super built-up  Area,Sarjapur,920.0,2.0,2.0,33.0,2
Super built-up  Area,Yeshwanthpur,1520.0,3.0,3.0,85.0,3
Super built-up  Area,Sonnenahalli,1268.0,2.0,1.0,75.0,3
Super built-up  Area,Other,660.0,1.0,0.0,30.0,1
Super built-up  Area,Harlur,1755.0,3.0,2.0,115.0,3
Super built-up  Area,Hoskote,945.0,2.0,1.0,35.0,2
Carpet  Area,8th Phase JP Nagar,500.0,1.0,1.0,33.0,1
Super built-up  Area,Harlur,2820.0,4.0,0.0,153.5,4
Built-up  Area,Other,1632.0,3.0,0.0,140.0,4
Super built-up  Area,Rachenahalli,1167.0,2.0,2.0,37.5,2
Super built-up  Area,Domlur,1276.0,2.0,2.0,80.0,2
Built-up  Area,Thanisandra,1234.0,2.0,2.0,51.0,2
Super built-up  Area,Lakshminarayana Pura,1180.0,2.0,1.0,75.0,2
Super built-up  Area,Other,1370.0,2.0,2.0,87.0,3
Built-up  Area,Electronic City,1400.0,3.0,1.0,90.0,3
Plot  Area,Whitefield,1500.0,6.0,3.0,155.0,5
Plot  Area,Other,1050.0,2.0,0.0,40.0,2
Super built-up  Area,Ramagondanahalli,1251.0,2.0,1.0,46.0,2
Super built-up  Area,Yeshwanthpur,1677.0,3.0,2.0,92.13,3
Super built-up  Area,Sarjapur  Road,1346.0,2.0,1.0,67.38,2
Built-up  Area,Electronic City Phase II,1090.0,2.0,1.0,31.48,2
Super built-up  Area,Kanakapura,1290.0,2.0,3.0,51.1,3
Super built-up  Area,Rajaji Nagar,7514.0,7.0,2.0,1500.0,5
Super built-up  Area,Sarjapur  Road,1881.0,3.0,2.0,145.0,3
Super built-up  Area,Garudachar Palya,1150.0,2.0,2.0,52.0,2
Built-up  Area,Sarjapur,2690.0,3.0,2.0,295.0,3
Super built-up  Area,Kanakpura Road,1200.0,2.0,2.0,42.0,3
Super built-up  Area,Other,933.445408,2.0,2.0,40.0,2
Super built-up  Area,Dairy Circle,2735.0,4.0,2.0,340.0,3
Built-up  Area,Other,950.0,2.0,0.0,65.0,2
Built-up  Area,Bommasandra Industrial Area,1491.0,3.0,3.0,40.5,3
Super built-up  Area,Ramamurthy Nagar,1050.0,2.0,1.0,51.66,2
Super built-up  Area,Hoodi,1660.0,3.0,2.0,131.0,3
Super built-up  Area,Nagavarapalya,1134.0,2.0,2.0,55.0,2
Built-up  Area,Hebbal,1100.0,2.0,1.0,60.0,2
Plot  Area,Anekal,1200.0,2.0,1.0,36.1,2
Plot  Area,Nagarbhavi,1200.0,4.0,3.0,240.0,4
Plot  Area,Other,980.0,3.0,1.0,80.0,3
Super built-up  Area,Other,1080.0,2.0,1.0,37.8,2
Super built-up  Area,CV Raman Nagar,705.0,2.0,1.0,50.0,1
Super built-up  Area,Other,1200.0,2.0,2.0,35.0,3
Super built-up  Area,Anandapura,1200.0,2.0,1.0,50.0,2
Super built-up  Area,Talaghattapura,1804.0,3.0,2.0,127.0,3
Built-up  Area,Other,750.0,2.0,0.0,20.0,2
Built-up  Area,Malleshwaram,2800.0,4.0,2.0,252.0,4
Super built-up  Area,Battarahalli,1090.0,2.0,2.0,38.37,2
Plot  Area,R.T. Nagar,1500.0,2.0,0.0,230.0,2
Built-up  Area,Electronic City,1287.0,3.0,1.0,55.0,3
Super built-up  Area,Thigalarapalya,2215.0,4.0,2.0,157.0,3
Plot  Area,Kadubeesanahalli,2800.0,4.0,2.0,375.0,4
Built-up  Area,Sarjapur  Road,1045.0,2.0,2.0,42.15,2
Super built-up  Area,Hormavu,1263.0,2.0,1.0,47.36,2
Super built-up  Area,Whitefield,1431.0,3.0,2.0,85.0,3
Super built-up  Area,Dommasandra,999.0,2.0,2.0,32.9,2
Super built-up  Area,Other,1535.0,3.0,1.0,72.0,3
Super built-up  Area,Marathahalli,2524.0,5.0,2.0,180.0,4
Super built-up  Area,Kanakpura Road,1300.0,3.0,2.0,69.0,3
Super built-up  Area,7th Phase JP Nagar,2095.0,3.0,2.0,150.0,3
Super built-up  Area,Other,1265.0,2.0,2.0,68.0,2
Super built-up  Area,Kudlu Gate,1215.0,2.0,1.0,44.96,2
Plot  Area,Yelahanka New Town,2200.0,2.0,0.0,180.0,2
Built-up  Area,Electronics City Phase 1,1028.0,2.0,1.0,51.0,2
Super built-up  Area,Hegde Nagar,1835.0,2.0,2.0,92.0,3
Super built-up  Area,Munnekollal,1800.0,3.0,3.0,65.0,3
Super built-up  Area,1st Phase JP Nagar,2077.0,3.0,3.0,175.0,3
Plot  Area,Sarjapur  Road,2880.0,3.0,2.0,211.0,4
Super built-up  Area,Dasanapura,708.0,2.0,1.0,31.15,2
Super built-up  Area,Basavangudi,1200.0,2.0,3.0,120.0,2
Built-up  Area,Hosakerehalli,925.0,2.0,1.0,46.25,2
Built-up  Area,Bannerghatta Road,2826.0,3.0,1.0,148.0,3
Carpet  Area,Kanakpura Road,458.0,1.0,0.0,33.66,1
Built-up  Area,Other,3500.0,4.0,0.0,150.0,4
Plot  Area,Other,5400.0,4.0,2.0,250.0,4
Built-up  Area,Amruthahalli,1450.0,2.0,1.0,90.0,3
Super built-up  Area,Kasavanhalli,1100.0,2.0,1.0,65.0,2
Super built-up  Area,Kadubeesanahalli,1185.0,2.0,3.0,55.0,2
Built-up  Area,9th Phase JP Nagar,1900.0,4.0,2.0,80.0,4
Plot  Area,TC Palaya,1200.0,2.0,1.0,70.0,2
Super built-up  Area,Other,660.0,1.0,1.0,35.0,1
Super built-up  Area,Ambedkar Nagar,1920.0,4.0,2.0,121.0,3
Plot  Area,Jalahalli,1200.0,2.0,0.0,130.0,2
Built-up  Area,Sarjapur  Road,3418.0,2.0,2.0,222.0,4
Super built-up  Area,1st Phase JP Nagar,4550.0,2.0,1.0,240.0,4
Super built-up  Area,Bhoganhalli,1205.0,2.0,1.0,68.32,2
Super built-up  Area,Haralur Road,1200.0,2.0,2.0,46.0,2
Super built-up  Area,Akshaya Nagar,1421.0,2.0,2.0,73.0,3
Super built-up  Area,6th Phase JP Nagar,1250.0,3.0,3.0,48.9,3
Super built-up  Area,Whitefield,524.0,1.0,1.0,29.0,1
Built-up  Area,HSR Layout,4200.0,5.0,2.0,245.0,5
Super built-up  Area,Thubarahalli,1540.0,3.0,2.0,90.0,3
Super built-up  Area,Rachenahalli,985.0,2.0,1.0,50.17,2
Built-up  Area,Whitefield,2830.0,4.0,3.0,161.0,4
Super built-up  Area,Other,1140.0,2.0,3.0,60.0,2
Built-up  Area,Other,3600.0,5.0,3.0,130.0,5
Super built-up  Area,Raja Rajeshwari Nagar,1700.0,2.0,2.0,86.0,3
Super built-up  Area,Devanahalli,1360.0,2.0,0.0,62.425,2
Plot  Area,Electronic City,1800.0,3.0,2.0,700.0,4
Super built-up  Area,Dasarahalli,1333.0,2.0,1.0,86.65,2
Super built-up  Area,Electronic City,1258.0,2.0,1.0,85.5,2
Super built-up  Area,Other,1458.0,2.0,2.0,87.0,3
Built-up  Area,Electronic City,1386.0,2.0,1.0,85.0,2
Built-up  Area,Electronic City Phase II,1140.0,2.0,1.0,32.92,2
Built-up  Area,Other,550.0,1.0,1.0,27.0,1
Super built-up  Area,Lakshminarayana Pura,1200.0,2.0,3.0,83.0,2
Super built-up  Area,Other,1081.0,2.0,1.0,39.0,2
Super built-up  Area,Whitefield,2135.0,3.0,2.0,149.0,4
Built-up  Area,Whitefield,2500.0,4.0,0.0,100.0,4
Super built-up  Area,Other,1178.0,2.0,1.0,80.0,2
Super built-up  Area, Devarachikkanahalli,991.0,2.0,2.0,40.0,2
Super built-up  Area,Gottigere,1493.0,2.0,3.0,90.0,3
Super built-up  Area,Subramanyapura,2495.0,3.0,3.0,130.0,3
Super built-up  Area,Kammasandra,1080.0,2.0,1.0,31.99,2
Super built-up  Area,Dasanapura,814.0,2.0,1.0,53.0,2
Super built-up  Area,Electronic City,1025.0,2.0,1.0,50.0,2
Super built-up  Area,Whitefield,3075.0,2.0,3.0,188.0,4
Super built-up  Area,Whitefield,1760.0,3.0,2.0,160.0,3
Super built-up  Area,Other,4000.0,8.0,1.0,150.0,7
Built-up  Area,Marathahalli,3090.0,4.0,2.0,350.0,4
Built-up  Area,Other,2700.0,4.0,3.0,295.0,4
Super built-up  Area,Other,1175.0,2.0,2.0,52.86,2
Super built-up  Area,Hebbal,4235.0,5.0,3.0,364.0,4
Super built-up  Area,KR Puram,1100.0,2.0,2.0,45.0,2
Super built-up  Area,Banashankari,1450.0,2.0,2.0,50.75,2
Super built-up  Area,6th Phase JP Nagar,1810.0,3.0,3.0,131.0,3
Super built-up  Area,Gunjur Palya,1426.0,2.0,3.0,71.0,3
Built-up  Area,Sector 7 HSR Layout,2400.0,2.0,3.0,195.0,3
Built-up  Area,Kalyan nagar,1100.0,2.0,1.0,70.0,2
Super built-up  Area,Electronic City Phase II,650.0,1.0,1.0,35.0,1
Super built-up  Area,Kaikondrahalli,900.0,2.0,1.0,27.0,2
Super built-up  Area,Billekahalli,1360.0,2.0,3.0,110.0,2
Super built-up  Area,Yeshwanthpur,674.0,1.0,1.0,36.85,1
Super built-up  Area,Whitefield,1655.0,3.0,2.0,110.0,3
Plot  Area,Other,1300.0,2.0,2.0,95.0,2
Built-up  Area,Other,936.0,1.0,0.0,53.0,1
Super built-up  Area,Other,1277.0,2.0,2.0,92.0,2
Super built-up  Area,Other,1200.0,2.0,1.0,54.0,2
Super built-up  Area,Hormavu,1015.0,2.0,1.0,39.08,2
Super built-up  Area,Budigere,1153.0,2.0,2.0,60.0,2
Super built-up  Area,Kengeri,1035.0,2.0,1.0,51.5,2
Built-up  Area,KR Puram,3300.0,3.0,1.0,255.0,5
Super built-up  Area,Uttarahalli,1150.0,2.0,1.0,46.0,2
Super built-up  Area,Malleshwaram,1020.0,2.0,1.0,80.0,2
Super built-up  Area,Old Madras Road,3715.0,6.0,0.0,212.5,4
Super built-up  Area,8th Phase JP Nagar,1160.0,2.0,1.0,95.0,2
Built-up  Area,Brookefield,1225.0,2.0,2.0,72.0,2
Plot  Area,Benson Town,5000.0,5.0,3.0,950.0,4
Plot  Area,Other,1600.0,2.0,1.0,160.0,2
Plot  Area,Malleshwaram,600.0,1.0,0.0,90.0,2
Built-up  Area,Nagappa Reddy Layout,1350.0,3.0,2.0,60.0,3
Super built-up  Area,Kanakpura Road,1300.0,3.0,1.0,69.0,3
Super built-up  Area,Channasandra,830.0,2.0,1.0,36.28,2
Super built-up  Area,Hennur Road,1155.0,2.0,1.0,69.18,2
Super built-up  Area,Sarakki Nagar,3126.0,5.0,3.0,345.0,4
Super built-up  Area,Jalahalli,905.0,2.0,2.0,55.0,2
Super built-up  Area,Vijayanagar,1375.0,2.0,0.0,75.0,3
Super built-up  Area,Electronic City,1140.0,2.0,2.0,33.84,2
Super built-up  Area,Hormavu,1550.0,2.0,2.0,60.0,3
Super built-up  Area,Kannamangala,957.0,2.0,1.0,55.0,2
Built-up  Area,9th Phase JP Nagar,890.0,2.0,2.0,45.0,2
Super built-up  Area,KR Puram,3000.0,4.0,2.0,235.0,4
Plot  Area,Other,2400.0,5.0,1.0,150.0,5
Plot  Area,Other,2400.0,4.0,2.0,595.0,4
Super built-up  Area,Rachenahalli,925.0,2.0,1.0,37.0,2
Built-up  Area,Kammasandra,1415.0,2.0,2.0,60.0,2
Plot  Area,Other,500.0,2.0,0.0,80.0,1
Super built-up  Area,Thanisandra,1225.0,2.0,1.0,37.0,2
Built-up  Area,Hennur Road,2000.0,4.0,0.0,90.0,4
Super built-up  Area,Whitefield,840.0,1.0,1.0,57.0,1
Super built-up  Area,Thanisandra,1732.0,3.0,1.0,112.0,3
Plot  Area,Other,1200.0,1.0,0.0,45.0,1
Super built-up  Area,Bhoganhalli,1260.0,2.0,1.0,69.9,2
Super built-up  Area,Other,1092.0,2.0,1.0,49.0,2
Super built-up  Area,Other,827.0,2.0,0.0,34.0,2
Super built-up  Area,Chamrajpet,650.0,1.0,1.0,40.0,2
Super built-up  Area,7th Phase JP Nagar,1370.0,2.0,1.0,54.79,3
Super built-up  Area,Whitefield,1725.0,3.0,2.0,106.0,3
Built-up  Area,Jalahalli,1000.0,2.0,0.0,70.0,2
Plot  Area,TC Palaya,1350.0,1.0,0.0,55.0,1
Plot  Area,7th Phase JP Nagar,3200.0,4.0,2.0,350.0,4
Super built-up  Area,Bellandur,1717.0,3.0,2.0,110.0,3
Super built-up  Area,Kanakpura Road,700.0,2.0,1.0,34.0,2
Super built-up  Area,Other,800.0,2.0,1.0,32.0,2
Super built-up  Area,Rajaji Nagar,2367.0,4.0,3.0,340.0,3
Super built-up  Area,Sonnenahalli,1415.0,2.0,1.0,65.0,3
Super built-up  Area,7th Phase JP Nagar,1976.0,3.0,1.0,145.0,3
Super built-up  Area,Kambipura,883.0,2.0,1.0,37.01,2
Super built-up  Area,Yelahanka,700.0,1.0,1.0,38.0,1
Super built-up  Area,Sarjapur,1445.0,3.0,1.0,50.0,3
Super built-up  Area,Battarahalli,2082.0,3.0,2.0,104.0,3
Super built-up  Area,Thanisandra,933.0,2.0,1.0,66.0,2
Built-up  Area,Electronic City Phase II,1155.0,2.0,1.0,57.0,2
Super built-up  Area,Bannerghatta,1200.0,2.0,2.0,73.2,2
Super built-up  Area,Other,1055.0,2.0,1.0,43.0,2
Super built-up  Area,Rajaji Nagar,1555.0,3.0,2.0,125.0,3
Super built-up  Area,Bellandur,1420.0,3.0,2.0,62.0,3
Super built-up  Area,Other,2214.0,3.0,2.0,350.0,3
Super built-up  Area,Devanahalli,658.0,1.0,1.0,26.91,1
Carpet  Area,Bhoganhalli,896.9,2.0,1.0,78.74,2
Plot  Area,Giri Nagar,4000.0,3.0,2.0,750.0,4
Built-up  Area,KR Puram,1035.0,2.0,2.0,40.0,2
Plot  Area,Whitefield,2064.0,5.0,2.0,225.0,4
Super built-up  Area,Other,1839.0,3.0,3.0,160.0,3
Built-up  Area,Yelahanka New Town,488.0,1.0,1.0,20.0,1
Built-up  Area,Banashankari Stage II,1200.0,2.0,1.0,198.0,3
Built-up  Area,Other,2760.0,5.0,2.0,140.0,5
Super built-up  Area,Gunjur Palya,993.0,2.0,2.0,42.0,2
Super built-up  Area,Hoodi,1225.0,2.0,1.0,45.0,2
Built-up  Area,Sompura,825.0,2.0,1.0,32.0,2
Super built-up  Area,Bellandur,3596.0,4.0,2.0,359.0,4
Super built-up  Area,Electronic City Phase II,1800.0,3.0,3.0,92.0,3
Super built-up  Area,Other,925.0,2.0,1.0,100.0,2
Super built-up  Area,Kanakpura Road,1167.0,2.0,1.0,63.0,2
Super built-up  Area,Sarjapur,1150.0,2.0,1.0,41.0,2
Super built-up  Area,Other,650.0,1.0,1.0,50.0,1
Built-up  Area,Sarjapur  Road,675.0,1.0,1.0,27.0,1
Plot  Area,Other,2260.0,3.0,1.0,90.0,2
Super built-up  Area,Other,720.0,1.0,0.0,32.39,1
Plot  Area,Whitefield,4800.0,4.0,2.0,600.0,3
Super built-up  Area,Yelahanka New Town,1100.0,2.0,1.0,58.0,2
Super built-up  Area,Uttarahalli,1330.0,2.0,1.0,58.0,3
Super built-up  Area,Ulsoor,1685.0,4.0,2.0,185.0,3
Super built-up  Area,Other,2400.0,5.0,2.0,75.0,6
Super built-up  Area,Banashankari,1770.0,3.0,3.0,108.0,3
Super built-up  Area,Prithvi Layout,2100.0,3.0,3.0,125.0,3
Super built-up  Area,Pai Layout,1000.0,2.0,3.0,42.0,2
Plot  Area,Ramamurthy Nagar,2916.0,5.0,1.0,230.0,4
Super built-up  Area,Kanakpura Road,1419.59,2.0,1.0,65.0,3
Super built-up  Area,Kodihalli,1400.0,3.0,2.0,81.0,3
Built-up  Area,Horamavu Agara,750.0,2.0,1.0,37.49,2
Super built-up  Area,Bannerghatta,1070.0,2.0,1.0,87.0,2
Super built-up  Area,Kannamangala,1536.0,3.0,1.0,107.0,3
Built-up  Area,Koramangala,1710.0,3.0,2.0,210.0,3
Carpet  Area,JP Nagar,2400.0,3.0,3.0,196.0,3
Super built-up  Area,Sarjapur  Road,1773.5,2.0,2.0,102.92,3
Super built-up  Area,Electronic City,1342.0,2.0,1.0,72.0,2
Super built-up  Area,Other,1600.0,3.0,2.0,130.0,3
Super built-up  Area,Kanakapura,938.0,1.0,1.0,50.0,1
Super built-up  Area,Budigere,1820.0,3.0,2.0,99.0,3
Super built-up  Area,Bhoganhalli,2439.0,4.0,3.0,170.0,4
Super built-up  Area,Kanakpura Road,1665.0,3.0,2.0,78.0,3
Super built-up  Area,Basavangudi,1850.0,3.0,2.0,150.0,3
Built-up  Area,Bommanahalli,1091.0,2.0,1.0,40.0,2
Super built-up  Area,Sarjapur  Road,1346.0,2.0,1.0,74.03,2
Super built-up  Area,Rajaji Nagar,1720.0,3.0,2.0,224.0,3
Built-up  Area,Brookefield,3675.0,4.0,3.0,176.0,4
Super built-up  Area,JP Nagar,1060.0,2.0,2.0,33.95,2
Built-up  Area,Whitefield,1059.0,2.0,1.0,57.0,2
Super built-up  Area,Hebbal,1299.0,2.0,1.0,97.0,2
Super built-up  Area,Yelahanka,1491.0,3.0,2.0,85.0,3
Built-up  Area,Basaveshwara Nagar,1200.0,2.0,2.0,85.0,2
Built-up  Area,Yelahanka,2088.0,5.0,0.0,110.0,4
Super built-up  Area,Hulimavu,581.0,1.0,1.0,29.0,1
Super built-up  Area,Other,1296.0,2.0,2.0,70.0,2
Super built-up  Area,Other,1125.0,2.0,1.0,55.0,2
Built-up  Area,Electronic City,1275.0,3.0,1.0,70.0,3
Super built-up  Area,Kothanur,1095.0,2.0,2.0,55.0,2
Plot  Area,Sarjapur  Road,10000.0,4.0,2.0,975.0,5
Super built-up  Area,Old Madras Road,1330.0,2.0,2.0,74.0,2
Super built-up  Area,Marathahalli,1135.0,2.0,2.0,60.0,2
Super built-up  Area,Whitefield,516.0,1.0,1.0,39.0,1
Super built-up  Area,Other,1194.0,2.0,1.0,51.0,2
Plot  Area,Banaswadi,2250.0,5.0,2.0,240.0,5
Super built-up  Area,Electronic City,770.0,1.0,1.0,38.0,2
Super built-up  Area,Sarjapur  Road,3930.0,5.0,2.0,330.0,4
Super built-up  Area,Chikkalasandra,1355.0,3.0,2.0,54.2,3
Built-up  Area,Abbigere,3000.0,8.0,0.0,150.0,8
Built-up  Area,Harlur,2569.0,4.0,1.0,175.0,4
Built-up  Area,Hebbal,3758.0,4.0,2.0,450.0,4
Super built-up  Area,Bhoganhalli,1707.0,3.0,2.0,115.0,3
Super built-up  Area,Sultan Palaya,1070.0,2.0,2.0,49.0,2
Built-up  Area,Whitefield,6000.0,4.0,2.0,410.0,4
Super built-up  Area,Tumkur Road,1240.0,2.0,1.0,83.0,3
Super built-up  Area,JP Nagar,1300.0,2.0,1.0,91.65,2
Super built-up  Area,Ambalipura,1700.0,2.0,2.0,76.0,2
Super built-up  Area,Yeshwanthpur,1383.0,2.0,2.0,76.18,3
Built-up  Area,Other,3000.0,4.0,3.0,170.0,5
Super built-up  Area,Hulimavu,935.0,2.0,3.0,45.0,2
Super built-up  Area,Thigalarapalya,2072.0,4.0,2.0,151.0,3
Built-up  Area,Other,2200.0,3.0,1.0,225.0,4
Super built-up  Area,KR Puram,1116.0,2.0,1.0,45.0,2
Super built-up  Area,Whitefield,1639.0,3.0,2.0,107.0,3
Super built-up  Area,Marathahalli,1839.0,3.0,2.0,130.0,3
Super built-up  Area,Other,1300.0,2.0,2.0,63.0,2
Super built-up  Area,Horamavu Agara,625.0,1.0,1.0,27.0,1
Super built-up  Area,Thanisandra,933.0,1.0,1.0,61.0,1
Super built-up  Area,Hosur Road,2289.0,3.0,3.0,180.0,3
Built-up  Area,Ramamurthy Nagar,2316.0,3.0,0.0,125.0,3
Super built-up  Area,Electronic City,1005.0,2.0,1.0,39.77,2
Built-up  Area,Horamavu Agara,1080.0,2.0,1.0,38.0,2
Super built-up  Area,Other,910.0,2.0,3.0,36.0,2
Plot  Area,Hormavu,1200.0,2.0,0.0,73.0,2
Super built-up  Area,Electronic City,1110.0,2.0,1.0,39.9,2
Super built-up  Area,Kothanur,1142.0,2.0,2.0,56.0,2
Carpet  Area,Other,4000.0,4.0,3.0,240.0,5
Plot  Area,Hormavu,1800.0,3.0,1.0,204.0,3
Super built-up  Area,AECS Layout,1005.0,2.0,1.0,55.0,2
Built-up  Area,Other,1626.6,3.0,1.0,133.0,3
Super built-up  Area,Kothanur,1074.0,2.0,2.0,54.0,2
Carpet  Area,Basavangudi,1230.0,2.0,0.0,80.0,2
Super built-up  Area,Electronic City,660.0,1.0,1.0,23.0,2
Built-up  Area,Other,1007.0,2.0,2.0,48.0,2
Built-up  Area,Whitefield,1820.0,3.0,2.0,113.0,3
Plot  Area,Other,1348.0,2.0,0.0,100.0,2
Super built-up  Area,Kasavanhalli,1230.0,2.0,2.0,66.25,2
Super built-up  Area,Horamavu Agara,1176.0,2.0,1.0,37.62,3
Built-up  Area,Frazer Town,1200.0,2.0,1.0,78.0,2
Built-up  Area,Other,1298.0,2.0,1.0,65.0,2
Plot  Area,Other,1350.0,4.0,0.0,175.0,4
Super built-up  Area,Kothanur,1285.0,2.0,1.0,60.0,2
Super built-up  Area,Electronic City,1644.0,3.0,2.0,92.59,3
Super built-up  Area,Kasavanhalli,1819.0,3.0,1.0,150.0,3
Super built-up  Area,1st Phase JP Nagar,1205.0,2.0,1.0,85.0,2
Super built-up  Area,Raja Rajeshwari Nagar,1270.0,2.0,2.0,62.0,2
Super built-up  Area,9th Phase JP Nagar,1240.0,2.0,2.0,39.89,3
Super built-up  Area,Jigani,1221.0,3.0,3.0,70.0,3
Super built-up  Area,Kanakpura Road,1339.0,2.0,2.0,63.0,2
Super built-up  Area,Thigalarapalya,4303.0,5.0,2.0,300.0,4
Super built-up  Area,Haralur Road,1315.0,2.0,1.0,85.0,2
Super built-up  Area,Raja Rajeshwari Nagar,1250.0,2.0,2.0,68.0,2
Super built-up  Area,Bisuvanahalli,850.0,2.0,1.0,27.0,2
Super built-up  Area,7th Phase JP Nagar,1600.0,2.0,2.0,110.0,3
Built-up  Area,Electronic City,1250.0,2.0,1.0,62.0,2
Super built-up  Area,Other,1312.0,2.0,1.0,56.5,3
Super built-up  Area,Kadugodi,3000.0,4.0,0.0,134.0,4
Built-up  Area,Electronic City Phase II,1300.0,2.0,2.0,28.0,2
Built-up  Area,Whitefield,1990.0,3.0,3.0,98.0,3
Super built-up  Area,Other,760.0,2.0,2.0,38.5,2
Plot  Area,Ambedkar Nagar,5000.0,4.0,2.0,536.0,4
Super built-up  Area,Kadugodi,1614.0,2.0,2.0,59.0,3
Plot  Area,Judicial Layout,1500.0,3.0,2.0,162.0,4
Super built-up  Area,Other,1182.0,2.0,1.0,60.1,3
Super built-up  Area,Other,1053.0,2.0,1.0,46.29,2
Built-up  Area,6th Phase JP Nagar,750.0,1.0,1.0,105.0,1
Super built-up  Area,Gubbalala,2000.0,3.0,3.0,125.0,3
Built-up  Area,Electronic City Phase II,1940.0,4.0,3.0,116.0,3
Super built-up  Area,Hennur Road,1590.0,3.0,2.0,105.0,3
Super built-up  Area,Other,1035.0,2.0,2.0,52.79,2
Super built-up  Area,Kothanur,1075.0,2.0,2.0,53.0,2
Super built-up  Area,Raja Rajeshwari Nagar,1260.0,2.0,1.0,62.0,3
Super built-up  Area,Thanisandra,1702.0,3.0,2.0,107.0,3
Super built-up  Area,Bisuvanahalli,1080.0,2.0,2.0,65.0,3
Built-up  Area,Kasavanhalli,1189.0,2.0,1.0,45.0,2
Super built-up  Area,Tumkur Road,1035.0,2.0,1.0,39.0,2
Super built-up  Area,Hennur Road,1200.0,2.0,1.0,36.0,2
Plot  Area,Other,4482.0,6.0,2.0,852.0,8
Plot  Area,Other,1200.0,3.0,0.0,200.0,3
Super built-up  Area,Kanakpura Road,1300.0,3.0,1.0,69.0,3
Super built-up  Area,Yelahanka,1330.0,2.0,1.0,93.65,2
Super built-up  Area,Kaggalipura,1210.0,2.0,1.0,65.0,3
Built-up  Area,Chikkalasandra,1350.0,2.0,2.0,54.2,3
Super built-up  Area,Kaval Byrasandra,1900.0,2.0,2.0,65.0,3
Super built-up  Area,Ambedkar Nagar,1935.0,4.0,2.0,125.0,3
Super built-up  Area,Other,1410.0,3.0,3.0,90.0,3
Super built-up  Area,Narayanapura,1469.0,2.0,2.0,99.14,2
Super built-up  Area,Varthur,986.0,2.0,1.0,30.0,2
Super built-up  Area,Other,1460.0,2.0,2.0,87.0,3
Super built-up  Area,Chandapura,1345.0,2.0,2.0,39.5,3
Super built-up  Area,Panathur,980.0,2.0,1.0,57.0,2
Built-up  Area,Kudlu Gate,1164.0,2.0,2.0,75.0,2
Super built-up  Area,Subramanyapura,929.0,1.0,2.0,51.0,2
Built-up  Area,Kundalahalli,1065.0,2.0,1.0,70.0,2
Super built-up  Area,Budigere,1172.0,2.0,0.0,56.725,2
Super built-up  Area,Other,3000.0,3.0,1.0,265.0,3
Super built-up  Area,Electronic City,1020.0,2.0,1.0,30.27,2
Super built-up  Area,Gunjur,1362.0,3.0,1.0,62.63,3
Super built-up  Area,Yeshwanthpur,672.0,1.0,1.0,36.85,1
Super built-up  Area,Brookefield,1746.0,3.0,3.0,115.0,3
Super built-up  Area,Harlur,1532.0,2.0,1.0,65.0,2
Super built-up  Area,Other,1200.0,2.0,2.0,120.0,3
Super built-up  Area,Other,1250.0,2.0,2.0,65.0,2
Super built-up  Area,Thanisandra,1188.0,2.0,1.0,39.0,2
Built-up  Area,Whitefield,3565.0,4.0,0.0,218.0,4
Super built-up  Area,Marathahalli,1170.0,2.0,2.0,85.0,2
Super built-up  Area,Other,1800.0,3.0,2.0,150.0,3
Plot  Area,Other,1000.0,2.0,1.0,35.0,2
Plot  Area,Cooke Town,2600.0,3.0,1.0,375.0,3
Super built-up  Area,Kasturi Nagar,2507.0,4.0,2.0,155.0,4
Super built-up  Area,Babusapalaya,1061.0,2.0,1.0,34.0,2
Super built-up  Area,KR Puram,1290.0,2.0,2.0,69.0,2
Super built-up  Area,Sarjapur,1200.0,2.0,1.0,42.6,2
Super built-up  Area,Bharathi Nagar,1120.0,2.0,2.0,39.29,2
Super built-up  Area,Electronic City,418.0,1.0,1.0,12.0,1
Super built-up  Area,Sarjapur,1333.0,3.0,1.0,50.0,3
Super built-up  Area,Thanisandra,747.0,1.0,0.0,34.355,1
Super built-up  Area,Koramangala,1700.0,3.0,3.0,250.0,3
Super built-up  Area,Thanisandra,2030.0,4.0,1.0,125.0,3
Super built-up  Area,Balagere,1012.0,2.0,1.0,70.0,2
Carpet  Area,Kudlu,1245.0,2.0,1.0,60.0,3
Super built-up  Area,7th Phase JP Nagar,1765.0,3.0,2.0,118.0,3
Super built-up  Area,Gottigere,1110.0,2.0,2.0,36.25,2
Built-up  Area,Other,967.0,2.0,1.0,47.8,2
Super built-up  Area,Sarjapur,1044.0,2.0,2.0,36.0,2
Super built-up  Area,Brookefield,1518.0,3.0,3.0,80.0,3
Super built-up  Area,KR Puram,1300.0,2.0,2.0,57.0,3
Super built-up  Area,Other,1798.0,3.0,3.0,73.0,3
Carpet  Area,KR Puram,866.28,2.0,0.0,36.38,2
Super built-up  Area,Whitefield,3410.0,5.0,3.0,253.0,4
Super built-up  Area,Singasandra,1179.0,2.0,2.0,56.0,2
Super built-up  Area,Rajaji Nagar,3600.0,5.0,2.0,510.0,5
Super built-up  Area,Other,2098.0,3.0,1.0,210.0,3
Super built-up  Area,Other,2400.0,3.0,1.0,270.0,3
Built-up  Area,Haralur Road,1976.0,3.0,2.0,92.0,3
Built-up  Area,5th Phase JP Nagar,1190.0,2.0,2.0,61.8,2
Super built-up  Area,Other,1800.0,3.0,3.0,192.0,3
Super built-up  Area,Jakkur,1761.0,3.0,1.0,84.52,3
Super built-up  Area,Cooke Town,1700.0,3.0,3.0,120.0,3
Super built-up  Area,Electronic City,1128.0,2.0,1.0,64.8,2
Built-up  Area,Electronic City,1220.0,2.0,1.0,35.25,3
Super built-up  Area,Other,509.0,1.0,1.0,20.0,1
Super built-up  Area,Ambedkar Nagar,1852.0,4.0,2.0,122.0,3
Super built-up  Area,Varthur,1045.0,2.0,1.0,40.65,2
Super built-up  Area,Other,3535.0,4.0,2.0,215.0,4
Super built-up  Area,Other,1800.0,3.0,2.0,82.0,4
Super built-up  Area,Hebbal Kempapura,1436.0,2.0,2.0,75.0,3
Super built-up  Area,Other,1397.0,2.0,2.0,52.0,3
Super built-up  Area,Kothanur,1140.0,2.0,2.0,56.0,2
Super built-up  Area,Balagere,645.0,1.0,1.0,55.0,1
Plot  Area,Other,2350.0,5.0,2.0,325.0,5
Plot  Area,Nagarbhavi,1200.0,3.0,2.0,225.0,3
Carpet  Area,Other,2050.0,3.0,2.0,135.0,3
Super built-up  Area,Sarjapur  Road,1335.0,2.0,1.0,95.0,2
Plot  Area,Other,2100.0,1.0,1.0,200.0,2
Super built-up  Area,Thanisandra,1140.0,2.0,1.0,59.0,2
Super built-up  Area,Hosakerehalli,2376.0,3.0,1.0,240.0,3
Super built-up  Area,Thanisandra,663.0,1.0,1.0,46.0,1
Super built-up  Area,Other,1276.0,2.0,0.0,146.0,2
Super built-up  Area,Kanakpura Road,1450.0,3.0,3.0,60.9,3
Super built-up  Area,Kodichikkanahalli,1400.0,3.0,3.0,66.0,3
Super built-up  Area,Other,1339.0,2.0,1.0,53.56,2
Built-up  Area,Electronic City,1220.0,2.0,1.0,35.23,3
Built-up  Area,Malleshwaram,2200.0,3.0,2.0,275.0,3
Built-up  Area,Other,1305.0,2.0,2.0,52.0,2
Built-up  Area,Green Glen Layout,1740.0,3.0,3.0,80.0,3
Super built-up  Area,Anekal,680.0,1.0,1.0,21.0,2
Super built-up  Area,Bannerghatta Road,1154.0,2.0,2.0,47.0,2
Built-up  Area,Munnekollal,1200.0,2.0,2.0,40.0,2
Super built-up  Area,Hennur,1155.0,2.0,2.0,54.5,2
Super built-up  Area,Sarjapur  Road,1525.0,2.0,3.0,63.0,3
Built-up  Area,Giri Nagar,600.0,1.0,1.0,125.0,1
Super built-up  Area,Hebbal,2470.0,5.0,2.0,192.0,4
Super built-up  Area,Padmanabhanagar,1100.0,2.0,1.0,60.0,2
Super built-up  Area,Hormavu,1250.0,2.0,2.0,65.0,2
Super built-up  Area,Kothanur,1400.0,2.0,1.0,70.0,2
Super built-up  Area,Other,1600.0,3.0,2.0,100.0,3
Built-up  Area,Electronic City,1060.0,2.0,1.0,55.0,2
Super built-up  Area,Horamavu Banaswadi,1272.0,2.0,2.0,50.0,2
Super built-up  Area,Kanakpura Road,1296.0,2.0,2.0,105.0,2
Built-up  Area,Other,2100.0,3.0,2.0,280.0,4
Super built-up  Area,Karuna Nagar,1945.0,3.0,3.0,115.0,3
Super built-up  Area,Chandapura,1033.0,2.0,2.0,30.47,3
Super built-up  Area,Other,2300.0,2.0,2.0,69.0,3
Super built-up  Area,Gunjur Palya,1235.0,2.0,2.0,52.76,2
Super built-up  Area,Other,2100.0,3.0,1.0,270.0,3
Super built-up  Area,Other,850.0,2.0,1.0,42.5,2
Super built-up  Area,Subramanyapura,1880.0,3.0,2.0,110.0,3
Super built-up  Area,1st Block Jayanagar,2450.0,4.0,2.0,368.0,4
Super built-up  Area,Kenchenahalli,1060.0,2.0,2.0,52.0,2
Super built-up  Area,Hennur Road,2041.0,3.0,3.0,138.0,3
Built-up  Area,Hulimavu,1050.0,2.0,2.0,125.0,2
Built-up  Area,Other,1150.0,2.0,1.0,39.0,2
Super built-up  Area,LB Shastri Nagar,1184.0,2.0,1.0,62.0,2
Built-up  Area,Sarjapur  Road,1680.0,3.0,2.0,126.0,3
Super built-up  Area,Thanisandra,1411.0,3.0,2.0,100.0,3
Super built-up  Area,Kanakpura Road,900.0,2.0,2.0,41.0,2
Built-up  Area,Other,3500.0,4.0,3.0,320.0,4
Super built-up  Area,Thanisandra,1702.0,3.0,2.0,120.0,3
Super built-up  Area,Yelahanka,1185.0,2.0,2.0,45.0,2
Super built-up  Area,Kanakpura Road,1300.0,3.0,1.0,64.0,3
Super built-up  Area,Other,1545.0,3.0,2.0,65.0,3
Super built-up  Area,6th Phase JP Nagar,1515.0,2.0,2.0,135.0,3
Super built-up  Area,Jigani,1300.0,3.0,3.0,55.0,3
Super built-up  Area,JP Nagar,1107.0,2.0,1.0,57.0,2
Super built-up  Area,Old Madras Road,1720.0,3.0,2.0,106.0,3
Super built-up  Area,Other,1540.0,3.0,2.0,150.0,3
Super built-up  Area,Bannerghatta Road,1000.0,2.0,1.0,44.5,2
Super built-up  Area,Electronic City,710.0,1.0,1.0,40.42,1
Built-up  Area,Other,3200.0,4.0,0.0,270.0,4
Plot  Area,Other,900.0,2.0,2.0,160.0,2
Built-up  Area,Bannerghatta Road,1250.0,2.0,0.0,48.0,2
Built-up  Area,Kaggadasapura,2400.0,4.0,3.0,130.0,5
Super built-up  Area,Hegde Nagar,1584.01,3.0,1.0,104.0,3
Plot  Area,Kammasandra,1200.0,6.0,3.0,60.0,4
Super built-up  Area,Kaggadasapura,1485.0,2.0,2.0,70.0,3
Built-up  Area,Hennur Road,1100.0,2.0,1.0,78.0,3
Super built-up  Area,8th Phase JP Nagar,1245.0,2.0,1.0,59.0,2
Built-up  Area,Hennur Road,1880.0,4.0,0.0,154.0,4
Super built-up  Area,Frazer Town,2214.0,3.0,3.0,350.0,3
Built-up  Area,Other,1050.0,2.0,2.0,45.0,2
Super built-up  Area,Bannerghatta Road,1640.0,3.0,2.0,105.0,3
Super built-up  Area,Other,1165.0,2.0,1.0,65.0,2
Built-up  Area,Kengeri Satellite Town,1110.0,2.0,1.0,43.0,2
Built-up  Area,Other,4000.0,4.0,2.0,630.0,4
Built-up  Area,Uttarahalli,4500.0,4.0,0.0,150.0,4
Plot  Area,Other,1200.0,1.0,0.0,42.0,2
Super built-up  Area,Hennur Road,1232.0,2.0,1.0,69.61,2
Super built-up  Area,Jalahalli,1704.0,3.0,2.0,94.36,3
Built-up  Area,7th Phase JP Nagar,1275.0,2.0,2.0,88.0,3
Super built-up  Area,Sarjapur  Road,1222.0,2.0,1.0,68.0,3
Super built-up  Area,Electronic City,1000.0,2.0,1.0,29.95,2
Super built-up  Area,Yelahanka,1517.0,3.0,2.0,71.28,3
Super built-up  Area,Horamavu Agara,1166.0,2.0,1.0,37.29,2
Built-up  Area,Electronic City,870.0,2.0,2.0,24.0,2
Super built-up  Area,5th Phase JP Nagar,4000.0,5.0,2.0,170.0,5
Plot  Area,Rajaji Nagar,1350.0,4.0,1.0,230.0,4
Super built-up  Area,Yelahanka,3019.0,6.0,2.0,190.0,4
Super built-up  Area,Whitefield,1345.0,3.0,1.0,58.0,3
Plot  Area,Dommasandra,900.0,3.0,1.0,75.0,3
Super built-up  Area,EPIP Zone,3800.0,5.0,2.0,170.0,4
Super built-up  Area,Chandapura,971.0,2.0,2.0,38.0,3
Built-up  Area,EPIP Zone,1810.0,2.0,2.0,65.0,2
Built-up  Area,Other,1300.0,2.0,1.0,58.0,2
Super built-up  Area,Thanisandra,1185.0,2.0,2.0,45.0,2
Super built-up  Area,Pattandur Agrahara,1350.0,2.0,3.0,68.0,2
Super built-up  Area,Budigere,1590.0,3.0,0.0,76.16,3
Super built-up  Area,Other,3000.0,6.0,3.0,180.0,7
Plot  Area,Brookefield,1560.0,3.0,2.0,149.0,4
Super built-up  Area,Somasundara Palya,1650.0,3.0,2.0,126.0,3
Super built-up  Area,Other,1645.0,3.0,2.0,87.0,3
Super built-up  Area,Hennur Road,1748.0,3.0,2.0,103.0,3
Plot  Area,Channasandra,1200.0,3.0,1.0,67.77,3
Built-up  Area,Kengeri Satellite Town,1170.0,2.0,3.0,50.0,2
Built-up  Area,Sarjapur  Road,3420.0,4.0,2.0,225.0,4
Built-up  Area,Hulimavu,1320.0,2.0,2.0,65.0,3
Super built-up  Area,Bhoganhalli,1610.0,3.0,2.0,84.53,3
Super built-up  Area,Frazer Town,1870.0,3.0,3.0,180.0,3
Super built-up  Area,Sarjapur  Road,1510.0,2.0,1.0,110.0,3
Built-up  Area,Other,2700.0,7.0,3.0,110.0,6
Super built-up  Area,Other,1305.0,2.0,1.0,45.68,3
Super built-up  Area,Mahadevpura,1500.0,2.0,1.0,70.0,3
Super built-up  Area,Indira Nagar,1149.0,2.0,1.0,130.0,2
Built-up  Area,Thanisandra,1948.0,4.0,2.0,129.0,4
Plot  Area,Margondanahalli,1448.0,3.0,1.0,70.0,3
Super built-up  Area,Sarjapur  Road,1242.0,2.0,1.0,78.0,2
Super built-up  Area,Sonnenahalli,1268.0,2.0,1.0,58.0,2
Super built-up  Area,Ramamurthy Nagar,1101.0,2.0,1.0,50.0,2
Super built-up  Area,Other,1255.0,2.0,3.0,65.0,2
Super built-up  Area,Sarjapur  Road,984.0,3.0,2.0,140.0,3
Super built-up  Area,Hosa Road,1089.0,2.0,1.0,32.67,2
Built-up  Area,Other,800.0,1.0,3.0,95.0,2
Plot  Area,Thanisandra,3600.0,9.0,3.0,125.0,8
Plot  Area,Other,1650.0,2.0,1.0,140.0,4
Super built-up  Area,Kaggalipura,950.0,2.0,1.0,45.0,2
Super built-up  Area,HBR Layout,1068.0,2.0,1.0,43.0,2
Built-up  Area,Yelahanka New Town,860.0,1.0,2.0,31.0,2
Built-up  Area,Kengeri,3000.0,5.0,2.0,130.0,8
Super built-up  Area,Yelahanka,1756.0,3.0,2.0,66.73,3
Super built-up  Area,Whitefield,1205.0,2.0,1.0,41.0,2
Super built-up  Area,Banashankari,1800.0,3.0,2.0,125.0,3
Super built-up  Area,Other,8321.0,5.0,2.0,2912.0,4
Built-up  Area,Hormavu,1604.0,3.0,0.0,68.0,3
Super built-up  Area,Old Airport Road,2732.0,4.0,3.0,204.0,4
Super built-up  Area,Chandapura,1015.0,2.0,2.0,25.88,2
Super built-up  Area,Ananth Nagar,1010.0,2.0,2.0,38.0,2
Built-up  Area,Nagarbhavi,1250.0,3.0,0.0,170.0,2
Super built-up  Area,Doddakallasandra,1010.0,2.0,1.0,41.0,2
Super built-up  Area,Yelahanka,1050.0,2.0,2.0,33.1,2
Super built-up  Area,Harlur,1710.0,3.0,2.0,85.0,3
Super built-up  Area,Mysore Road,1248.52,3.0,2.0,115.0,3
Built-up  Area,Attibele,410.0,1.0,1.0,10.0,1
Super built-up  Area,Bannerghatta Road,1656.0,2.0,1.0,62.93,3
Super built-up  Area,Other,1451.0,3.0,1.0,68.0,3
Super built-up  Area,JP Nagar,1250.0,2.0,2.0,93.0,2
Plot  Area,Other,4395.0,3.0,3.0,240.0,3
Super built-up  Area,Hebbal,4600.0,6.0,2.0,650.0,4
Built-up  Area,Sonnenahalli,1340.0,2.0,3.0,42.0,3
Super built-up  Area,Other,1100.0,2.0,2.0,38.5,2
Super built-up  Area,Whitefield,6000.0,6.0,2.0,700.0,4
Super built-up  Area, Devarachikkanahalli,1700.0,3.0,1.0,71.0,3
Super built-up  Area,KR Puram,1096.0,2.0,1.0,43.0,2
Built-up  Area,Other,1936.0,3.0,2.0,139.0,3
Super built-up  Area,Nehru Nagar,1269.0,2.0,2.0,63.0,3
Super built-up  Area,Other,3500.0,3.0,1.0,630.0,3
Super built-up  Area,Panathur,1586.0,3.0,1.0,125.0,3
Super built-up  Area,Rajaji Nagar,1376.0,2.0,1.0,124.0,2
Super built-up  Area,Kanakpura Road,1452.0,3.0,3.0,56.5,3
Super built-up  Area,Hosa Road,1538.0,3.0,1.0,107.0,3
Super built-up  Area,Hosur Road,1427.0,2.0,1.0,130.0,3
Built-up  Area,Other,935.0,2.0,0.0,40.0,2
Built-up  Area,Other,1220.0,2.0,3.0,65.0,2
Super built-up  Area,Harlur,1197.0,2.0,1.0,77.0,2
Super built-up  Area,Varthur,674.0,1.0,1.0,19.9,2
Built-up  Area,Kengeri,410.0,1.0,1.0,15.0,1
Built-up  Area,Thanisandra,1573.0,3.0,1.0,90.0,3
Super built-up  Area,Dodda Nekkundi,1135.0,2.0,2.0,58.0,2
Built-up  Area,Other,1400.0,2.0,1.0,40.43,3
Super built-up  Area,Other,1200.0,1.0,0.0,65.0,1
Plot  Area,Other,1800.0,3.0,0.0,95.0,3
Built-up  Area,Other,2045.0,3.0,2.0,108.0,3
Super built-up  Area,Sonnenahalli,1268.0,2.0,1.0,56.0,2
Super built-up  Area,Yelahanka,1600.0,3.0,3.0,100.0,3
Super built-up  Area,Thanisandra,1056.0,2.0,2.0,70.0,2
Plot  Area,Whitefield,4500.0,4.0,2.0,330.0,4
Super built-up  Area,KR Puram,1204.0,2.0,2.0,58.0,2
Super built-up  Area,Other,1410.0,2.0,1.0,54.0,3
Built-up  Area,Hennur Road,1460.0,2.0,1.0,80.3,2
Super built-up  Area,Dodda Nekkundi,1100.0,2.0,1.0,41.18,2
Super built-up  Area,Other,1310.0,2.0,1.0,88.0,2
Super built-up  Area,Sector 2 HSR Layout,1600.0,3.0,2.0,90.0,3
Super built-up  Area,Other,1250.0,2.0,2.0,55.0,2
Super built-up  Area,Sarjapur  Road,1665.0,3.0,2.0,74.93,3
Built-up  Area,Other,2000.0,5.0,2.0,240.0,5
Super built-up  Area,Singasandra,1416.0,2.0,2.0,67.0,2
Built-up  Area,Munnekollal,7200.0,10.0,3.0,200.0,10
Built-up  Area,Jigani,1231.0,3.0,2.0,58.0,3
Super built-up  Area,Yelahanka,1664.0,3.0,0.0,73.95,3
Built-up  Area,TC Palaya,2000.0,3.0,1.0,76.0,3
Built-up  Area,Rajiv Nagar,972.0,2.0,2.0,43.0,2
Built-up  Area,Other,4500.0,4.0,3.0,345.0,4
Super built-up  Area,Bellandur,1185.0,2.0,1.0,47.39,2
Built-up  Area,Green Glen Layout,1750.0,3.0,2.0,81.0,3
Built-up  Area,Other,3155.0,4.0,2.0,316.0,3
Super built-up  Area,Balagere,1007.0,2.0,1.0,68.0,2
Super built-up  Area,Rajaji Nagar,1700.0,3.0,2.0,200.0,3
Super built-up  Area,Whitefield,1250.0,2.0,2.0,85.0,2
Super built-up  Area,Other,1200.0,2.0,1.0,54.0,2
Super built-up  Area,Horamavu Agara,994.0,2.0,1.0,42.28,2
Super built-up  Area,Ramamurthy Nagar,1150.0,2.0,2.0,40.0,2
Super built-up  Area,Thanisandra,1220.0,2.0,2.0,46.0,2
Super built-up  Area,Other,1441.0,2.0,1.0,115.0,2
Super built-up  Area,Old Madras Road,1157.0,2.0,2.0,47.32,2
Super built-up  Area,Thigalarapalya,1400.0,2.0,2.0,105.0,2
Built-up  Area,Tindlu,1370.07,3.0,1.0,65.0,3
Super built-up  Area,Judicial Layout,900.0,2.0,1.0,40.0,2
Super built-up  Area,Other,418.0,1.0,1.0,17.0,1
Plot  Area,Other,1200.0,3.0,1.0,80.0,3
Built-up  Area,Other,1200.0,2.0,3.0,43.0,2
Super built-up  Area,Talaghattapura,1062.0,2.0,1.0,42.48,2
Super built-up  Area,Kanakpura Road,1120.0,2.0,1.0,51.0,2
Super built-up  Area,Bannerghatta Road,1012.0,2.0,1.0,44.0,2
Plot  Area,Other,1500.0,2.0,1.0,200.0,3
Super built-up  Area,Other,675.0,2.0,2.0,13.5,2
Super built-up  Area,Kanakpura Road,1430.0,2.0,2.0,78.0,2
Super built-up  Area,Channasandra,1195.0,2.0,1.0,56.0,3
Super built-up  Area,Old Madras Road,2640.0,5.0,1.0,150.0,3
Super built-up  Area,Hennur Road,1570.0,3.0,0.0,75.99,3
Built-up  Area,Sonnenahalli,1011.0,2.0,1.0,59.0,2
Super built-up  Area,7th Phase JP Nagar,1450.0,2.0,1.0,102.0,3
Super built-up  Area,Sarjapur  Road,1129.0,2.0,1.0,69.0,2
Super built-up  Area,Sarjapura - Attibele Road,1126.0,2.0,1.0,36.0,2
Plot  Area,Attibele,1200.0,3.0,2.0,110.0,3
Super built-up  Area,Sarjapur  Road,1180.0,2.0,2.0,45.0,3
Super built-up  Area,Hennur Road,1933.0,3.0,2.0,140.0,3
Built-up  Area,TC Palaya,1082.0,2.0,2.0,64.0,2
Plot  Area,LB Shastri Nagar,2400.0,8.0,1.0,250.0,8
Super built-up  Area,Other,610.0,1.0,0.0,28.0,1
Plot  Area,Raja Rajeshwari Nagar,1560.0,4.0,1.0,160.0,4
Super built-up  Area,Kathriguppe,1300.0,3.0,3.0,77.99,3
Built-up  Area,Kudlu Gate,3850.0,6.0,0.0,205.0,4
Built-up  Area,CV Raman Nagar,1125.0,2.0,1.0,46.0,2
Plot  Area,Other,2400.0,7.0,2.0,107.0,6
Super built-up  Area,Kengeri Satellite Town,777.4,2.0,0.0,25.0,2
Super built-up  Area,Battarahalli,2500.0,3.0,1.0,65.0,4
Super built-up  Area,Old Airport Road,1798.0,3.0,2.0,150.0,3
Built-up  Area,Other,1864.0,3.0,2.0,120.0,3
Super built-up  Area,Whitefield,1115.0,2.0,1.0,51.91,2
Super built-up  Area,Kengeri,400.0,1.0,1.0,25.0,1
Super built-up  Area,Rajaji Nagar,1200.0,2.0,1.0,70.0,2
Super built-up  Area,Ananth Nagar,992.0,2.0,2.0,24.8,2
Built-up  Area,Other,950.0,2.0,3.0,57.0,2
Plot  Area,R.T. Nagar,1500.0,4.0,3.0,185.0,4
Super built-up  Area,Bellandur,1200.0,2.0,1.0,62.0,2
Built-up  Area,GM Palaya,1735.0,3.0,2.0,70.0,3
Built-up  Area,BTM 2nd Stage,1750.0,3.0,3.0,172.0,3
Super built-up  Area,Jalahalli,1470.0,2.0,3.0,102.0,3
Super built-up  Area,Bannerghatta Road,1527.0,3.0,2.0,115.0,3
Built-up  Area,Other,985.0,2.0,1.0,45.0,2
Built-up  Area,Chandapura,3300.0,4.0,2.0,135.0,4
Super built-up  Area,Whitefield,1277.0,2.0,1.0,77.0,2
Super built-up  Area,Other,1100.0,2.0,1.0,62.0,2
Super built-up  Area,Whitefield,1820.0,3.0,2.0,140.0,3
Super built-up  Area,Other,1530.0,3.0,3.0,87.0,4
Super built-up  Area,Banashankari,1886.0,3.0,2.0,205.0,3
Plot  Area,Other,1200.0,2.0,0.0,190.0,3
Super built-up  Area,Jakkur,1880.0,4.0,2.0,110.0,3
Super built-up  Area,Hennur,1255.0,2.0,2.0,52.35,2
Super built-up  Area,Somasundara Palya,1140.0,2.0,2.0,46.0,2
Built-up  Area,Electronic City Phase II,1025.0,2.0,1.0,29.6,2
Built-up  Area,Whitefield,3453.0,4.0,2.0,247.0,4
Plot  Area,Other,1200.0,4.0,2.0,165.0,4
Super built-up  Area,Sarjapur  Road,1850.0,3.0,2.0,140.0,3
Super built-up  Area,Kaikondrahalli,1250.0,2.0,1.0,78.0,2
Super built-up  Area,Other,2400.0,3.0,1.0,108.0,4
Super built-up  Area,Kodihalli,3522.0,5.0,3.0,716.0,4
Super built-up  Area,Jalahalli,1244.0,2.0,2.0,88.0,2
Super built-up  Area,Kengeri Satellite Town,1025.0,2.0,1.0,28.57,2
Super built-up  Area,Sarjapur  Road,1034.0,2.0,1.0,38.0,2
Super built-up  Area,Kengeri Satellite Town,1191.0,2.0,2.0,33.34,3
Super built-up  Area,Kasavanhalli,1719.0,3.0,2.0,71.0,3
Plot  Area,Other,1500.0,3.0,2.0,230.0,4
Super built-up  Area,Hosa Road,1470.0,2.0,2.0,84.22,3
Super built-up  Area,Yelahanka,1140.0,2.0,1.0,50.66,2
Super built-up  Area,Harlur,1752.12,3.0,2.0,125.0,3
Super built-up  Area,Old Madras Road,2990.0,3.0,2.0,170.0,3
Super built-up  Area,Bannerghatta Road,1660.0,3.0,2.0,85.0,3
Super built-up  Area,Electronic City,1275.0,3.0,3.0,63.43,3
Super built-up  Area,Bommasandra Industrial Area,1365.0,3.0,1.0,52.81,3
Plot  Area,Other,1200.0,2.0,0.0,90.0,3
Super built-up  Area,Kanakpura Road,2546.0,3.0,2.0,170.0,3
Super built-up  Area,Banashankari Stage VI,1392.0,3.0,1.0,69.46,3
Super built-up  Area,Whitefield,1245.0,2.0,1.0,59.76,2
Super built-up  Area,Yeshwanthpur,1162.0,2.0,2.0,64.08,2
Super built-up  Area,Singasandra,1476.0,2.0,1.0,73.0,3
Built-up  Area,KR Puram,700.0,1.0,1.0,21.5,1
Built-up  Area,Other,3600.0,6.0,1.0,170.0,6
Built-up  Area,Jigani,943.0,2.0,2.0,48.0,2
Plot  Area,Pai Layout,1150.0,2.0,1.0,170.0,2
Super built-up  Area,Sarjapur  Road,1113.0,2.0,1.0,44.5,2
Super built-up  Area,Varthur,1615.0,3.0,2.0,69.43,3
Super built-up  Area,Other,1279.0,2.0,3.0,100.0,2
Built-up  Area,Benson Town,1805.0,3.0,2.0,280.0,3
Built-up  Area,Sompura,1350.0,3.0,1.0,65.0,3
Super built-up  Area,Other,1525.0,3.0,2.0,68.63,3
Super built-up  Area,Rajaji Nagar,1357.0,2.0,1.0,123.0,2
Super built-up  Area,Ardendale,1777.26,3.0,2.0,92.0,3
Super built-up  Area,Bisuvanahalli,845.0,2.0,2.0,32.0,2
Built-up  Area,Other,900.0,2.0,0.0,25.0,2
Super built-up  Area,Varthur,1210.0,2.0,1.0,64.15,2
Super built-up  Area,Electronic City Phase II,829.0,2.0,1.0,22.8,2
Super built-up  Area,Sarjapur  Road,1879.0,3.0,2.0,155.0,3
Super built-up  Area,Hosur Road,1250.0,2.0,2.0,50.0,3
Built-up  Area,Other,1200.0,2.0,2.0,35.0,4
Super built-up  Area,Marathahalli,1108.0,2.0,1.0,60.0,3
Super built-up  Area,Kanakpura Road,1401.0,3.0,2.0,69.0,3
Super built-up  Area,Sarjapur  Road,1157.0,2.0,1.0,75.0,3
Built-up  Area,Other,1185.0,2.0,1.0,42.66,2
Super built-up  Area,Green Glen Layout,1751.0,3.0,2.0,115.0,3
Plot  Area,Other,1550.0,3.0,1.0,250.0,5
Super built-up  Area,Bannerghatta Road,1880.0,3.0,2.0,96.5,3
Super built-up  Area,Whitefield,1322.5,3.0,0.0,40.985,3
Super built-up  Area,Channasandra,1175.0,2.0,2.0,38.0,2
Built-up  Area,Jalahalli,1407.0,2.0,1.0,98.49,2
Super built-up  Area,Yelachenahalli,1000.0,2.0,2.0,50.0,2
Super built-up  Area,Electronic City,1518.0,3.0,3.0,75.0,3
Plot  Area,Other,3600.0,4.0,2.0,300.0,4
Super built-up  Area,Tumkur Road,1027.0,2.0,1.0,67.0,2
Super built-up  Area,Dairy Circle,3730.0,6.0,2.0,430.0,4
Built-up  Area,HSR Layout,1145.0,2.0,2.0,46.0,2
Super built-up  Area,Rajaji Nagar,1260.0,2.0,2.0,113.0,2
Super built-up  Area,Begur Road,1500.0,2.0,3.0,47.25,3
Super built-up  Area,Varthur,1737.0,2.0,1.0,57.32,3
Super built-up  Area,Hennur,3517.0,2.0,2.0,161.5,4
Plot  Area,Other,1600.0,4.0,1.0,120.0,3
Built-up  Area,Hegde Nagar,1500.0,3.0,2.0,135.0,3
Plot  Area,Other,1120.0,2.0,0.0,60.0,2
Plot  Area,Banashankari Stage V,1200.0,4.0,1.0,240.0,3
Super built-up  Area,Hennur Road,1030.0,2.0,1.0,46.5,2
Built-up  Area,Gubbalala,2500.0,6.0,1.0,88.0,6
Super built-up  Area,Kammasandra,1057.0,2.0,1.0,35.0,2
Super built-up  Area,Thanisandra,1460.0,2.0,2.0,38.5,2
Super built-up  Area,Hormavu,1075.0,2.0,1.0,53.7,2
Super built-up  Area,Mysore Road,1080.0,2.0,1.0,60.0,3
Super built-up  Area,Kodihalli,3626.0,5.0,3.0,788.0,4
Super built-up  Area,Other,5100.0,7.0,2.0,225.0,6
Super built-up  Area,Singasandra,1139.7,2.0,1.0,45.0,2
Super built-up  Area,Whitefield,1074.0,2.0,1.0,42.8,2
Plot  Area,Whitefield,1200.0,2.0,1.0,46.13,2
Super built-up  Area,Sarjapur  Road,2425.0,5.0,1.0,175.0,4
Super built-up  Area,Sarjapur  Road,1323.0,2.0,2.0,74.0,2
Super built-up  Area,Kalena Agrahara,900.0,2.0,1.0,40.0,2
Super built-up  Area,Sarjapura - Attibele Road,740.0,1.0,1.0,23.65,1
Super built-up  Area,Bannerghatta Road,1550.0,3.0,2.0,96.0,3
Super built-up  Area,Gunjur,1588.0,2.0,3.0,90.0,3
Built-up  Area,Rajaji Nagar,2300.0,4.0,1.0,240.0,3
Built-up  Area,R.T. Nagar,3600.0,8.0,2.0,165.0,9
Built-up  Area,Other,1308.0,2.0,1.0,86.0,2
Super built-up  Area,Hennur,1340.0,2.0,2.0,54.27,3
Plot  Area,Kogilu,3280.0,9.0,3.0,450.0,10
Built-up  Area,Other,2170.0,3.0,2.0,265.0,4
Super built-up  Area,Thanisandra,1719.0,3.0,2.0,135.0,3
Plot  Area,Whitefield,1200.0,2.0,1.0,45.84,2
Built-up  Area,Electronic City,1090.0,2.0,1.0,31.48,1
Plot  Area,Other,1500.0,5.0,2.0,210.0,5
Super built-up  Area,Jakkur,1660.0,3.0,2.0,104.0,3
Super built-up  Area,Nagavara,1247.0,2.0,1.0,58.56,2
Super built-up  Area,Thanisandra,1595.0,3.0,2.0,96.0,3
Super built-up  Area,Kaggadasapura,1175.0,2.0,2.0,50.0,2
Super built-up  Area,Old Airport Road,1184.0,2.0,1.0,78.0,2
Super built-up  Area,Other,1100.0,2.0,2.0,55.0,2
Plot  Area,Kaval Byrasandra,935.0,2.0,0.0,78.0,2
Built-up  Area,Yelahanka,1200.0,2.0,2.0,60.0,2
Plot  Area,Rajaji Nagar,2400.0,5.0,1.0,408.0,5
Super built-up  Area,Other,1000.0,2.0,1.0,45.0,2
Built-up  Area,Uttarahalli,1000.0,2.0,0.0,52.0,2
Super built-up  Area,Yelahanka,1705.0,3.0,2.0,85.0,3
Built-up  Area,Tumkur Road,1060.0,2.0,2.0,58.3,3
Super built-up  Area,Other,1347.0,2.0,2.0,55.0,3
Super built-up  Area,Varthur,1402.0,2.0,2.0,95.0,2
Super built-up  Area,Whitefield,2280.0,4.0,2.0,125.0,3
Super built-up  Area,Other,1225.0,2.0,2.0,71.05,2
Super built-up  Area,5th Phase JP Nagar,1080.0,2.0,1.0,53.0,2
Built-up  Area,Other,4000.0,7.0,2.0,90.0,7
Super built-up  Area,Other,1919.0,3.0,0.0,300.0,3
Built-up  Area,Begur Road,1100.0,2.0,2.0,42.6,2
Super built-up  Area,Sarjapur  Road,2500.0,4.0,3.0,225.0,4
Super built-up  Area,Bannerghatta Road,1200.0,2.0,2.0,78.0,2
Plot  Area,Other,1200.0,3.0,0.0,78.0,2
Super built-up  Area,Kothanur,1581.0,3.0,3.0,76.0,3
Super built-up  Area,Whitefield,2882.0,5.0,1.0,200.0,4
Super built-up  Area,Other,2180.0,3.0,3.0,273.0,3
Built-up  Area,Other,7000.0,8.0,2.0,450.0,4
Super built-up  Area,Abbigere,985.0,2.0,1.0,38.92,2
Built-up  Area,Sarjapur,950.0,2.0,2.0,35.0,2
Super built-up  Area,Other,1339.0,2.0,2.0,55.0,2
Super built-up  Area,Other,1449.0,3.0,1.0,72.0,3
Plot  Area,Other,1200.0,4.0,2.0,180.0,4
Super built-up  Area,Other,1100.0,2.0,2.0,38.68,2
Super built-up  Area,Hoskote,1003.5,2.0,0.0,28.095,2
Built-up  Area,Kaval Byrasandra,2700.0,3.0,2.0,200.0,3
Super built-up  Area,Other,1100.0,2.0,3.0,55.0,2
Built-up  Area,Electronic City,1140.0,2.0,1.0,32.92,2
Plot  Area,Sarjapur,3009.0,3.0,2.0,330.0,3
Super built-up  Area,Other,3300.0,8.0,3.0,310.0,8
Built-up  Area,Chandapura,800.0,1.0,2.0,30.0,2
Built-up  Area,Chikkabanavar,2000.0,4.0,0.0,65.0,5
Plot  Area,Other,1200.0,4.0,1.0,190.0,4
Built-up  Area,Other,1300.0,2.0,3.0,95.0,2
Super built-up  Area,Kanakpura Road,1220.0,2.0,2.0,60.0,2
Super built-up  Area,Sarjapur  Road,2289.0,3.0,2.0,178.0,3
Super built-up  Area,Whitefield,1170.0,2.0,1.0,56.0,2
Super built-up  Area,Other,1350.0,2.0,2.0,89.5,2
Built-up  Area,Thanisandra,1698.0,3.0,2.0,125.0,3
Super built-up  Area,Electronic City Phase II,2187.5,4.0,0.0,105.0,4
Super built-up  Area,Ambalipura,1060.0,2.0,1.0,58.5,2
Super built-up  Area,Somasundara Palya,1185.0,2.0,2.0,75.0,2
Super built-up  Area,Padmanabhanagar,2051.0,3.0,1.0,180.0,3
Super built-up  Area,Vittasandra,1404.0,2.0,1.0,72.0,2
Super built-up  Area,Electronic City Phase II,1252.0,2.0,1.0,67.0,2
Super built-up  Area,Bannerghatta Road,1885.0,3.0,1.0,125.0,3
Built-up  Area,Kaikondrahalli,3381.0,6.0,3.0,225.0,6
Super built-up  Area,Hormavu,980.0,2.0,2.0,42.0,2
Super built-up  Area,Rajaji Nagar,2500.0,3.0,3.0,340.0,3
Super built-up  Area,Banashankari,1420.0,3.0,1.0,66.0,3
Built-up  Area,Other,2312.0,3.0,2.0,156.0,3
Super built-up  Area,Kaggadasapura,3000.0,4.0,2.0,130.0,4
Built-up  Area,Other,1175.0,2.0,1.0,70.0,2
Super built-up  Area,Other,1145.0,2.0,2.0,51.0,2
Built-up  Area,Bhoganhalli,970.0,2.0,1.0,52.5,2
Super built-up  Area,Whitefield,1639.5,3.0,0.0,92.63,3
Built-up  Area,9th Phase JP Nagar,5000.0,4.0,2.0,300.0,4
Built-up  Area,Other,2150.0,3.0,3.0,240.0,3
Super built-up  Area,Ramagondanahalli,1635.0,3.0,1.0,57.0,3
Built-up  Area,Harlur,3425.0,3.0,1.0,320.0,3
Built-up  Area,Hennur Road,2950.0,4.0,3.0,253.0,4
Super built-up  Area,Jalahalli,1200.0,2.0,1.0,66.0,1
Super built-up  Area,Kathriguppe,1335.0,2.0,2.0,73.43,3
Super built-up  Area,Hebbal,4450.0,6.0,0.0,449.0,4
Super built-up  Area,Yeshwanthpur,1166.0,2.0,1.0,64.08,2
Super built-up  Area,Rajaji Nagar,2390.0,3.0,1.0,372.0,3
Super built-up  Area,Shivaji Nagar,1460.0,2.0,1.0,90.0,3
Super built-up  Area,Other,1690.0,3.0,3.0,50.0,3
Plot  Area,Other,1386.0,3.0,2.0,93.0,4
Super built-up  Area,Other,1090.0,2.0,2.0,32.0,2
Super built-up  Area,Whitefield,1390.0,2.0,1.0,72.0,2
Built-up  Area,Sector 2 HSR Layout,1095.0,2.0,1.0,85.41,2
Super built-up  Area,Kengeri,416.0,1.0,1.0,17.19,1
Super built-up  Area,Other,2400.0,2.0,3.0,50.0,3
Built-up  Area,Yelahanka,1350.0,2.0,3.0,85.0,3
Built-up  Area,Bannerghatta Road,1453.0,2.0,2.0,73.0,3
Super built-up  Area,Thanisandra,1226.0,2.0,1.0,65.0,2
Super built-up  Area,Hegde Nagar,1168.0,2.0,1.0,68.0,3
Super built-up  Area,Bannerghatta,1776.0,3.0,2.0,124.0,3
Built-up  Area,Whitefield,1634.0,3.0,2.0,68.0,3
Plot  Area,Hormavu,860.0,2.0,0.0,56.0,2
Plot  Area,Other,2800.0,3.0,1.0,400.0,3
Super built-up  Area,Other,1650.0,3.0,2.0,95.0,3
Super built-up  Area,Whitefield,1190.0,2.0,1.0,70.0,2
Super built-up  Area,JP Nagar,1133.0,2.0,1.0,33.99,2
Super built-up  Area,Other,1559.0,3.0,2.0,62.0,3
Plot  Area,Horamavu Banaswadi,1448.0,4.0,0.0,118.0,3
Super built-up  Area,Other,6652.0,6.0,1.0,510.0,4
Super built-up  Area,Kodichikkanahalli,976.0,2.0,1.0,50.0,2
Plot  Area,Other,1350.0,4.0,3.0,240.0,4
Super built-up  Area,Yelahanka,1590.0,2.0,2.0,54.0,3
Super built-up  Area,Binny Pete,2940.0,6.0,2.0,201.0,4
Built-up  Area,Yelahanka,1633.0,3.0,2.0,110.0,3
Super built-up  Area,Ramagondanahalli,1151.0,2.0,2.0,46.0,2
Super built-up  Area,Kereguddadahalli,1400.0,2.0,2.0,42.0,3
Super built-up  Area,Uttarahalli,1037.0,2.0,1.0,36.0,2
Super built-up  Area,Thanisandra,1188.0,2.0,1.0,36.0,2
Super built-up  Area,Other,1060.0,2.0,1.0,52.0,2
Super built-up  Area,Thigalarapalya,2215.0,4.0,2.0,162.0,3
Super built-up  Area,Hennur,1255.0,2.0,2.0,54.5,2
Plot  Area,Other,2500.0,2.0,1.0,300.0,3
Super built-up  Area,Harlur,2569.0,5.0,3.0,180.0,4
Super built-up  Area,ITPL,900.0,2.0,1.0,27.0,2
Super built-up  Area,Kudlu Gate,1183.0,2.0,1.0,79.54,2
Super built-up  Area,HSR Layout,1100.0,2.0,2.0,44.0,2
Super built-up  Area,GM Palaya,1643.0,2.0,2.0,70.0,3
Super built-up  Area,Other,1500.0,2.0,2.0,120.0,3
Super built-up  Area,Jakkur,1291.0,2.0,1.0,75.0,2
Plot  Area,Hennur,1150.0,3.0,2.0,80.0,3
Super built-up  Area,Electronic City,1060.0,2.0,1.0,55.0,2
Built-up  Area,Other,1700.0,3.0,2.0,55.0,4
Super built-up  Area,Mahadevpura,1236.0,2.0,1.0,58.0,2
Built-up  Area,Ramamurthy Nagar,1350.0,2.0,2.0,39.0,3
Built-up  Area,Pai Layout,3800.0,6.0,2.0,175.0,6
Built-up  Area,Haralur Road,4694.0,5.0,2.0,375.0,4
Built-up  Area,Electronic City,1200.0,2.0,1.0,34.66,2
Plot  Area,Hulimavu,1200.0,4.0,1.0,75.0,4
Built-up  Area,Harlur,1225.0,2.0,2.0,56.0,2
Super built-up  Area,Thanisandra,1056.0,2.0,1.0,75.0,2
Super built-up  Area,9th Phase JP Nagar,1240.0,2.0,2.0,42.85,3
Super built-up  Area,Banashankari,1200.0,3.0,2.0,74.52,3
Super built-up  Area,Kudlu Gate,1850.0,3.0,2.0,110.0,3
Super built-up  Area,Other,3150.0,4.0,3.0,180.0,4
Built-up  Area,Other,1200.0,1.0,0.0,39.82,1
Built-up  Area,Other,3520.0,6.0,1.0,460.0,5
Super built-up  Area,Jigani,918.0,2.0,2.0,56.0,2
Super built-up  Area,Other,1330.0,2.0,2.0,68.0,3
Built-up  Area,Munnekollal,1540.0,2.0,3.0,70.0,3
Super built-up  Area,Lakshminarayana Pura,1200.0,2.0,2.0,80.0,2
Super built-up  Area,Other,927.0,2.0,2.0,37.0,2
Built-up  Area,Sarjapur,2585.5,4.0,0.0,115.0,4
Super built-up  Area,CV Raman Nagar,1400.0,2.0,2.0,78.0,3
Built-up  Area,1st Phase JP Nagar,1900.0,3.0,1.0,400.0,4
Super built-up  Area,8th Phase JP Nagar,1510.0,2.0,3.0,80.0,2
Super built-up  Area,Kanakpura Road,525.0,2.0,2.0,27.0,1
Plot  Area,ITPL,1500.0,3.0,1.0,61.52,3
Super built-up  Area,Yelahanka,827.5,1.0,0.0,42.535,1
Super built-up  Area,Vidyaranyapura,1100.0,2.0,2.0,72.0,3
Built-up  Area,Other,1200.0,3.0,1.0,68.0,3
Carpet  Area,Hormavu,2282.0,4.0,0.0,115.0,4
Built-up  Area,Other,760.0,2.0,1.0,37.49,2
Plot  Area,Sarjapur,2172.0,3.0,0.0,100.0,3
Super built-up  Area,Other,3800.0,6.0,2.0,390.0,6
Super built-up  Area,8th Phase JP Nagar,3300.0,3.0,2.0,165.0,3
Super built-up  Area,Thubarahalli,1242.0,3.0,1.0,51.0,3
Plot  Area,Other,410.0,1.0,1.0,48.0,1
Super built-up  Area,Uttarahalli,1245.0,2.0,2.0,43.58,3
Built-up  Area,Kadugodi,1088.0,2.0,2.0,44.0,2
Built-up  Area,Sahakara Nagar,1200.0,2.0,0.0,46.0,2
Plot  Area,TC Palaya,1995.0,3.0,1.0,100.0,3
Super built-up  Area,Haralur Road,1309.0,2.0,1.0,82.0,2
Super built-up  Area,Other,1717.0,3.0,2.0,200.0,3
Super built-up  Area,7th Phase JP Nagar,2100.0,3.0,2.0,200.0,3
Plot  Area,Other,880.0,1.0,0.0,90.0,2
Super built-up  Area,Other,1250.0,3.0,2.0,42.0,3
Super built-up  Area,Hebbal,3520.0,5.0,2.0,240.0,3
Super built-up  Area,5th Phase JP Nagar,1041.0,2.0,2.0,54.0,2
Super built-up  Area,Sarjapur  Road,1505.0,2.0,2.0,60.0,3
Super built-up  Area,Bannerghatta,1776.0,3.0,2.0,150.0,3
Super built-up  Area,Bellandur,1767.0,3.0,2.0,89.0,3
Super built-up  Area,Kengeri,1320.0,2.0,1.0,50.0,2
Built-up  Area,Other,1280.0,2.0,2.0,68.48,2
Super built-up  Area,Thanisandra,1245.0,2.0,1.0,83.05,2
Super built-up  Area,Haralur Road,1027.0,1.0,2.0,44.0,2
Built-up  Area,Yelenahalli,1200.0,2.0,2.0,46.17,2
Super built-up  Area,Kanakpura Road,1100.0,3.0,2.0,58.0,3
Plot  Area,Other,1065.0,3.0,1.0,72.0,3
Super built-up  Area,Kannamangala,1814.0,3.0,1.0,129.0,3
Super built-up  Area,Ramagondanahalli,1610.0,2.0,1.0,112.0,3
Built-up  Area,Kumaraswami Layout,850.0,1.0,1.0,78.0,1
Super built-up  Area,Kasavanhalli,1600.0,3.0,3.0,79.0,3
Super built-up  Area,Other,3200.0,4.0,2.0,140.0,3
Built-up  Area,Other,1250.0,2.0,1.0,77.13,3
Super built-up  Area,Other,1475.0,3.0,3.0,75.0,3
Super built-up  Area,Electronic City,1353.0,2.0,3.0,75.0,2
Carpet  Area,Other,2100.0,3.0,0.0,210.0,4
Super built-up  Area,Electronics City Phase 1,1750.0,3.0,2.0,58.0,3
Plot  Area,Whitefield,4800.0,4.0,3.0,550.0,4
Built-up  Area,Sahakara Nagar,1270.0,2.0,1.0,96.0,2
Built-up  Area,Battarahalli,2700.0,3.0,0.0,75.0,4
Plot  Area,8th Phase JP Nagar,1200.0,4.0,2.0,270.0,4
Built-up  Area,Thanisandra,2695.0,4.0,3.0,188.0,4
Super built-up  Area,Other,1330.0,3.0,2.0,65.0,3
Built-up  Area,Electronic City,660.0,1.0,0.0,18.0,2
Super built-up  Area,BTM 2nd Stage,1400.0,2.0,3.0,90.0,2
Built-up  Area,Gubbalala,4000.0,5.0,1.0,195.0,4
Super built-up  Area,Kanakpura Road,1700.0,3.0,2.0,75.0,3
Built-up  Area,Kasavanhalli,1585.0,2.0,2.0,90.0,2
Super built-up  Area,Kothanur,1385.0,3.0,3.0,67.0,3
Super built-up  Area,Electronic City,1128.0,2.0,1.0,67.0,2
Super built-up  Area,HSR Layout,1203.0,2.0,2.0,60.0,2
Super built-up  Area,Mallasandra,905.0,2.0,1.0,35.0,2
Super built-up  Area,Hennur Road,1450.0,3.0,2.0,79.0,3
Super built-up  Area,Varthur,1105.0,2.0,3.0,38.0,2
Plot  Area,Channasandra,1200.0,2.0,1.0,46.13,2
Super built-up  Area,Jalahalli,1530.0,2.0,3.0,89.0,3
Super built-up  Area,Whitefield,1105.0,2.0,1.0,35.4,2
Super built-up  Area,Dasarahalli,1333.0,2.0,1.0,78.56,2
Built-up  Area,Other,1065.0,2.0,2.0,45.0,2
Super built-up  Area,Old Madras Road,1530.0,3.0,2.0,76.34,3
Plot  Area,Margondanahalli,1200.0,2.0,1.0,65.0,2
Super built-up  Area,Whitefield,1270.0,2.0,1.0,94.0,2
Super built-up  Area,Bellandur,1830.0,3.0,3.0,89.0,3
Super built-up  Area,Chandapura,900.0,2.0,3.0,35.0,2
Plot  Area,Attibele,2400.0,2.0,2.0,250.0,4
Plot  Area,Other,7000.0,6.0,2.0,560.0,6
Super built-up  Area,Bannerghatta Road,1450.0,2.0,2.0,78.0,3
Super built-up  Area,Other,1525.0,3.0,3.0,65.0,3
Built-up  Area,Other,1080.0,2.0,1.0,67.0,2
Built-up  Area,Other,1220.0,2.0,2.0,72.0,2
Super built-up  Area,Bommanahalli,1355.0,2.0,0.0,73.17,2
Plot  Area,R.T. Nagar,2400.0,3.0,0.0,348.0,3
Super built-up  Area,Other,1500.0,2.0,2.0,60.0,2
Built-up  Area,Koramangala,1355.0,2.0,2.0,95.0,2
Built-up  Area,Electronic City,1070.0,2.0,1.0,57.0,2
Super built-up  Area,CV Raman Nagar,1980.0,4.0,1.0,180.0,3
Super built-up  Area,Bommasandra,842.0,2.0,2.0,30.0,2
Super built-up  Area,Bannerghatta Road,700.0,1.0,1.0,31.2,1
Built-up  Area,Other,2500.0,4.0,2.0,65.0,3
Built-up  Area,Other,1884.0,3.0,2.0,95.0,3
Built-up  Area,Other,1100.0,2.0,2.0,75.0,2
Super built-up  Area,Thanisandra,1185.0,2.0,2.0,43.5,2
Super built-up  Area,Varthur,2145.0,3.0,2.0,170.0,3
Super built-up  Area,Whitefield,1220.0,2.0,1.0,89.0,2
Super built-up  Area,6th Phase JP Nagar,1192.0,2.0,3.0,75.0,2
Super built-up  Area,Marathahalli,1449.0,3.0,2.0,110.0,3
Plot  Area,Ardendale,2500.0,3.0,1.0,250.0,3
Built-up  Area,Electronic City,1700.0,3.0,2.0,90.0,3
Super built-up  Area,Hebbal,1920.0,3.0,2.0,150.0,3
Plot  Area,Other,1350.0,2.0,0.0,90.0,2
Plot  Area,Other,4800.0,5.0,2.0,350.0,4
Built-up  Area,Other,1700.0,3.0,2.0,74.0,3
Super built-up  Area,Hoodi,1447.0,3.0,2.0,76.0,2
Super built-up  Area,Kanakpura Road,1329.0,2.0,1.0,107.0,2
Built-up  Area,Sarjapur  Road,1314.0,2.0,2.0,70.44,3
Plot  Area,Other,1200.0,3.0,2.0,110.0,3
Super built-up  Area,Hosa Road,1513.0,3.0,1.0,103.0,3
Super built-up  Area,Vittasandra,1246.0,2.0,1.0,67.5,2
Super built-up  Area,Other,705.0,1.0,1.0,65.0,1
Super built-up  Area,Dasarahalli,1220.0,2.0,2.0,62.0,2
Super built-up  Area,Yelahanka New Town,1800.0,2.0,1.0,45.0,3
Super built-up  Area,Kaval Byrasandra,1400.0,3.0,2.0,75.0,3
Super built-up  Area,Kasavanhalli,1245.0,2.0,2.0,80.0,2
Super built-up  Area,Other,1495.0,2.0,1.0,63.0,3
Plot  Area,Nagavara,2000.0,2.0,2.0,275.0,3
Built-up  Area,Gollarapalya Hosahalli,996.0,2.0,2.0,36.5,2
Built-up  Area,Yelahanka New Town,1000.0,2.0,1.0,44.0,2
Built-up  Area,Other,1250.0,2.0,3.0,75.0,2
Super built-up  Area,Thanisandra,1261.0,2.0,1.0,80.0,3
Built-up  Area,Electronics City Phase 1,1080.0,2.0,2.0,46.0,2
Super built-up  Area,Other,1230.0,2.0,1.0,50.0,2
Super built-up  Area,Kammasandra,982.0,2.0,2.0,25.53,2
Super built-up  Area,Bommasandra,1260.0,3.0,1.0,49.36,3
Super built-up  Area,HSR Layout,1590.0,2.0,2.0,135.0,3
Super built-up  Area,Horamavu Agara,1220.0,2.0,2.0,39.0,2
Super built-up  Area,Electronic City Phase II,1320.0,2.0,1.0,38.12,3
Super built-up  Area,Green Glen Layout,1750.0,3.0,2.0,105.0,3
Super built-up  Area,Whitefield,1436.0,2.0,3.0,62.15,3
Plot  Area,TC Palaya,1200.0,2.0,0.0,66.0,3
Super built-up  Area,Malleshwaram,1500.0,2.0,2.0,140.0,2
Super built-up  Area,Varthur,1560.0,3.0,2.0,90.0,3
Super built-up  Area,Whitefield,3758.0,3.0,1.0,300.0,3
Super built-up  Area,Other,1275.0,2.0,2.0,59.0,2
Super built-up  Area,Other,1040.0,2.0,2.0,36.4,2
Super built-up  Area,Bellandur,2400.0,3.0,2.0,115.0,3
Plot  Area,Kaggalipura,3150.0,5.0,1.0,212.0,4
Super built-up  Area,Karuna Nagar,1960.0,3.0,2.0,165.0,3
Super built-up  Area,JP Nagar,3200.0,5.0,3.0,309.0,4
Super built-up  Area,Yelahanka,1195.0,2.0,0.0,53.105,2
Super built-up  Area,Hosakerehalli,4500.0,5.0,2.0,145.0,5
Plot  Area,Other,4304.0,4.0,2.0,699.0,4
Super built-up  Area,Other,648.0,1.0,1.0,40.0,1
Super built-up  Area,Sarjapur  Road,2100.0,3.0,2.0,130.0,3
Super built-up  Area,Other,4209.0,4.0,2.0,602.0,4
Super built-up  Area,Kudlu,1027.0,2.0,1.0,44.0,2
Plot  Area,Whitefield,1575.0,4.0,3.0,250.0,4
Super built-up  Area,Bommasandra,1365.0,3.0,1.0,52.82,3
Super built-up  Area,Yelahanka New Town,650.0,1.0,1.0,18.0,1
Plot  Area,Chandapura,1200.0,2.0,1.0,52.0,3
Super built-up  Area,Cooke Town,1100.0,2.0,3.0,90.0,2
Built-up  Area,7th Phase JP Nagar,1075.0,2.0,1.0,57.0,3
Super built-up  Area,Banashankari,1100.0,2.0,1.0,63.0,2
Super built-up  Area,Other,1320.0,2.0,1.0,58.0,3
Super built-up  Area,Kammasandra,1500.0,3.0,2.0,65.0,3
Plot  Area,Other,1200.0,5.0,1.0,150.0,4
Super built-up  Area,Bhoganhalli,1718.0,3.0,2.0,90.2,3
Super built-up  Area,Bisuvanahalli,1075.0,2.0,1.0,32.0,3
Super built-up  Area,Other,1480.0,3.0,1.0,75.48,3
Super built-up  Area,Other,500.0,1.0,1.0,13.0,1
Plot  Area,Other,2400.0,4.0,1.0,325.0,5
Plot  Area,Kaikondrahalli,1200.0,4.0,2.0,125.0,4
Super built-up  Area,Kanakpura Road,1041.0,2.0,1.0,36.44,2
Super built-up  Area,Other,1128.0,2.0,2.0,48.4,2
Super built-up  Area,Hosur Road,1685.0,3.0,1.0,90.0,3
Super built-up  Area,Other,1180.0,2.0,2.0,65.0,2
Built-up  Area,Other,1200.0,2.0,1.0,60.0,2
Super built-up  Area,Other,1250.0,3.0,2.0,39.5,3
Built-up  Area,Other,1000.0,2.0,1.0,45.0,2
Built-up  Area,Yelahanka New Town,600.0,2.0,2.0,80.0,2
Super built-up  Area,Vittasandra,1404.0,2.0,1.0,70.0,2
Super built-up  Area,Varthur,1760.0,2.0,1.0,85.0,2
Super built-up  Area,Other,975.0,2.0,1.0,55.0,2
Built-up  Area,Other,1190.0,2.0,2.0,42.0,2
Built-up  Area,Kudlu,1110.0,2.0,1.0,46.0,2
Super built-up  Area,Rajaji Nagar,2415.0,3.0,2.0,399.0,3
Super built-up  Area,Gunjur,1235.0,2.0,2.0,44.5,2
Super built-up  Area,Other,1275.0,2.0,3.0,55.0,2
Built-up  Area,Other,1115.0,2.0,1.0,115.0,2
Super built-up  Area,Harlur,1197.0,2.0,1.0,76.0,2
Super built-up  Area,Begur Road,644.0,1.0,1.0,32.0,1
Super built-up  Area,Bellandur,1251.0,2.0,3.0,47.0,2
Super built-up  Area,Neeladri Nagar,1105.0,2.0,2.0,30.0,2
Super built-up  Area,Other,1080.0,2.0,2.0,38.0,2
Super built-up  Area,Kudlu,2100.0,3.0,1.0,114.0,4
Plot  Area,Kammanahalli,1600.0,4.0,1.0,200.0,4
Super built-up  Area,NRI Layout,1731.0,3.0,3.0,64.11,3
Super built-up  Area,Hormavu,1206.0,2.0,1.0,55.0,2
Super built-up  Area,Choodasandra,1560.0,3.0,2.0,78.0,3
Super built-up  Area,7th Phase JP Nagar,750.0,1.0,2.0,47.0,1
Built-up  Area,Billekahalli,1035.0,2.0,2.0,90.0,2
Super built-up  Area,Sarjapur  Road,702.0,1.0,0.0,35.8,1
Plot  Area,Attibele,1700.0,3.0,1.0,65.0,3
Super built-up  Area,HRBR Layout,1145.0,2.0,2.0,68.5,2
Super built-up  Area,Ramamurthy Nagar,1208.0,2.0,2.0,43.5,3
Super built-up  Area,Brookefield,1589.0,3.0,2.0,74.0,3
Super built-up  Area,Yelahanka New Town,1426.0,2.0,2.0,61.5,3
Super built-up  Area,Green Glen Layout,1885.0,3.0,2.0,135.0,3
Super built-up  Area,Old Madras Road,935.0,2.0,0.0,37.77,2
Super built-up  Area,Old Madras Road,1171.0,2.0,2.0,73.0,2
Super built-up  Area,Singasandra,1465.0,2.0,3.0,60.0,2
Super built-up  Area,Budigere,1820.0,3.0,2.0,95.0,3
Super built-up  Area,Raja Rajeshwari Nagar,1580.0,2.0,2.0,66.85,3
Super built-up  Area,Whitefield,1452.0,2.0,2.0,46.29,3
Super built-up  Area,Hennur Road,1445.0,2.0,1.0,89.56,3
Super built-up  Area,Other,1170.0,2.0,1.0,39.0,2
Super built-up  Area,Other,1070.0,2.0,1.0,50.0,2
Super built-up  Area,Kothanur,1140.0,2.0,2.0,56.0,2
Built-up  Area,Rachenahalli,2600.0,3.0,2.0,160.0,3
Super built-up  Area,Other,1532.0,3.0,2.0,59.75,3
Super built-up  Area,Other,1150.0,2.0,1.0,46.0,2
Super built-up  Area,Jakkur,1473.0,2.0,1.0,85.0,2
Super built-up  Area,Kathriguppe,1350.0,3.0,2.0,80.99,3
Super built-up  Area,Prithvi Layout,4040.0,4.0,0.0,500.0,4
Super built-up  Area,CV Raman Nagar,1980.0,4.0,2.0,166.0,3
Super built-up  Area,Hoodi,1660.0,3.0,2.0,128.0,3
Plot  Area,Kogilu,2456.0,7.0,2.0,85.0,7
Super built-up  Area,Chamrajpet,650.0,2.0,2.0,45.0,2
Plot  Area,Neeladri Nagar,4000.0,5.0,2.0,425.0,5
Super built-up  Area,Malleshwaram,2475.0,4.0,3.0,340.0,3
Super built-up  Area,Other,1495.0,3.0,2.0,90.0,3
Super built-up  Area,R.T. Nagar,1080.0,2.0,1.0,48.0,2
Super built-up  Area,Electronic City,1521.0,2.0,2.0,57.5,3
Built-up  Area,Other,1053.0,2.0,0.0,51.0,2
Super built-up  Area,Binny Pete,2406.0,5.0,2.0,289.0,3
Super built-up  Area,Other,1250.0,3.0,2.0,39.0,3
Plot  Area,Other,1200.0,2.0,1.0,75.0,4
Built-up  Area,Ulsoor,840.0,1.0,1.0,150.0,1
Super built-up  Area,Uttarahalli,1000.0,2.0,2.0,39.5,2
Super built-up  Area,Bannerghatta Road,1630.0,3.0,3.0,68.0,3
Super built-up  Area,Kammasandra,985.0,2.0,1.0,40.5,2
Super built-up  Area,BTM 2nd Stage,1200.0,2.0,2.0,70.0,2
Built-up  Area,Ambalipura,1650.0,3.0,3.0,100.0,3
Super built-up  Area,Mico Layout,1670.0,3.0,2.0,59.0,3
Plot  Area,Sarjapur  Road,1240.0,4.0,0.0,110.0,4
Built-up  Area,Other,1000.0,2.0,2.0,60.0,2
Super built-up  Area,Other,830.0,2.0,2.0,26.0,2
Plot  Area,Ramagondanahalli,1200.0,3.0,1.0,56.1,3
Plot  Area,Sadashiva Nagar,9600.0,7.0,2.0,2736.0,5
Super built-up  Area,Begur Road,2500.0,6.0,0.0,122.5,4
Super built-up  Area,Nagarbhavi,1635.0,3.0,3.0,85.0,3
Built-up  Area,HSR Layout,1120.0,2.0,1.0,70.0,2
Plot  Area,Other,2750.0,6.0,3.0,200.0,6
Super built-up  Area,Sector 7 HSR Layout,1760.0,3.0,2.0,185.0,3
Super built-up  Area,Harlur,2137.0,3.0,2.0,110.0,3
Super built-up  Area,Hennur Road,973.0,2.0,1.0,50.74,2
Super built-up  Area,Kundalahalli,1724.0,3.0,1.0,146.0,3
Plot  Area,Other,1200.0,4.0,3.0,375.0,4
Super built-up  Area,Electronic City,750.0,1.0,1.0,35.0,1
Super built-up  Area,Kambipura,883.0,2.0,1.0,49.0,2
Built-up  Area,Other,660.0,2.0,0.0,76.0,2
Super built-up  Area,Ramagondanahalli,2787.0,5.0,2.0,220.0,4
Built-up  Area,Other,1470.0,2.0,3.0,60.0,3
Super built-up  Area,Electronics City Phase 1,891.0,2.0,1.0,24.95,2
Built-up  Area,Other,1275.0,2.0,1.0,76.0,2
Super built-up  Area,Kothanur,1787.0,3.0,2.0,120.0,3
Built-up  Area,8th Phase JP Nagar,1730.0,5.0,2.0,75.0,5
Super built-up  Area,Sarjapur  Road,1320.0,2.0,2.0,110.0,2
Super built-up  Area,Yeshwanthpur,1692.0,3.0,3.0,108.0,3
Super built-up  Area,Bannerghatta Road,1400.0,3.0,2.0,69.0,3
Super built-up  Area,Whitefield,1370.0,2.0,2.0,56.0,2
Super built-up  Area,Other,1602.0,3.0,2.0,56.0,3
Built-up  Area,Other,793.0,1.0,1.0,40.0,1
Super built-up  Area,GM Palaya,675.0,1.0,1.0,35.0,1
Built-up  Area,Chikka Tirupathi,3250.0,4.0,2.0,136.0,4
Super built-up  Area,Whitefield,1050.0,2.0,3.0,43.0,2
Built-up  Area,Jalahalli East,1035.0,2.0,1.0,42.5,2
Super built-up  Area,Sarjapur  Road,1200.0,2.0,2.0,44.0,3
Super built-up  Area,Sarjapur  Road,1800.0,3.0,2.0,128.0,3
Built-up  Area,Green Glen Layout,1625.0,3.0,2.0,70.0,3
Super built-up  Area,Electronics City Phase 1,1032.0,2.0,1.0,31.99,2
Super built-up  Area,Whitefield,1496.0,2.0,1.0,71.81,3
Super built-up  Area,Other,1100.0,2.0,2.0,38.0,2
Built-up  Area,Kundalahalli,1500.0,3.0,2.0,50.0,3
Built-up  Area,Electronic City Phase II,1125.0,2.0,1.0,32.63,2
Super built-up  Area,Other,1555.0,3.0,3.0,73.0,3
Super built-up  Area,Amruthahalli,1025.0,2.0,1.0,42.0,2
Super built-up  Area,Hennur Road,1482.0,2.0,1.0,83.73,3
Super built-up  Area,Other,1630.0,2.0,2.0,130.0,3
Super built-up  Area,Arekere,900.0,2.0,1.0,44.5,2
Super built-up  Area,Yelahanka,1355.0,2.0,3.0,75.0,3
Plot  Area,1st Block Koramangala,2360.0,4.0,2.0,601.0,4
Built-up  Area,Akshaya Nagar,1200.0,2.0,2.0,45.0,2
Super built-up  Area,Other,1563.0,3.0,2.0,63.0,3
Plot  Area,Other,1344.0,4.0,1.0,84.0,4
Super built-up  Area,Other,3000.0,3.0,2.0,400.0,3
Super built-up  Area,5th Phase JP Nagar,812.0,2.0,1.0,42.0,2
Built-up  Area,Basaveshwara Nagar,1200.0,2.0,1.0,70.0,2
Super built-up  Area,Yelahanka,3175.0,4.0,1.0,156.0,4
Super built-up  Area,Marathahalli,1360.0,2.0,1.0,101.0,2
Built-up  Area,Rachenahalli,1756.0,3.0,2.0,110.0,3
Super built-up  Area,8th Phase JP Nagar,1296.0,2.0,2.0,51.83,3
Super built-up  Area,Haralur Road,1300.0,2.0,1.0,75.0,2
Super built-up  Area,Anandapura,1141.0,2.0,1.0,50.0,2
Built-up  Area,Electronic City,1210.0,2.0,1.0,55.0,2
Super built-up  Area,Hormavu,1310.0,2.0,2.0,67.0,2
Super built-up  Area,Magadi Road,1187.0,2.0,0.0,55.195,3
Super built-up  Area,Gubbalala,1745.0,3.0,2.0,140.0,3
Super built-up  Area,Raja Rajeshwari Nagar,1050.0,2.0,2.0,37.0,2
Plot  Area,Banashankari,2400.0,4.0,3.0,500.0,4
Super built-up  Area,Electronic City Phase II,1140.0,2.0,1.0,34.0,2
Super built-up  Area,Varthur,1210.0,2.0,2.0,54.0,2
Super built-up  Area,Kasavanhalli,2035.0,3.0,2.0,142.0,3
Super built-up  Area,Sarjapur,633.0,1.0,1.0,17.09,1
Built-up  Area,Amruthahalli,485.0,1.0,1.0,19.5,1
Plot  Area,Other,1200.0,2.0,0.0,82.0,2
Super built-up  Area,Sarjapur  Road,2275.0,4.0,2.0,187.0,3
Super built-up  Area,Other,1419.0,3.0,2.0,85.0,3
Super built-up  Area,Other,1195.0,2.0,2.0,42.4,2
Built-up  Area,Other,2020.0,3.0,3.0,270.0,3
Super built-up  Area,Kundalahalli,1047.0,2.0,2.0,91.0,2
Super built-up  Area,Thanisandra,1884.0,4.0,2.0,117.0,3
Plot  Area,Malleshpalya,1200.0,3.0,2.0,149.0,3
Super built-up  Area,Bannerghatta Road,905.0,2.0,1.0,58.0,2
Super built-up  Area,JP Nagar,1500.0,2.0,1.0,108.0,3
Built-up  Area,Other,850.0,1.0,0.0,50.0,1
Built-up  Area,Bommasandra Industrial Area,1125.0,2.0,1.0,32.49,2
Built-up  Area,Tindlu,1165.0,2.0,2.0,59.8,2
Built-up  Area,Other,933.0,2.0,0.0,55.0,2
Super built-up  Area,Hennur Road,1305.0,2.0,1.0,77.0,3
Super built-up  Area,Billekahalli,1125.0,2.0,1.0,65.0,2
Super built-up  Area,Other,865.0,2.0,2.0,33.0,2
Super built-up  Area,Jigani,1245.0,3.0,3.0,66.0,3
Super built-up  Area,Kalyan nagar,8840.0,2.0,3.0,300.0,2
Super built-up  Area,Other,1145.0,2.0,2.0,60.0,3
Built-up  Area,AECS Layout,2000.0,3.0,1.0,90.0,3
Super built-up  Area,Hosa Road,625.0,1.0,1.0,43.68,1
Super built-up  Area,Kundalahalli,1724.0,3.0,2.0,128.0,3
Plot  Area,Other,400.0,1.0,1.0,75.0,1
Super built-up  Area,Sarjapur  Road,1270.0,2.0,1.0,54.0,3
Super built-up  Area,Other,1250.0,3.0,2.0,39.5,3
Super built-up  Area,Jakkur,1485.0,3.0,2.0,72.0,3
Super built-up  Area,Other,823.0,2.0,1.0,80.0,2
Super built-up  Area,7th Phase JP Nagar,990.0,2.0,2.0,50.0,2
Super built-up  Area,Kothanur,1185.0,2.0,2.0,59.0,2
Super built-up  Area,Kadubeesanahalli,1140.0,2.0,1.0,78.0,2
Super built-up  Area,Yelahanka,1756.0,3.0,2.0,125.0,3
Built-up  Area,Kumaraswami Layout,2600.0,4.0,2.0,300.0,4
Built-up  Area,Other,1025.0,2.0,1.0,48.0,2
Built-up  Area,Whitefield,1216.0,2.0,1.0,72.0,2
Super built-up  Area,Sarjapur  Road,1026.0,2.0,2.0,60.8,2
Super built-up  Area,Sarjapur  Road,3335.0,4.0,3.0,300.0,4
Built-up  Area,Kodichikkanahalli,2700.0,4.0,2.0,125.0,5
Super built-up  Area,Begur,1411.0,2.0,2.0,60.0,3
Super built-up  Area,Kanakpura Road,1320.0,2.0,1.0,39.6,3
Built-up  Area,Bannerghatta,1320.0,2.0,0.0,50.0,2
Super built-up  Area,Kalena Agrahara,1804.0,3.0,2.0,155.0,3
Plot  Area,Other,1200.0,4.0,1.0,105.0,4
Super built-up  Area,Hebbal,2375.0,4.0,2.0,189.0,4
Plot  Area,Other,1750.0,3.0,2.0,120.0,3
Super built-up  Area,TC Palaya,1152.0,2.0,2.0,55.0,2
Super built-up  Area,Thanisandra,965.0,2.0,1.0,54.0,2
Super built-up  Area,Lingadheeranahalli,1684.0,3.0,1.0,120.0,3
Super built-up  Area,Hennur Road,1672.0,3.0,2.0,86.0,3
Super built-up  Area,Panathur,1075.0,2.0,2.0,60.0,2
Plot  Area,Sarjapur,1500.0,5.0,2.0,95.0,3
Super built-up  Area,Hebbal,1420.0,2.0,1.0,99.26,2
Super built-up  Area,Other,750.0,2.0,0.0,40.0,2
Super built-up  Area,Yeshwanthpur,1169.0,2.0,2.0,64.08,2
Super built-up  Area,Devanahalli,1290.0,2.0,1.0,62.0,3
Super built-up  Area,Kengeri,1160.0,2.0,2.0,40.6,2
Built-up  Area,Other,2800.0,5.0,3.0,95.0,7
Super built-up  Area,Mysore Road,1500.0,3.0,2.0,70.0,3
Super built-up  Area,Domlur,1850.0,3.0,1.0,180.0,3
Super built-up  Area,Other,1300.0,3.0,2.0,46.0,3
Super built-up  Area,Electronic City Phase II,1310.0,2.0,1.0,37.84,3
Built-up  Area,Other,2750.0,5.0,2.0,550.0,3
Super built-up  Area,Other,2150.0,3.0,0.0,170.0,3
Built-up  Area,Other,5100.0,5.0,3.0,300.0,6
Plot  Area,Kadugodi,1875.0,2.0,1.0,110.0,3
Super built-up  Area,Hulimavu,1260.0,2.0,1.0,82.0,3
Built-up  Area,Kengeri,2500.0,4.0,3.0,100.0,5
Super built-up  Area,Begur Road,1241.0,2.0,1.0,64.0,2
Super built-up  Area,Sarjapur  Road,1025.0,2.0,2.0,45.5,2
Plot  Area,Other,1500.0,1.0,0.0,218.0,2
Built-up  Area,Electronic City,1070.0,2.0,1.0,60.0,2
Super built-up  Area,Begur,815.0,2.0,1.0,40.0,2
Built-up  Area,Kanakpura Road,2000.0,3.0,3.0,105.0,3
Super built-up  Area,Malleshwaram,1400.0,2.0,1.0,190.0,2
Plot  Area,Varthur,1740.0,4.0,3.0,175.0,4
Super built-up  Area,ITPL,5667.5,5.0,0.0,300.0,4
Built-up  Area,Sarjapur  Road,1216.0,2.0,2.0,70.0,2
Super built-up  Area,Other,2200.0,2.0,1.0,190.0,3
Plot  Area,Hegde Nagar,3500.0,5.0,2.0,450.0,4
Plot  Area,Vidyaranyapura,3150.0,7.0,3.0,375.0,7
Plot  Area,Kanakpura Road,1200.0,2.0,0.0,62.0,2
Super built-up  Area,Marathahalli,1026.0,2.0,1.0,50.18,2
Built-up  Area,Hulimavu,450.0,1.0,1.0,20.0,1
Super built-up  Area,KR Puram,1205.0,2.0,1.0,45.79,2
Super built-up  Area,Other,1368.0,2.0,3.0,87.0,2
Built-up  Area,Anekal,420.0,1.0,1.0,12.5,1
Built-up  Area,Doddakallasandra,1270.0,2.0,2.0,42.0,2
Super built-up  Area,Anekal,614.0,1.0,1.0,28.0,2
Plot  Area,Margondanahalli,1050.0,2.0,0.0,58.0,2
Super built-up  Area,Yelahanka,1408.0,2.0,2.0,58.0,2
Built-up  Area,Other,1507.0,3.0,1.0,80.0,3
Super built-up  Area,Other,1160.0,2.0,2.0,57.0,2
Plot  Area,Other,1200.0,3.0,1.0,70.0,3
Built-up  Area,Poorna Pragna Layout,960.0,2.0,3.0,50.0,2
Super built-up  Area,NGR Layout,1021.0,2.0,2.0,46.0,2
Super built-up  Area,Hegde Nagar,2162.03,4.0,2.0,129.0,3
Super built-up  Area,Channasandra,1065.0,2.0,1.0,36.0,2
Super built-up  Area,Attibele,400.0,1.0,1.0,10.25,1
Super built-up  Area,Bannerghatta Road,1465.0,2.0,1.0,75.0,3
Super built-up  Area,Kanakpura Road,900.0,2.0,1.0,41.0,2
Super built-up  Area,Marathahalli,1800.0,3.0,2.0,95.0,3
Super built-up  Area,Other,1175.0,2.0,2.0,83.0,2
Super built-up  Area,Other,6729.0,4.0,2.0,900.0,3
Plot  Area,Vijayanagar,1500.0,4.0,1.0,360.0,4
Super built-up  Area,Sanjay nagar,1050.0,2.0,0.0,59.0,2
Built-up  Area,Electronic City Phase II,1400.0,2.0,2.0,40.43,3
Super built-up  Area,Indira Nagar,1650.0,3.0,1.0,150.0,3
Super built-up  Area,KR Puram,1827.0,3.0,2.0,97.0,3
Super built-up  Area,Thanisandra,1930.0,4.0,2.0,122.0,3
Super built-up  Area,Mysore Road,883.0,2.0,1.0,37.0,2
Built-up  Area,Kengeri,550.0,1.0,1.0,16.75,1
Plot  Area,Other,1350.0,4.0,1.0,310.0,4
Super built-up  Area,Kanakapura,1290.0,2.0,3.0,38.69,3
Built-up  Area,Raja Rajeshwari Nagar,1021.0,3.0,2.0,59.0,3
Super built-up  Area,Whitefield,1158.0,2.0,1.0,55.0,2
Super built-up  Area,Nagarbhavi,1400.0,2.0,2.0,135.0,3
Plot  Area,Doddaballapur,2400.0,3.0,0.0,200.0,4
Super built-up  Area,Munnekollal,1200.0,2.0,1.0,57.9,3
Built-up  Area,JP Nagar,1520.0,3.0,2.0,125.0,3
Super built-up  Area,Thanisandra,777.0,1.0,0.0,38.46,1
Super built-up  Area,EPIP Zone,2710.0,3.0,2.0,177.0,3
Super built-up  Area,Kenchenahalli,1150.0,2.0,2.0,57.0,2
Super built-up  Area,Yelahanka,1101.0,2.0,2.0,37.0,2
Super built-up  Area,Other,1200.0,2.0,3.0,110.0,3
Super built-up  Area,Hebbal,1252.0,2.0,1.0,92.0,2
Super built-up  Area,Marathahalli,1650.0,3.0,2.0,85.0,3
Built-up  Area,Marathahalli,1270.0,2.0,2.0,80.0,2
Super built-up  Area,Tumkur Road,992.0,2.0,1.0,70.0,2
Super built-up  Area,Other,893.0,2.0,2.0,34.5,2
Built-up  Area,Bisuvanahalli,1075.0,2.0,1.0,41.49,3
Built-up  Area,Kumaraswami Layout,3200.0,7.0,0.0,150.0,7
Super built-up  Area,Electronic City,1190.0,2.0,1.0,42.0,2
Super built-up  Area,Sarjapur  Road,1814.0,3.0,3.0,63.0,3
Built-up  Area,Other,1400.0,3.0,2.0,98.0,3
Super built-up  Area,Murugeshpalya,1344.0,2.0,0.0,56.0,3
Plot  Area,Whitefield,5400.0,5.0,3.0,475.0,4
Super built-up  Area,Kanakpura Road,1843.0,3.0,2.0,95.0,3
Super built-up  Area,Other,1138.0,2.0,1.0,32.0,2
Built-up  Area,Nagappa Reddy Layout,1495.0,2.0,2.0,70.0,3
Super built-up  Area,Electronic City,880.0,2.0,1.0,19.0,2
Super built-up  Area,Whitefield,1396.0,3.0,1.0,74.0,3
Built-up  Area,Garudachar Palya,1610.0,2.0,3.0,119.0,3
Super built-up  Area,Tindlu,1050.0,2.0,2.0,55.0,2
Built-up  Area,Other,1410.0,2.0,2.0,43.71,3
Super built-up  Area,Ramamurthy Nagar,1050.0,2.0,2.0,37.8,2
Built-up  Area,Kumaraswami Layout,1310.0,2.0,1.0,85.0,3
Super built-up  Area,Yelahanka,1104.0,2.0,2.0,58.0,2
Super built-up  Area,Hennur Road,1165.0,2.0,1.0,67.0,2
Super built-up  Area,Hormavu,1310.0,2.0,3.0,60.0,2
Built-up  Area,Other,1052.0,2.0,2.0,52.0,2
Super built-up  Area,1st Block Koramangala,1000.0,2.0,2.0,45.0,2
Super built-up  Area,Other,2240.0,3.0,2.0,300.0,3
Super built-up  Area,Electronic City,1150.0,2.0,1.0,38.08,2
Super built-up  Area,Thanisandra,2019.0,3.0,1.0,70.67,3
Super built-up  Area,Varthur,986.0,2.0,1.0,31.0,2
Plot  Area,Banashankari Stage III,1350.0,1.0,1.0,145.0,1
Super built-up  Area,Akshaya Nagar,1893.0,4.0,2.0,95.0,3
Super built-up  Area,Gollarapalya Hosahalli,1318.0,3.0,2.0,56.0,3
Built-up  Area,Yelahanka,1325.0,2.0,2.0,58.0,3
Built-up  Area,Kereguddadahalli,800.0,2.0,1.0,33.0,2
Super built-up  Area,Other,1300.0,3.0,2.0,42.25,3
Built-up  Area,Other,1300.0,2.0,2.0,60.0,3
Built-up  Area,Ulsoor,2500.0,4.0,0.0,170.0,4
Plot  Area,Other,1520.0,3.0,1.0,165.0,3
Super built-up  Area,Bellandur,1665.0,3.0,2.0,85.0,3
Super built-up  Area,Subramanyapura,1800.0,3.0,2.0,80.0,3
Super built-up  Area,Harlur,1197.0,2.0,1.0,75.0,2
Super built-up  Area,Other,1050.0,2.0,2.0,45.0,2
Super built-up  Area,Thanisandra,1241.0,2.0,1.0,68.0,3
Super built-up  Area,Other,1567.0,2.0,3.0,62.0,3
Super built-up  Area,Kasavanhalli,1747.0,3.0,1.0,110.0,3
Super built-up  Area,Ramagondanahalli,1475.0,2.0,2.0,55.0,3
Plot  Area,Other,1524.0,4.0,2.0,400.0,3
Super built-up  Area,Hennur Road,980.0,2.0,1.0,51.0,2
Super built-up  Area,Dasanapura,966.0,2.0,1.0,58.0,2
Super built-up  Area,Other,2360.0,3.0,2.0,185.0,4
Super built-up  Area,Sarjapur  Road,1112.0,2.0,1.0,62.0,2
Built-up  Area,Other,1760.0,3.0,3.0,90.0,3
Super built-up  Area,Hennur,1830.0,2.0,3.0,113.0,3
Super built-up  Area,Yelahanka,1175.0,2.0,1.0,67.77,2
Super built-up  Area,Whitefield,1175.0,2.0,1.0,41.0,2
Super built-up  Area,Horamavu Banaswadi,1025.0,2.0,2.0,45.0,2
Super built-up  Area,Hennur Road,1232.0,2.0,1.0,80.0,2
Built-up  Area,5th Phase JP Nagar,1010.0,2.0,2.0,57.0,2
Super built-up  Area,Sarjapur  Road,1273.0,2.0,2.0,60.0,2
Super built-up  Area,Battarahalli,1590.0,2.0,2.0,102.0,2
Super built-up  Area,Other,1100.0,2.0,1.0,58.5,2
Super built-up  Area,Electronic City Phase II,1252.0,2.0,1.0,65.0,3
Super built-up  Area,1st Phase JP Nagar,2615.0,5.0,3.0,222.0,4
Super built-up  Area,Yelahanka,1322.0,2.0,1.0,77.9,2
Plot  Area,7th Phase JP Nagar,1000.0,1.0,1.0,60.0,1
Super built-up  Area,Harlur,1755.0,3.0,2.0,117.0,3
Super built-up  Area,Electronic City Phase II,1135.0,2.0,2.0,46.0,2
Plot  Area,Electronic City,1200.0,4.0,1.0,125.0,4
Super built-up  Area,Nagavarapalya,1260.0,2.0,2.0,85.5,2
Plot  Area,Hoodi,3250.0,5.0,2.0,395.0,5
Plot  Area,Ambedkar Nagar,3500.0,4.0,2.0,550.0,4
Super built-up  Area,Kanakpura Road,1100.0,2.0,1.0,53.0,3
Super built-up  Area,Electronic City Phase II,1305.0,3.0,1.0,65.0,3
Built-up  Area,Other,1236.0,2.0,1.0,50.0,2
Built-up  Area,Uttarahalli,1125.0,1.0,2.0,45.0,2
Built-up  Area,KR Puram,1075.0,2.0,2.0,32.25,2
Built-up  Area,Thanisandra,2999.97,6.0,0.0,110.0,6
Super built-up  Area,Kadugodi,1150.0,2.0,2.0,42.0,2
Plot  Area,Other,1440.0,4.0,1.0,240.0,4
Super built-up  Area,Hennur Road,1085.0,2.0,1.0,43.4,2
Built-up  Area,Hebbal Kempapura,1785.0,3.0,0.0,165.0,3
Super built-up  Area,Thanisandra,1930.0,4.0,2.0,120.0,3
Super built-up  Area,Other,600.0,4.0,1.0,70.0,2
Plot  Area,Other,800.0,1.0,0.0,45.0,2
Built-up  Area,Kumaraswami Layout,2450.0,3.0,2.0,110.0,4
Plot  Area,Other,1200.0,4.0,0.0,120.0,4
Super built-up  Area,Bannerghatta Road,1920.0,3.0,3.0,122.0,3
Super built-up  Area,Kothannur,1085.0,2.0,2.0,34.2,2
Super built-up  Area,Thanisandra,760.0,1.0,2.0,50.4,1
Built-up  Area,Sahakara Nagar,1201.0,2.0,3.0,80.0,2
Super built-up  Area,Electronic City,1615.0,3.0,2.0,97.0,3
Super built-up  Area,HSR Layout,1289.0,2.0,2.0,70.0,2
Super built-up  Area,Kasavanhalli,1377.0,2.0,2.0,80.0,2
Super built-up  Area,Cunningham Road,2880.0,3.0,2.0,560.0,3
Plot  Area,Other,1892.0,3.0,2.0,200.0,3
Built-up  Area,Shivaji Nagar,2176.0,3.0,3.0,348.0,3
Super built-up  Area,Thanisandra,663.0,1.0,0.0,32.82,1
Built-up  Area,Electronic City,1165.0,2.0,1.0,33.65,2
Super built-up  Area,Talaghattapura,3554.0,4.0,1.0,340.0,3
Super built-up  Area,Thanisandra,1260.0,2.0,1.0,45.5,2
Built-up  Area,Other,1095.0,2.0,1.0,39.0,2
Super built-up  Area,Other,1050.0,2.0,2.0,65.0,2
Super built-up  Area,Seegehalli,1176.0,2.0,2.0,50.0,2
Super built-up  Area,Thanisandra,1801.0,3.0,2.0,115.0,3
Super built-up  Area,Whitefield,1315.0,2.0,3.0,55.0,2
Plot  Area,NRI Layout,2400.0,2.0,1.0,125.0,2
Super built-up  Area,Uttarahalli,1308.0,2.0,3.0,53.0,3
Plot  Area,Sarjapur  Road,4250.0,4.0,2.0,610.0,4
Super built-up  Area,Thanisandra,1806.0,6.0,2.0,116.0,3
Built-up  Area,Thanisandra,3671.0,4.0,1.0,220.0,4
Super built-up  Area,Hoodi,2144.0,3.0,2.0,140.0,3
Built-up  Area,Hoskote,1065.0,2.0,3.0,33.75,2
Super built-up  Area,Balagere,1205.0,2.0,1.0,67.0,2
Super built-up  Area,Uttarahalli,1160.0,2.0,2.0,40.58,2
Plot  Area,Other,1200.0,3.0,1.0,56.53,3
Super built-up  Area,Other,1681.0,3.0,3.0,69.0,3
Built-up  Area,Bommasandra Industrial Area,1130.0,2.0,1.0,32.64,2
Super built-up  Area,Iblur Village,3633.0,5.0,1.0,335.0,4
Built-up  Area,Kanakpura Road,1843.0,3.0,2.0,90.0,3
Built-up  Area,Bommasandra Industrial Area,1065.0,2.0,1.0,30.75,2
Super built-up  Area,Thubarahalli,1885.0,3.0,2.0,85.52,3
Super built-up  Area,R.T. Nagar,1500.0,2.0,2.0,45.0,2
Super built-up  Area,Panathur,1210.0,2.0,2.0,69.0,2
Super built-up  Area,TC Palaya,1126.0,2.0,1.0,39.4,2
Super built-up  Area,Rayasandra,1357.0,2.0,2.0,59.0,3
Super built-up  Area,Whitefield,1451.0,2.0,2.0,46.4,3
Plot  Area,Kodigehaali,1600.0,3.0,3.0,185.0,4
Super built-up  Area,Hennur Road,950.0,2.0,1.0,55.0,2
Built-up  Area,Bellandur,960.0,2.0,2.0,48.0,2
Super built-up  Area,Other,1625.0,3.0,3.0,92.0,3
Plot  Area,Kaggalipura,2200.0,4.0,1.0,150.0,3
Super built-up  Area,Kanakpura Road,900.0,2.0,1.0,46.29,2
Built-up  Area,Other,1080.0,2.0,2.0,38.0,2
Super built-up  Area,Cooke Town,2300.0,3.0,1.0,250.0,3
Super built-up  Area,Hosa Road,1708.0,3.0,0.0,64.05,4
Built-up  Area,Yeshwanthpur,2500.0,5.0,2.0,185.0,6
Super built-up  Area,Bellandur,1690.0,2.0,2.0,116.0,3
Built-up  Area,Other,2100.0,3.0,0.0,145.0,5
Super built-up  Area,Other,1269.0,2.0,2.0,97.0,2
Built-up  Area,Haralur Road,1890.0,3.0,2.0,84.0,3
Built-up  Area,Electronic City Phase II,1165.0,2.0,1.0,33.64,2
Super built-up  Area,BTM Layout,1196.0,2.0,2.0,56.81,2
Super built-up  Area,Old Madras Road,1630.0,3.0,2.0,110.0,3
Super built-up  Area,Whitefield,1063.0,2.0,1.0,42.52,2
Super built-up  Area,Other,1025.0,2.0,1.0,39.98,2
Super built-up  Area,Chikkabanavar,1067.0,2.0,1.0,38.0,2
Super built-up  Area,Kanakpura Road,1299.0,2.0,1.0,89.63,2
Super built-up  Area,Panathur,1343.0,2.0,1.0,76.0,2
Super built-up  Area,Electronics City Phase 1,1330.0,2.0,2.0,44.0,3
Super built-up  Area,Mallasandra,1524.0,2.0,3.0,72.0,3
Super built-up  Area,Lingadheeranahalli,2236.0,4.0,2.0,153.0,4
Super built-up  Area,Domlur,2955.0,3.0,2.0,235.0,3
Super built-up  Area,Other,1410.0,2.0,2.0,45.12,3
Super built-up  Area,Balagere,1205.0,2.0,1.0,79.0,2
Super built-up  Area,Other,1270.0,2.0,2.0,95.25,3
Super built-up  Area,Other,1353.0,2.0,2.0,110.0,3
Plot  Area,Other,1200.0,2.0,1.0,68.0,2
Super built-up  Area,Other,1250.0,2.0,1.0,70.0,3
Super built-up  Area,Other,1950.2,3.0,2.0,261.0,3
Super built-up  Area,Sarjapur  Road,1157.0,2.0,1.0,69.0,3
Super built-up  Area,Kanakapura,825.0,1.0,0.0,35.475,1
Built-up  Area,Yelahanka,602.0,1.0,1.0,33.0,1
Built-up  Area,Malleshwaram,3000.0,4.0,0.0,900.0,5
Super built-up  Area,Hoodi,1108.0,2.0,0.0,66.46,2
Super built-up  Area,Other,1040.0,2.0,1.0,68.0,2
Super built-up  Area,Sarjapur,1451.0,2.0,1.0,87.0,2
Super built-up  Area,Kanakpura Road,850.0,1.0,1.0,37.32,1
Super built-up  Area,Other,2171.66,3.0,2.0,298.0,3
Super built-up  Area,Other,900.0,2.0,1.0,40.0,2
Super built-up  Area,Kudlu,720.0,1.0,1.0,33.0,1
Super built-up  Area,Thanisandra,1573.0,3.0,2.0,115.0,3
Super built-up  Area,Sarjapur  Road,1026.0,2.0,1.0,60.8,2
Built-up  Area,Electronic City Phase II,1400.0,2.0,2.0,40.44,3
Built-up  Area,Banashankari Stage III,2100.0,3.0,1.0,147.0,4
Super built-up  Area,Sarjapur  Road,1150.0,2.0,1.0,48.5,2
Super built-up  Area,Raja Rajeshwari Nagar,1500.0,3.0,2.0,88.0,3
Super built-up  Area,Malleshwaram,2400.0,3.0,2.0,380.0,3
Plot  Area,HRBR Layout,1200.0,3.0,2.0,240.0,3
Super built-up  Area,Ramagondanahalli,1125.0,2.0,2.0,75.0,2
Super built-up  Area,Hennur,1830.5,3.0,0.0,84.205,3
Super built-up  Area,Marathahalli,1100.0,2.0,1.0,50.0,2
Built-up  Area,7th Phase JP Nagar,1080.0,2.0,1.0,51.0,2
Built-up  Area,Banaswadi,1105.0,2.0,2.0,57.0,2
Super built-up  Area,Thanisandra,1110.0,2.0,2.0,46.5,2
Super built-up  Area,Dasanapura,708.0,1.0,1.0,41.0,1
Super built-up  Area,Other,1600.0,3.0,1.0,100.0,3
Super built-up  Area,Thigalarapalya,3122.0,6.0,2.0,250.0,4
Super built-up  Area,Sarjapur  Road,1205.0,2.0,2.0,37.0,2
Super built-up  Area,5th Phase JP Nagar,1450.0,2.0,2.0,73.0,3
Plot  Area,Other,540.0,1.0,0.0,22.0,1
Built-up  Area,Dasarahalli,1200.0,2.0,2.0,42.0,2
Super built-up  Area,Kalena Agrahara,1837.0,2.0,2.0,95.0,3
Super built-up  Area,Whitefield,1346.0,2.0,1.0,76.01,2
Built-up  Area,Balagere,1012.0,2.0,1.0,68.0,2
Super built-up  Area,Other,1950.2,3.0,2.0,193.0,3
Super built-up  Area,Other,1125.0,2.0,2.0,55.0,2
Super built-up  Area,Kaggadasapura,1500.0,2.0,2.0,60.0,3
Super built-up  Area,Harlur,1197.0,2.0,1.0,79.9,2
Super built-up  Area,BTM 2nd Stage,1100.0,2.0,2.0,47.0,2
Super built-up  Area,Other,1563.0,2.0,2.0,52.0,3
Plot  Area,Other,2240.0,4.0,1.0,700.0,7
Super built-up  Area,Hebbal Kempapura,3729.0,4.0,2.0,384.0,4
Plot  Area,Sarjapur  Road,1600.0,3.0,1.0,120.0,3
Super built-up  Area,Green Glen Layout,1715.0,3.0,3.0,120.0,3
Built-up  Area,Bannerghatta Road,2400.0,4.0,1.0,180.0,4
Super built-up  Area,Ramagondanahalli,1151.0,2.0,2.0,42.5,2
Built-up  Area,Uttarahalli,1123.0,2.0,2.0,60.0,2
Super built-up  Area,Whitefield,1276.0,2.0,1.0,69.5,2
Super built-up  Area,Yelahanka,1315.0,2.0,3.0,77.0,2
Super built-up  Area,R.T. Nagar,1325.0,2.0,2.0,52.0,2
Super built-up  Area,Varthur,1600.0,3.0,2.0,63.2,3
Super built-up  Area,Jakkur,1660.0,3.0,2.0,104.0,3
Super built-up  Area,Kodichikkanahalli,1299.0,2.0,3.0,58.0,2
Super built-up  Area,Haralur Road,953.0,2.0,1.0,90.0,2
Super built-up  Area,Gunjur,1457.0,2.0,3.0,60.0,2
Super built-up  Area,Varthur,1000.0,1.0,1.0,65.0,2
Built-up  Area,Mallasandra,1100.0,2.0,3.0,76.3,3
Super built-up  Area,Yelahanka,1075.0,2.0,1.0,33.53,3
Super built-up  Area,Kanakpura Road,1450.0,3.0,3.0,51.0,3
Super built-up  Area,Iblur Village,5515.0,6.0,2.0,425.0,5
Super built-up  Area,Bellandur,950.0,1.0,1.0,40.0,1
Super built-up  Area,Other,1013.0,2.0,2.0,60.0,2
Super built-up  Area,Hennur Road,1140.0,2.0,2.0,56.0,2
Super built-up  Area,Other,2100.0,3.0,3.0,220.0,3
Super built-up  Area,Yelahanka,1430.0,3.0,1.0,61.0,3
Carpet  Area,Other,1600.0,3.0,2.0,77.0,3
Super built-up  Area,Other,1190.0,2.0,1.0,48.0,2
Super built-up  Area,Other,1625.0,3.0,2.0,95.0,3
Super built-up  Area,Other,1210.0,2.0,2.0,53.0,2
Super built-up  Area,Lakshminarayana Pura,1615.0,3.0,2.0,150.0,3
Super built-up  Area,Kalena Agrahara,1180.0,2.0,2.0,85.0,2
Plot  Area,Other,1500.0,2.0,0.0,91.0,2
Built-up  Area,Bellandur,850.0,2.0,1.0,45.0,2
Super built-up  Area,Kothanur,1130.0,2.0,2.0,55.0,2
Super built-up  Area,CV Raman Nagar,907.0,2.0,2.0,38.0,2
Built-up  Area,HRBR Layout,1300.0,2.0,3.0,90.0,2
Super built-up  Area,Hennur Road,1891.0,3.0,1.0,110.0,3
Super built-up  Area,Hennur Road,1735.0,3.0,3.0,78.0,3
Super built-up  Area,Bisuvanahalli,1075.0,2.0,1.0,33.0,3
Plot  Area,Other,1600.0,5.0,2.0,140.0,5
Built-up  Area,Other,1160.0,2.0,3.0,55.0,2
Super built-up  Area,Other,930.0,1.0,1.0,55.0,2
Built-up  Area,Devanahalli,1010.0,2.0,1.0,58.0,2
Super built-up  Area,Electronic City,1221.0,2.0,2.0,68.0,2
Plot  Area,Banashankari,2400.0,4.0,3.0,470.0,4
Super built-up  Area,Hoodi,1108.0,2.0,1.0,87.48,2
Super built-up  Area,Sarjapur  Road,1370.0,2.0,1.0,70.0,2
Super built-up  Area,Banashankari Stage V,920.0,2.0,1.0,41.5,2
Super built-up  Area,Bhoganhalli,1277.0,2.0,1.0,79.89,2
Super built-up  Area,Horamavu Agara,1213.0,2.0,2.0,38.1,2
Super built-up  Area,Singasandra,1653.0,3.0,2.0,85.0,3
Plot  Area,Sarjapur,2400.0,3.0,3.0,140.0,4
Super built-up  Area,1st Block Koramangala,3000.0,5.0,3.0,500.0,4
Plot  Area,Kothanur,1600.0,4.0,3.0,250.0,4
Super built-up  Area,Electronics City Phase 1,1321.0,2.0,2.0,40.0,3
Super built-up  Area,Kanakpura Road,1570.0,3.0,2.0,68.0,3
Super built-up  Area,Other,1053.0,2.0,3.0,44.0,2
Super built-up  Area,Other,1325.0,2.0,3.0,56.0,3
Super built-up  Area,Other,1169.0,2.0,1.0,50.11,2
Super built-up  Area,Other,1274.0,2.0,1.0,90.0,2
Super built-up  Area,Whitefield,1317.0,2.0,2.0,52.0,2
Built-up  Area,Lakshminarayana Pura,1195.0,2.0,1.0,75.0,2
Super built-up  Area,Whitefield,2858.0,4.0,0.0,137.0,4
Super built-up  Area,Kammasandra,940.0,2.0,2.0,35.0,2
Built-up  Area,Budigere,1820.0,3.0,2.0,95.5,3
Super built-up  Area,Kanakpura Road,1450.0,3.0,3.0,53.6,3
Built-up  Area,Whitefield,1615.0,3.0,0.0,96.9,3
Built-up  Area,Nagarbhavi,2200.0,2.0,3.0,99.0,3
Super built-up  Area,Subramanyapura,985.0,2.0,1.0,62.5,2
Built-up  Area,Electronics City Phase 1,1116.0,2.0,1.0,33.0,2
Super built-up  Area,Kaggadasapura,1105.0,2.0,1.0,39.5,2
Super built-up  Area,Whitefield,1220.0,2.0,1.0,55.0,2
Built-up  Area,Hoodi,1400.0,3.0,2.0,74.0,3
Built-up  Area,Other,2400.0,3.0,0.0,185.0,4
Built-up  Area,Uttarahalli,1000.0,2.0,1.0,35.0,2
Super built-up  Area,Bannerghatta Road,1660.0,3.0,3.0,80.0,3
Super built-up  Area,Old Madras Road,1165.0,2.0,1.0,52.0,2
Super built-up  Area,Budigere,1153.0,2.0,2.0,56.0,2
Built-up  Area,Bannerghatta Road,1270.0,2.0,2.0,45.0,2
Super built-up  Area,Other,1070.0,2.0,2.0,38.0,2
Built-up  Area,Other,1427.0,2.0,2.0,85.0,3
Super built-up  Area,Banashankari Stage III,1420.0,2.0,2.0,95.0,3
Plot  Area,Kothanur,1600.0,5.0,0.0,130.0,4
Super built-up  Area,Other,2031.0,2.0,2.0,200.0,2
Super built-up  Area,Bellandur,1454.0,2.0,1.0,90.0,2
Super built-up  Area,Whitefield,1116.0,2.0,3.0,48.76,2
Plot  Area,Other,2000.0,3.0,1.0,180.0,4
Super built-up  Area,Sarjapur  Road,1346.0,2.0,1.0,74.03,2
Super built-up  Area,Other,1062.0,2.0,1.0,50.0,2
Super built-up  Area,Other,700.0,1.0,1.0,25.5,1
Super built-up  Area,JP Nagar,1405.0,2.0,1.0,99.0,2
Built-up  Area,Doddathoguru,1100.0,2.0,2.0,50.0,2
Plot  Area,Chikka Tirupathi,2153.0,4.0,3.0,120.0,3
Plot  Area,Other,1200.0,3.0,2.0,120.0,3
Super built-up  Area,Ulsoor,2135.0,3.0,2.0,170.0,3
Built-up  Area,Pai Layout,1068.0,2.0,3.0,48.0,2
Super built-up  Area,Doddathoguru,940.0,2.0,1.0,32.9,2
Super built-up  Area,Hosa Road,1063.0,2.0,1.0,32.79,2
Super built-up  Area,Brookefield,1382.0,2.0,2.0,84.5,2
Super built-up  Area,Harlur,936.0,2.0,1.0,45.0,2
Super built-up  Area,KR Puram,1400.0,2.0,3.0,60.0,3
Super built-up  Area,Sarjapur  Road,475.0,1.0,1.0,26.0,1
Super built-up  Area,Other,1200.0,2.0,1.0,115.0,2
Super built-up  Area,Other,1450.0,3.0,3.0,65.0,3
Super built-up  Area,Kudlu,1162.0,2.0,1.0,52.0,2
Super built-up  Area,Hosa Road,1161.0,2.0,1.0,48.75,2
Super built-up  Area,Green Glen Layout,1623.29,2.0,2.0,105.0,3
Super built-up  Area,Brookefield,1260.0,2.0,1.0,70.0,2
Plot  Area,Billekahalli,1672.0,3.0,2.0,190.0,4
Plot  Area,Seegehalli,3000.0,4.0,2.0,240.0,3
Super built-up  Area,Murugeshpalya,1500.0,2.0,0.0,70.0,3
Super built-up  Area,Budigere,705.0,1.0,0.0,34.545,1
Plot  Area,Other,1650.0,6.0,2.0,200.0,5
Super built-up  Area,Other,2000.0,3.0,3.0,200.0,3
Plot  Area,Other,1675.0,1.0,0.0,241.0,1
Plot  Area,Electronic City,1200.0,3.0,2.0,150.0,3
Super built-up  Area,Nagarbhavi,1100.0,2.0,2.0,46.2,2
Super built-up  Area,Whitefield,1400.0,2.0,3.0,56.0,3
Super built-up  Area,Ramagondanahalli,2257.0,3.0,2.0,155.0,3
Super built-up  Area,Budigere,1153.0,2.0,2.0,56.5,2
Super built-up  Area,Sarjapur  Road,1197.0,2.0,1.0,56.86,2
Super built-up  Area,Other,1150.0,2.0,2.0,90.0,2
Super built-up  Area,Other,595.0,1.0,1.0,40.0,1
Super built-up  Area,Hoodi,1837.0,3.0,1.0,110.0,3
Plot  Area,Other,3750.0,4.0,2.0,190.0,4
Super built-up  Area,Bellandur,1830.0,3.0,3.0,91.86,3
Super built-up  Area,Green Glen Layout,1715.0,3.0,3.0,115.0,3
Super built-up  Area,Electronic City,970.0,2.0,1.0,35.0,2
Plot  Area,Hebbal Kempapura,1200.0,3.0,2.0,148.0,4
Built-up  Area,NRI Layout,2700.0,5.0,1.0,95.75,4
Plot  Area,Other,5480.0,4.0,2.0,400.0,3
Built-up  Area,Vidyaranyapura,2400.0,5.0,1.0,135.0,4
Super built-up  Area,Sarjapur  Road,3040.0,4.0,2.0,135.0,4
Super built-up  Area,Raja Rajeshwari Nagar,1168.0,2.0,1.0,66.0,2
Built-up  Area,Other,1500.0,3.0,2.0,75.0,3
Plot  Area,Kumaraswami Layout,600.0,2.0,1.0,72.0,2
Super built-up  Area,ITPL,850.0,2.0,1.0,25.4,2
Super built-up  Area,Ramamurthy Nagar,935.0,2.0,2.0,39.0,2
Super built-up  Area,Doddaballapur,654.0,1.0,1.0,49.0,1
Built-up  Area,Domlur,1650.0,3.0,1.0,180.0,3
Plot  Area,Other,5656.0,5.0,0.0,499.0,3
Super built-up  Area,Other,1300.0,2.0,1.0,33.0,2
Super built-up  Area,Kaggalipura,950.0,2.0,1.0,60.0,2
Super built-up  Area,Other,1250.0,3.0,2.0,54.0,3
Super built-up  Area,Other,1425.0,2.0,2.0,65.0,3
Built-up  Area,Uttarahalli,1165.0,1.0,0.0,42.09,2
Super built-up  Area,Kathriguppe,1390.0,2.0,2.0,69.49,3
Built-up  Area,Kalena Agrahara,1510.0,3.0,2.0,78.0,3
Super built-up  Area,Thanisandra,1305.0,2.0,2.0,90.0,2
Built-up  Area,Kodigehaali,866.0,2.0,2.0,32.0,2
Super built-up  Area,Hulimavu,1231.0,2.0,1.0,84.5,2
Super built-up  Area,Sompura,1360.0,2.0,3.0,45.0,3
Super built-up  Area,Yeshwanthpur,2500.0,3.0,3.0,138.0,3
Super built-up  Area,Whitefield,1140.0,2.0,3.0,55.0,2
Super built-up  Area,Whitefield,1295.0,2.0,1.0,64.5,2
Super built-up  Area,Hormavu,1020.0,2.0,2.0,45.75,2
Super built-up  Area,Old Airport Road,3504.0,4.0,2.0,262.0,4
Plot  Area,Other,1200.0,1.0,0.0,50.0,2
Super built-up  Area,Vidyaranyapura,1100.0,2.0,1.0,41.0,2
Plot  Area,Bannerghatta Road,4723.0,4.0,3.0,500.0,4
Super built-up  Area,Kothannur,820.0,2.0,2.0,37.0,2
Plot  Area,Sarjapur,3508.0,4.0,1.0,386.0,4
Plot  Area,Other,3700.0,4.0,2.0,400.0,4
Super built-up  Area,Kalena Agrahara,1354.0,2.0,2.0,70.0,2
Super built-up  Area,Basavangudi,2453.0,3.0,2.0,250.0,4
Super built-up  Area,Garudachar Palya,1154.0,2.0,1.0,51.8,2
Super built-up  Area,7th Phase JP Nagar,1680.0,2.0,3.0,92.0,3
Super built-up  Area,Electronics City Phase 1,1205.0,2.0,2.0,60.0,2
Built-up  Area,Raja Rajeshwari Nagar,1400.0,2.0,2.0,86.0,3
Carpet  Area,Other,1625.0,3.0,1.0,150.0,3
Built-up  Area,Electronic City,1500.0,3.0,1.0,73.0,3
Super built-up  Area,Bannerghatta Road,1520.0,2.0,3.0,80.0,3
Built-up  Area,Other,1300.0,3.0,1.0,65.0,2
Super built-up  Area,Other,1150.0,2.0,2.0,47.0,2
Super built-up  Area,Kadugodi,1762.0,3.0,3.0,109.0,3
Super built-up  Area,Budigere,1153.0,2.0,2.0,58.0,2
Super built-up  Area,Yelahanka,2650.0,4.0,1.0,223.0,4
Super built-up  Area,Sompura,1350.0,2.0,2.0,47.0,3
Super built-up  Area,Billekahalli,950.0,2.0,2.0,56.0,2
Super built-up  Area,Jakkur,3295.0,3.0,3.0,310.0,3
Super built-up  Area,Other,1515.0,3.0,3.0,80.5,3
Super built-up  Area,Neeladri Nagar,1100.0,2.0,2.0,30.0,2
Super built-up  Area,Other,1250.0,2.0,2.0,65.0,2
Built-up  Area,HBR Layout,1200.0,2.0,0.0,120.0,2
Super built-up  Area,5th Phase JP Nagar,2500.0,8.0,3.0,95.0,7
Plot  Area,Hoskote,1200.0,4.0,2.0,100.0,4
Super built-up  Area,Yelahanka,1355.0,2.0,2.0,51.5,3
Super built-up  Area,Other,1115.0,3.0,1.0,39.14,3
Super built-up  Area,8th Phase JP Nagar,1275.0,3.0,2.0,45.0,3
Super built-up  Area,Padmanabhanagar,2051.0,3.0,2.0,170.0,3
Super built-up  Area,BTM Layout,1470.0,2.0,2.0,99.0,3
Super built-up  Area,Other,1550.0,2.0,3.0,70.0,3
Built-up  Area,Bannerghatta Road,1270.0,2.0,1.0,73.0,3
Super built-up  Area,Hebbal Kempapura,1600.0,3.0,3.0,170.0,3
Super built-up  Area,Kudlu Gate,1320.0,2.0,2.0,50.0,3
Super built-up  Area,Other,2505.0,3.0,2.0,165.0,3
Super built-up  Area,Whitefield,1200.0,2.0,3.0,70.0,2
Super built-up  Area,Other,1705.0,2.0,1.0,86.96,3
Super built-up  Area,Electronic City,995.0,2.0,1.0,48.0,2
Built-up  Area,Horamavu Banaswadi,1081.0,2.0,1.0,52.0,2
Super built-up  Area,Sonnenahalli,605.0,1.0,1.0,30.24,1
Built-up  Area,Yelahanka,567.0,1.0,1.0,25.0,1
Super built-up  Area,Rajaji Nagar,1718.0,3.0,2.0,275.0,2
Super built-up  Area,Banashankari Stage VI,1410.5,2.0,0.0,70.385,3
Super built-up  Area,Green Glen Layout,1715.0,3.0,2.0,105.0,3
Plot  Area,Doddaballapur,3206.0,5.0,2.0,270.0,4
Plot  Area,Kundalahalli,1500.0,4.0,2.0,235.0,4
Super built-up  Area,Bannerghatta Road,1846.0,3.0,2.0,120.0,3
Super built-up  Area,Whitefield,1015.0,2.0,3.0,56.0,2
Super built-up  Area,Thanisandra,1100.0,2.0,1.0,36.0,2
Super built-up  Area,Thanisandra,1965.0,4.0,2.0,125.0,3
Super built-up  Area,NGR Layout,1021.0,2.0,2.0,45.9,2
Super built-up  Area,Haralur Road,1230.0,2.0,1.0,67.65,2
Super built-up  Area,Uttarahalli,1260.0,2.0,2.0,55.0,2
Plot  Area,Indira Nagar,2400.0,4.0,1.0,700.0,4
Super built-up  Area,Lingadheeranahalli,1894.0,4.0,1.0,114.0,3
Super built-up  Area,Sector 2 HSR Layout,1231.0,2.0,3.0,66.0,2
Built-up  Area,R.T. Nagar,1800.0,3.0,0.0,120.0,4
Super built-up  Area,Other,1650.0,3.0,2.0,135.0,3
Super built-up  Area,Begur,1443.0,2.0,2.0,70.0,3
Super built-up  Area,Other,925.0,2.0,1.0,68.0,2
Super built-up  Area,Chandapura,1305.0,3.0,1.0,33.28,3
Super built-up  Area,Other,1190.0,2.0,2.0,46.41,2
Super built-up  Area,Uttarahalli,1284.0,2.0,2.0,53.36,2
Built-up  Area,Chikkalasandra,1325.0,2.0,1.0,59.0,2
Plot  Area,Other,2400.0,5.0,2.0,750.0,6
Super built-up  Area,Kudlu Gate,1183.0,2.0,1.0,79.54,2
Built-up  Area,Other,1750.0,3.0,2.0,100.0,3
Super built-up  Area,Other,747.0,1.0,2.0,27.0,1
Super built-up  Area,Electronic City,1342.0,2.0,1.0,90.0,2
Super built-up  Area,Other,1113.0,2.0,1.0,52.0,2
Super built-up  Area,Other,1738.0,3.0,2.0,110.0,3
Super built-up  Area,Brookefield,1206.0,2.0,2.0,90.0,2
Super built-up  Area,Hebbal,2790.0,4.0,3.0,198.0,4
Super built-up  Area,Hebbal,1162.0,2.0,1.0,59.0,2
Super built-up  Area,Other,1194.0,2.0,2.0,46.0,2
Built-up  Area,Sarjapur  Road,1857.0,4.0,3.0,155.0,3
Built-up  Area,Other,3500.0,6.0,2.0,115.0,6
Super built-up  Area,Rajaji Nagar,1763.0,3.0,2.0,240.0,2
Super built-up  Area,Uttarahalli,1150.0,2.0,1.0,45.99,2
Plot  Area,Koramangala,2400.0,5.0,3.0,550.0,4
Super built-up  Area,Chikkalasandra,1290.0,2.0,2.0,72.0,2
Built-up  Area,Thubarahalli,3408.0,5.0,2.0,145.0,4
Built-up  Area,HBR Layout,900.0,2.0,1.0,145.0,2
Built-up  Area,Sanjay nagar,1150.0,2.0,0.0,70.0,2
Plot  Area,Banashankari,1040.0,2.0,1.0,109.0,3
Super built-up  Area,Yeshwanthpur,1160.0,2.0,2.0,64.08,2
Super built-up  Area,Other,900.0,2.0,2.0,27.0,2
Plot  Area,Sarjapur  Road,1750.0,3.0,1.0,185.0,4
Super built-up  Area,Lingadheeranahalli,2240.0,4.0,2.0,160.0,4
Super built-up  Area,Electronics City Phase 1,891.0,2.0,1.0,26.0,2
Super built-up  Area,Ambedkar Nagar,1852.0,3.0,2.0,125.0,3
Super built-up  Area,Chandapura,1323.0,2.0,1.0,42.0,3
Super built-up  Area,Vittasandra,1404.0,2.0,1.0,67.5,2
Built-up  Area,Dodda Nekkundi,1370.0,2.0,2.0,60.0,2
Super built-up  Area,Uttarahalli,1385.0,2.0,2.0,48.48,3
Super built-up  Area,Gollarapalya Hosahalli,1129.0,2.0,1.0,50.0,2
Super built-up  Area,Other,1876.0,3.0,1.0,150.0,3
Super built-up  Area,Other,1720.0,3.0,1.0,95.0,3
Plot  Area,Jalahalli East,1200.0,4.0,1.0,80.0,4
Super built-up  Area,Mysore Road,1175.0,2.0,2.0,86.68,2
Super built-up  Area,Other,500.0,1.0,2.0,51.0,1
Built-up  Area,Electronic City Phase II,1200.0,1.0,0.0,295.0,1
Super built-up  Area,Hosa Road,1893.0,3.0,2.0,130.0,3
Super built-up  Area,Whitefield,1430.0,3.0,2.0,52.0,3
Built-up  Area,Other,850.0,2.0,2.0,45.0,2
Super built-up  Area,CV Raman Nagar,1392.0,2.0,1.0,110.0,2
Super built-up  Area,Kanakpura Road,1938.0,3.0,3.0,105.0,3
Super built-up  Area,Other,1020.0,2.0,2.0,52.0,2
Plot  Area,Other,2400.0,2.0,1.0,360.0,3
Super built-up  Area,HBR Layout,1832.0,3.0,2.0,160.0,3
Super built-up  Area,Konanakunte,1423.0,2.0,2.0,85.0,3
Super built-up  Area,Jakkur,1432.0,2.0,1.0,85.0,2
Plot  Area,Other,1350.0,4.0,3.0,235.0,4
Super built-up  Area,CV Raman Nagar,1480.0,3.0,2.0,65.0,3
Super built-up  Area,Kanakpura Road,1843.0,3.0,2.0,96.2,3
Super built-up  Area,Hulimavu,1916.0,2.0,1.0,150.0,3
Super built-up  Area,Yelenahalli,1160.0,2.0,2.0,44.08,2
Super built-up  Area,Old Madras Road,2640.0,2.0,1.0,170.0,2
Super built-up  Area,Bommanahalli,1160.0,2.0,3.0,53.0,2
Built-up  Area,Lakshminarayana Pura,1200.0,2.0,1.0,80.0,2
Carpet  Area,Ramagondanahalli,1500.0,3.0,3.0,100.0,3
Super built-up  Area,Electronic City Phase II,1336.0,2.0,3.0,50.35,3
Built-up  Area,Choodasandra,1065.0,2.0,1.0,46.0,2
Super built-up  Area,Hebbal,1294.0,2.0,1.0,115.0,2
Super built-up  Area,Rachenahalli,1550.0,3.0,2.0,68.5,3
Super built-up  Area,Other,1005.0,2.0,2.0,40.0,2
Super built-up  Area,7th Phase JP Nagar,1430.0,2.0,1.0,102.0,3
Super built-up  Area,Frazer Town,4100.0,4.0,3.0,660.0,4
Super built-up  Area,Hoodi,1660.0,3.0,2.0,125.0,3
Super built-up  Area,Thanisandra,1430.0,2.0,3.0,56.0,3
Super built-up  Area,Hennur Road,1470.0,2.0,1.0,75.0,3
Super built-up  Area,Jalahalli,1045.0,2.0,1.0,76.77,2
Super built-up  Area,Hebbal,4225.0,6.0,0.0,359.0,4
Built-up  Area,Anjanapura,950.0,2.0,0.0,30.0,2
Super built-up  Area,Doddathoguru,1382.0,3.0,1.0,65.0,3
Super built-up  Area,BTM 2nd Stage,930.0,2.0,2.0,46.0,2
Super built-up  Area,Other,1290.0,2.0,2.0,71.95,2
Built-up  Area,Whitefield,1010.0,2.0,1.0,45.0,3
Built-up  Area,Brookefield,3050.0,4.0,2.0,130.0,4
Super built-up  Area,Dodda Nekkundi,1200.0,2.0,2.0,71.0,2
Built-up  Area,Other,1650.0,3.0,2.0,140.0,3
Super built-up  Area,Budigere,1636.0,3.0,2.0,88.0,3
Super built-up  Area,Rajaji Nagar,2367.0,3.0,2.0,320.0,3
Super built-up  Area,Budigere,1153.0,2.0,2.0,56.55,2
Super built-up  Area,Hegde Nagar,2087.01,4.0,2.0,160.0,3
Super built-up  Area,LB Shastri Nagar,1200.0,2.0,1.0,47.0,2
Super built-up  Area,HSR Layout,1844.0,3.0,1.0,89.0,3
Super built-up  Area,Hosa Road,1537.515476,3.0,1.0,110.0,3
Super built-up  Area,Begur Road,1215.0,2.0,1.0,43.75,2
Super built-up  Area,Sarjapur  Road,1194.0,2.0,1.0,57.0,2
Built-up  Area,Other,1220.0,2.0,2.0,52.0,2
Built-up  Area,Other,3150.0,4.0,2.0,150.0,4
Super built-up  Area,Bommasandra,955.0,2.0,1.0,37.97,2
Built-up  Area,Other,2000.0,5.0,2.0,75.0,5
Super built-up  Area,Magadi Road,884.0,2.0,1.0,48.0,2
Super built-up  Area,Kathriguppe,1250.0,2.0,1.0,68.75,2
Super built-up  Area,Bommasandra Industrial Area,7000.0,2.0,1.0,135.0,2
Plot  Area,Dodda Nekkundi,2400.0,4.0,2.0,300.0,3
Super built-up  Area,Harlur,2990.0,4.0,1.0,225.0,4
Super built-up  Area,Bellandur,1195.0,2.0,1.0,52.0,2
Super built-up  Area,Other,2559.0,1.0,1.0,55.0,1
Built-up  Area,Begur,1200.0,2.0,1.0,33.0,2
Super built-up  Area,Sarjapur  Road,984.0,2.0,1.0,45.75,2
Super built-up  Area,Bommasandra,1089.0,2.0,1.0,40.0,2
Super built-up  Area,Hennur Road,1165.0,2.0,1.0,52.0,2
Super built-up  Area,Chandapura,410.0,1.0,1.0,10.0,1
Super built-up  Area,Hennur,1482.0,3.0,1.0,110.0,3
Built-up  Area,Ramamurthy Nagar,1200.0,2.0,1.0,68.0,2
Super built-up  Area,Hormavu,1166.0,2.0,2.0,34.97,3
Super built-up  Area,Chikkalasandra,1275.0,2.0,2.0,55.46,3
Super built-up  Area,Mico Layout,1140.0,2.0,2.0,43.0,2
Plot  Area,Hegde Nagar,3734.0,5.0,1.0,430.0,4
Super built-up  Area,Other,720.0,1.0,2.0,28.0,1
Plot  Area,Nagarbhavi,1200.0,3.0,2.0,228.0,3
Built-up  Area,Other,1100.0,2.0,1.0,90.0,2
Super built-up  Area,Sector 7 HSR Layout,1162.0,2.0,2.0,98.77,2
Built-up  Area,Ramamurthy Nagar,540.0,1.0,0.0,35.0,1
Super built-up  Area,Rachenahalli,1550.0,2.0,2.0,73.5,3
Plot  Area,R.T. Nagar,1300.0,3.0,2.0,145.0,3
Super built-up  Area,Other,1220.0,2.0,2.0,60.0,2
Super built-up  Area,Doddathoguru,964.0,2.0,1.0,62.0,2
Built-up  Area,Other,1500.0,3.0,2.0,50.0,3
Super built-up  Area,Sarjapur  Road,1347.0,2.0,1.0,44.0,3
Super built-up  Area,Other,5000.0,5.0,2.0,250.0,4
Built-up  Area,Bannerghatta Road,3000.0,4.0,2.0,140.0,4
Super built-up  Area,Bannerghatta,1120.0,2.0,1.0,42.5,2
Super built-up  Area,Other,600.0,1.0,1.0,22.8,1
Super built-up  Area,Whitefield,2321.0,4.0,1.0,157.0,3
Super built-up  Area,Other,540.0,1.0,2.0,24.0,1
Built-up  Area,Hebbal,1150.0,2.0,1.0,57.0,2
Built-up  Area,Sonnenahalli,1484.0,3.0,1.0,75.0,3
Super built-up  Area,Ramagondanahalli,1680.0,2.0,2.0,68.0,3
Super built-up  Area,Other,620.0,2.0,1.0,23.0,2
Super built-up  Area,Other,1650.0,3.0,2.0,78.0,3
Super built-up  Area,Other,1250.0,3.0,2.0,44.0,3
Super built-up  Area,Other,2072.0,3.0,2.0,108.0,3
Super built-up  Area,Sarjapur  Road,1105.0,2.0,2.0,40.0,2
Super built-up  Area,Vidyaranyapura,1200.0,2.0,2.0,60.5,2
Built-up  Area,Kumaraswami Layout,3100.0,7.0,3.0,145.0,7
Plot  Area,Whitefield,4007.0,4.0,3.0,530.0,4
Super built-up  Area,Banashankari,1340.0,2.0,2.0,53.6,3
Super built-up  Area,Rajaji Nagar,2409.0,3.0,3.0,395.0,3
Super built-up  Area,Vittasandra,1246.0,2.0,1.0,65.0,2
Built-up  Area,Old Airport Road,1055.0,2.0,3.0,75.0,2
Super built-up  Area,Hosa Road,1541.0,3.0,1.0,69.61,3
Built-up  Area,Harlur,1370.0,2.0,2.0,88.0,2
Super built-up  Area,Whitefield,1224.0,2.0,2.0,75.0,2
Super built-up  Area,Yeshwanthpur,1676.0,3.0,2.0,92.13,3
Built-up  Area,Other,1154.0,2.0,1.0,57.0,2
Super built-up  Area,Kanakpura Road,1610.0,3.0,3.0,78.5,3
Super built-up  Area,Other,1057.0,2.0,1.0,42.0,2
Super built-up  Area,Raja Rajeshwari Nagar,1157.0,2.0,1.0,65.0,2
Plot  Area,Other,1200.0,4.0,1.0,85.0,4
Super built-up  Area,Other,980.0,2.0,3.0,35.0,2
Super built-up  Area,Sarjapur  Road,1140.0,2.0,1.0,40.0,2
Super built-up  Area,Raja Rajeshwari Nagar,1206.0,2.0,1.0,40.7,2
Built-up  Area,Electronic City Phase II,575.0,1.0,1.0,16.75,1
Super built-up  Area,Koramangala,1600.0,3.0,1.0,170.0,3
Plot  Area,Other,2400.0,4.0,1.0,500.0,4
Super built-up  Area,Horamavu Agara,1300.0,2.0,2.0,52.0,3
Super built-up  Area,Other,1270.0,2.0,1.0,35.56,3
Super built-up  Area,Electronic City,1128.0,2.0,1.0,63.5,2
Super built-up  Area,Electronics City Phase 1,640.0,1.0,1.0,45.0,1
Super built-up  Area,Other,2400.0,3.0,2.0,185.0,3
Super built-up  Area,Electronic City,589.0,1.0,1.0,29.0,1
Super built-up  Area,Electronic City,1125.0,2.0,1.0,28.13,2
Plot  Area,Sarjapur  Road,3150.0,4.0,2.0,500.0,4
Super built-up  Area,Kundalahalli,1315.0,2.0,3.0,74.0,2
Plot  Area,Other,2700.0,2.0,2.0,150.0,2
Super built-up  Area,Bellandur,1435.0,2.0,2.0,115.0,3
Super built-up  Area,Kadugodi,1314.0,2.0,3.0,80.0,2
Super built-up  Area,Koramangala,1260.0,2.0,1.0,100.0,2
Super built-up  Area,Nagarbhavi,1080.0,2.0,1.0,49.0,2
Built-up  Area,Other,4000.0,8.0,3.0,160.0,8
Super built-up  Area,Mysore Road,1082.0,2.0,1.0,45.0,3
Super built-up  Area,Jakkur,1150.0,3.0,2.0,65.0,3
Super built-up  Area,Hennur Road,1052.0,2.0,1.0,34.72,2
Super built-up  Area,Yelahanka,1045.0,2.0,1.0,45.0,2
Built-up  Area,Kodigehaali,1442.0,3.0,2.0,80.0,3
Super built-up  Area,Kaggadasapura,1500.0,2.0,2.0,75.0,3
Super built-up  Area,Hennur,1255.0,2.0,1.0,53.57,2
Super built-up  Area,Other,1432.0,3.0,2.0,79.0,3
Built-up  Area,Kundalahalli,2100.0,3.0,2.0,150.0,3
Built-up  Area,Hennur Road,1450.0,2.0,2.0,80.0,2
Super built-up  Area,Sarjapur  Road,1346.0,2.0,1.0,69.61,2
Super built-up  Area,Kumaraswami Layout,1200.0,2.0,2.0,29.0,2
Super built-up  Area,Electronic City Phase II,925.0,2.0,1.0,49.82,3
Super built-up  Area,Dasarahalli,1160.0,2.0,2.0,49.0,2
Super built-up  Area,Lingadheeranahalli,1768.0,3.0,3.0,81.31,3
Super built-up  Area,Kothanur,1094.0,2.0,2.0,54.0,2
Super built-up  Area,Other,1500.0,3.0,3.0,90.0,3
Built-up  Area,Gubbalala,1745.0,3.0,2.0,130.0,3
Built-up  Area,Bommanahalli,2875.0,7.0,2.0,85.0,7
Super built-up  Area,Other,3500.0,3.0,3.0,425.0,4
Super built-up  Area,Sonnenahalli,1550.0,3.0,1.0,50.0,3
Super built-up  Area,Rajiv Nagar,2340.0,5.0,1.0,160.0,4
Super built-up  Area,Whitefield,1655.0,3.0,2.0,113.0,3
Super built-up  Area,Battarahalli,2024.0,3.0,2.0,103.0,3
Built-up  Area,Other,3100.0,5.0,0.0,425.0,4
Super built-up  Area,Jalahalli,1575.0,4.0,3.0,100.0,3
Built-up  Area,Sarjapur  Road,6200.0,4.0,2.0,744.0,4
Super built-up  Area,BTM 2nd Stage,1265.0,2.0,3.0,55.0,3
Super built-up  Area,Other,1100.0,2.0,2.0,45.0,3
Plot  Area,Margondanahalli,1160.0,2.0,1.0,65.0,2
Super built-up  Area,Vittasandra,1246.0,2.0,1.0,67.4,2
Super built-up  Area,Hosa Road,615.0,1.0,1.0,43.08,1
Super built-up  Area,7th Phase JP Nagar,1128.0,2.0,1.0,60.0,2
Super built-up  Area,Other,1260.0,2.0,1.0,55.0,2
Super built-up  Area,Bellandur,1830.0,3.0,3.0,89.89,3
Super built-up  Area,Sarjapur,1525.0,2.0,2.0,68.0,3
Super built-up  Area,Yelahanka,602.0,2.0,1.0,30.0,1
Built-up  Area,Kumaraswami Layout,3000.0,4.0,2.0,400.0,7
Super built-up  Area,Hegde Nagar,1835.0,3.0,3.0,89.0,3
Built-up  Area,Kanakpura Road,1250.0,3.0,3.0,62.6,3
Plot  Area,Other,1200.0,4.0,1.0,110.0,4
Super built-up  Area,Murugeshpalya,1855.0,3.0,3.0,96.0,3
Super built-up  Area,Sarjapur  Road,2089.0,3.0,2.0,148.0,3
Plot  Area,Banashankari Stage VI,4800.0,3.0,2.0,200.0,4
Built-up  Area,Begur Road,1200.0,2.0,2.0,44.73,2
Super built-up  Area,Sarjapur,1095.0,2.0,1.0,45.0,2
Plot  Area,Ambedkar Nagar,2900.0,3.0,2.0,297.0,3
Super built-up  Area,BTM 2nd Stage,2500.0,3.0,2.0,345.0,3
Built-up  Area,Kothanur,1170.0,3.0,2.0,80.0,3
Super built-up  Area,6th Phase JP Nagar,1280.0,2.0,1.0,88.0,2
Super built-up  Area,Rajaji Nagar,1224.0,2.0,0.0,105.0,2
Built-up  Area,Thanisandra,1694.0,3.0,1.0,125.0,3
Super built-up  Area,Electronic City,825.0,2.0,1.0,30.0,2
Super built-up  Area,Sarjapur  Road,1612.0,3.0,1.0,98.38,3
Super built-up  Area,Chandapura,985.0,2.0,1.0,25.12,2
Super built-up  Area,Murugeshpalya,1175.0,2.0,2.0,75.0,2
Plot  Area,Other,600.0,1.0,0.0,24.0,1
Built-up  Area,Whitefield,1740.0,3.0,3.0,85.0,3
Super built-up  Area,Other,1770.0,3.0,2.0,99.0,3
Super built-up  Area,Horamavu Agara,1090.0,2.0,1.0,46.0,2
Plot  Area,Other,2295.0,3.0,0.0,650.0,6
Built-up  Area,Whitefield,4144.0,5.0,1.0,331.0,5
Super built-up  Area,Other,1800.0,3.0,1.0,130.0,3
Super built-up  Area,Jigani,1221.0,3.0,3.0,65.0,3
Super built-up  Area,8th Phase JP Nagar,1046.0,2.0,1.0,48.0,2
Super built-up  Area,Uttarahalli,1290.0,2.0,3.0,56.12,3
Built-up  Area,Electronic City Phase II,1065.0,2.0,1.0,30.76,2
Super built-up  Area,Ambedkar Nagar,1850.0,4.0,2.0,121.0,3
Super built-up  Area,Battarahalli,1097.0,2.0,1.0,49.0,2
Super built-up  Area,Kalena Agrahara,1200.0,3.0,2.0,70.0,2
Super built-up  Area,Varthur,2160.0,3.0,2.0,170.0,3
Super built-up  Area,Anekal,1140.0,2.0,2.0,52.0,2
Super built-up  Area,Thigalarapalya,1297.0,2.0,2.0,98.0,2
Super built-up  Area,Padmanabhanagar,1150.0,2.0,0.0,50.0,2
Super built-up  Area,Other,1375.0,2.0,1.0,45.0,2
Super built-up  Area,Babusapalaya,1245.0,2.0,2.0,58.0,2
Super built-up  Area,Other,4750.0,6.0,1.0,948.0,4
Built-up  Area,Nagarbhavi,1800.0,3.0,0.0,180.0,4
Super built-up  Area,Brookefield,1594.0,3.0,2.0,140.0,3
Super built-up  Area,Kanakpura Road,700.0,2.0,2.0,36.0,2
Built-up  Area,Rajaji Nagar,2500.0,4.0,0.0,650.0,5
Built-up  Area,Raja Rajeshwari Nagar,1000.0,2.0,0.0,50.0,2
Plot  Area,Whitefield,4000.0,5.0,1.0,540.0,6
Super built-up  Area,Begur Road,1160.0,2.0,2.0,42.0,2
Super built-up  Area,Other,1570.0,2.0,2.0,95.0,3
Super built-up  Area,Sarjapur  Road,1290.0,2.0,2.0,88.0,2
Super built-up  Area,Kudlu Gate,1200.0,2.0,1.0,44.4,2
Super built-up  Area,Other,2777.29,5.0,2.0,649.0,3
Super built-up  Area,Other,2250.0,3.0,0.0,180.0,3
Built-up  Area,Other,1270.0,2.0,2.0,172.0,2
Super built-up  Area,Other,1145.0,2.0,2.0,44.0,2
Super built-up  Area,Chikkabanavar,1320.0,2.0,2.0,46.0,3
Built-up  Area,Electronic City Phase II,1065.0,2.0,1.0,30.75,2
Built-up  Area,Whitefield,1650.0,3.0,2.0,48.0,3
Super built-up  Area,Sarjapur  Road,1371.0,2.0,1.0,86.0,2
Built-up  Area,Other,2700.0,5.0,2.0,150.0,5
Super built-up  Area,Electronic City,1575.0,3.0,1.0,94.5,3
Super built-up  Area,Yelahanka,1362.0,2.0,2.0,66.0,2
Built-up  Area,Other,3210.0,2.0,2.0,353.0,5
Super built-up  Area,Haralur Road,1255.0,3.0,1.0,90.0,3
Super built-up  Area,Whitefield,925.0,2.0,1.0,35.0,2
Super built-up  Area,Electronics City Phase 1,1088.0,2.0,1.0,30.46,2
Super built-up  Area,Sarjapur  Road,2140.0,3.0,2.0,139.0,3
Super built-up  Area,Thubarahalli,1584.0,3.0,2.0,101.0,3
Super built-up  Area,Whitefield,1175.0,2.0,2.0,50.0,2
Super built-up  Area,Sarjapura - Attibele Road,1555.0,3.0,3.0,52.0,3
Super built-up  Area,Dodda Nekkundi,1585.0,2.0,2.0,79.0,3
Super built-up  Area,Kalena Agrahara,1354.0,2.0,2.0,71.0,2
Super built-up  Area,Other,1165.0,2.0,2.0,45.0,2
Built-up  Area,Kumaraswami Layout,1200.0,3.0,1.0,75.0,3
Super built-up  Area,Hebbal,1740.0,2.0,1.0,137.0,3
Super built-up  Area,Rachenahalli,985.0,2.0,1.0,50.17,2
Super built-up  Area,Other,1340.0,2.0,2.0,47.0,3
Super built-up  Area,Begur Road,1583.0,3.0,1.0,95.23,3
Plot  Area,Other,1200.0,5.0,2.0,325.0,4
Plot  Area,Basaveshwara Nagar,1200.0,1.0,1.0,180.0,2
Super built-up  Area,Bannerghatta Road,1122.5,2.0,0.0,61.74,2
Super built-up  Area,Thanisandra,1573.0,3.0,2.0,100.0,3
Super built-up  Area,CV Raman Nagar,1227.0,2.0,2.0,42.88,2
Super built-up  Area,Other,1210.0,2.0,1.0,60.0,2
Super built-up  Area,Basavangudi,1650.0,3.0,3.0,125.0,3
Super built-up  Area,Raja Rajeshwari Nagar,1485.0,2.0,2.0,63.0,3
Super built-up  Area,Haralur Road,1735.0,3.0,2.0,97.0,3
Super built-up  Area,Hebbal Kempapura,1730.0,3.0,2.0,175.0,3
Super built-up  Area,Other,1684.0,3.0,2.0,86.0,3
Super built-up  Area,Other,1686.0,3.0,3.0,77.0,3
Super built-up  Area,Other,1654.0,3.0,3.0,82.0,3
Built-up  Area,Green Glen Layout,1600.0,3.0,3.0,105.0,3
Built-up  Area,KR Puram,1100.0,2.0,1.0,39.9,2
Super built-up  Area,Bannerghatta Road,1655.0,3.0,3.0,95.0,3
Super built-up  Area,Hennur,1830.0,3.0,3.0,121.0,3
Super built-up  Area,Hebbal,1430.0,3.0,1.0,85.0,3
Super built-up  Area,Judicial Layout,1989.0,4.0,3.0,155.0,3
Super built-up  Area,Sarjapur  Road,1044.0,2.0,2.0,55.0,2
Super built-up  Area,Banashankari,1426.0,3.0,2.0,85.0,3
Super built-up  Area,Yelahanka,1000.0,2.0,1.0,29.0,2
Plot  Area,Kathriguppe,754.0,2.0,0.0,69.99,2
Built-up  Area,Electronic City Phase II,1140.0,2.0,1.0,33.06,2
Super built-up  Area,Kodichikkanahalli,900.0,2.0,1.0,35.0,2
Built-up  Area,Other,1200.0,2.0,3.0,50.0,2
Built-up  Area,Malleshwaram,580.0,1.0,1.0,45.0,1
Super built-up  Area,Munnekollal,1030.0,2.0,1.0,50.36,2
Super built-up  Area,Koramangala,1910.0,4.0,3.0,150.0,3
Super built-up  Area,Other,1950.0,3.0,3.0,132.0,3
Super built-up  Area,Kundalahalli,1724.0,3.0,1.0,125.0,3
Plot  Area,Other,1200.0,2.0,2.0,130.0,3
Plot  Area,Rajaji Nagar,1314.0,2.0,0.0,225.0,2
Built-up  Area,Kothanur,1400.0,2.0,2.0,65.0,2
Super built-up  Area,Kaggadasapura,1400.0,2.0,2.0,68.0,3
Super built-up  Area,Hulimavu,1115.0,2.0,2.0,44.6,2
Built-up  Area,Bharathi Nagar,1300.0,2.0,2.0,55.86,2
Built-up  Area,Other,2400.0,4.0,1.0,150.0,4
Super built-up  Area,Kanakpura Road,1332.0,2.0,1.0,108.0,2
Super built-up  Area,Abbigere,1000.0,2.0,1.0,41.0,2
Plot  Area,Whitefield,1200.0,3.0,2.0,67.75,3
Built-up  Area,Whitefield,2444.0,4.0,2.0,145.0,4
Super built-up  Area,Sarjapur  Road,1600.0,3.0,1.0,85.0,3
Super built-up  Area,Marathahalli,1196.0,2.0,2.0,57.95,2
Super built-up  Area,Electronic City,1025.0,2.0,1.0,54.0,2
Super built-up  Area,Sarjapur  Road,2180.0,4.0,3.0,180.0,3
Super built-up  Area,Other,1600.0,3.0,2.0,102.0,3
Built-up  Area,Whitefield,1270.0,2.0,1.0,110.0,2
Built-up  Area,Other,3290.0,4.0,2.0,460.0,3
Super built-up  Area,Jakkur,1932.47,3.0,2.0,183.0,3
Super built-up  Area,Jalahalli,2086.0,3.0,2.0,160.0,3
Super built-up  Area,Old Madras Road,1165.0,2.0,1.0,51.42,2
Super built-up  Area,Rajaji Nagar,1440.0,2.0,2.0,165.0,2
Super built-up  Area,Electronics City Phase 1,1900.0,3.0,2.0,85.0,3
Built-up  Area,Chandapura,740.0,1.0,1.0,22.0,2
Super built-up  Area,Yeshwanthpur,2503.0,3.0,3.0,138.0,3
Super built-up  Area,Bellandur,1260.0,2.0,2.0,83.5,2
Super built-up  Area,Green Glen Layout,1717.0,3.0,3.0,125.0,3
Super built-up  Area,Other,1088.0,2.0,2.0,46.0,2
Super built-up  Area,Raja Rajeshwari Nagar,1335.0,2.0,1.0,56.0,3
Super built-up  Area,Vidyaranyapura,1200.0,2.0,1.0,42.0,2
Super built-up  Area,Garudachar Palya,1325.0,2.0,2.0,60.0,3
Super built-up  Area,JP Nagar,1157.0,2.0,1.0,73.0,2
Super built-up  Area,KR Puram,2283.0,2.0,2.0,121.0,4
Super built-up  Area,Sahakara Nagar,1200.0,2.0,1.0,54.0,2
Super built-up  Area,Pai Layout,1510.0,2.0,2.0,65.0,3
Super built-up  Area,Bommanahalli,1050.0,2.0,2.0,54.0,2
Super built-up  Area,Other,1200.0,2.0,2.0,45.0,2
Super built-up  Area,Binny Pete,1516.0,3.0,1.0,147.0,3
Plot  Area,Indira Nagar,2400.0,6.0,2.0,475.0,6
Super built-up  Area,Channasandra,1050.0,2.0,1.0,44.41,2
Plot  Area,Hegde Nagar,1000.0,2.0,0.0,66.0,2
Super built-up  Area,9th Phase JP Nagar,1050.0,2.0,2.0,35.0,2
Super built-up  Area,Hormavu,1210.0,2.0,3.0,69.0,2
Super built-up  Area,Whitefield,1660.0,3.0,1.0,110.0,3
Super built-up  Area,Malleshwaram,1410.0,2.0,3.0,125.0,2
Super built-up  Area,Electronics City Phase 1,1305.0,2.0,1.0,67.0,2
Built-up  Area,Other,1800.0,6.0,2.0,101.0,6
Built-up  Area,Bannerghatta Road,1206.0,2.0,3.0,53.0,2
Super built-up  Area,Bannerghatta Road,1150.0,2.0,2.0,55.0,2
Carpet  Area,Other,1100.0,2.0,2.0,65.0,2
Super built-up  Area,Banashankari Stage II,1245.0,2.0,1.0,125.0,2
Built-up  Area,Cooke Town,1850.0,3.0,3.0,110.0,3
Built-up  Area,Hoodi,3385.0,4.0,1.0,220.0,4
Super built-up  Area,Sompura,2150.0,3.0,2.0,85.0,4
Super built-up  Area,Hebbal,3895.0,3.0,1.0,390.0,3
Super built-up  Area,Other,1035.0,2.0,2.0,55.0,2
Super built-up  Area,Other,600.0,3.0,2.0,72.0,2
Super built-up  Area,Other,1200.0,3.0,3.0,75.0,3
Super built-up  Area,Electronics City Phase 1,755.0,1.0,0.0,30.12,1
Built-up  Area,Ramamurthy Nagar,960.0,2.0,2.0,35.0,2
Super built-up  Area,Other,450.0,1.0,1.0,20.0,1
Super built-up  Area,Other,4000.0,5.0,2.0,680.0,5
Super built-up  Area,Raja Rajeshwari Nagar,1571.0,3.0,3.0,53.12,3
Super built-up  Area,Kanakapura,1489.0,2.0,1.0,70.0,3
Built-up  Area,Kengeri Satellite Town,800.0,2.0,1.0,32.0,2
Built-up  Area,Jalahalli,980.0,2.0,2.0,60.0,3
Super built-up  Area,Bannerghatta Road,1215.0,2.0,1.0,65.0,2
Super built-up  Area,Electronic City Phase II,911.0,2.0,1.0,26.5,2
Super built-up  Area,Bellandur,1535.0,3.0,2.0,90.0,3
Super built-up  Area,R.T. Nagar,1500.0,2.0,1.0,70.0,3
Built-up  Area,Brookefield,1588.0,2.0,3.0,58.0,2
Built-up  Area,Kannamangala,957.0,2.0,2.0,56.0,2
Built-up  Area,Electronic City Phase II,1200.0,2.0,1.0,34.65,2
Super built-up  Area,Other,1495.0,2.0,2.0,52.33,3
Built-up  Area,Bisuvanahalli,845.0,2.0,0.0,34.0,2
Built-up  Area,Padmanabhanagar,3000.0,4.0,2.0,350.0,4
Super built-up  Area,Sarjapur  Road,2206.0,4.0,1.0,180.0,3
Super built-up  Area,Kasavanhalli,1181.0,2.0,1.0,61.0,2
Super built-up  Area,Sarjapur  Road,1309.0,2.0,3.0,69.5,2
Built-up  Area,Horamavu Agara,1400.0,3.0,3.0,63.0,3
Plot  Area,Other,1650.0,5.0,1.0,450.0,5
Super built-up  Area,Kanakpura Road,1622.0,3.0,2.0,95.0,3
Super built-up  Area,CV Raman Nagar,1225.0,2.0,2.0,48.0,2
Super built-up  Area,Other,1719.0,3.0,3.0,95.0,3
Super built-up  Area,Abbigere,995.0,2.0,1.0,40.8,2
Super built-up  Area,Mahadevpura,1120.0,2.0,2.0,53.0,2
Super built-up  Area,Bellandur,1047.0,2.0,1.0,75.0,2
Super built-up  Area,Devanahalli,1466.0,3.0,3.0,59.96,3
Super built-up  Area,Sarjapur  Road,1691.0,3.0,2.0,100.0,3
Super built-up  Area,Chandapura,876.0,2.0,2.0,28.47,2
Super built-up  Area,CV Raman Nagar,1659.0,3.0,1.0,135.0,3
Super built-up  Area,Whitefield,1270.0,2.0,1.0,105.0,2
Super built-up  Area,8th Phase JP Nagar,1269.0,2.0,3.0,50.75,3
Super built-up  Area,Kammanahalli,1200.0,3.0,2.0,80.0,2
Super built-up  Area,Whitefield,1315.0,2.0,2.0,69.5,2
Plot  Area,Hebbal Kempapura,2485.0,4.0,2.0,198.0,4
Super built-up  Area,Tumkur Road,1354.0,3.0,1.0,85.86,3
Plot  Area,Whitefield,1344.0,3.0,1.0,130.0,4
Super built-up  Area,Yelahanka,1180.0,2.0,1.0,55.0,2
Super built-up  Area,Jalahalli,1313.0,2.0,2.0,68.0,2
Super built-up  Area,Nehru Nagar,1100.0,2.0,2.0,50.0,2
Built-up  Area,Basaveshwara Nagar,1200.0,3.0,0.0,190.0,3
Super built-up  Area,Other,890.0,2.0,3.0,37.0,2
Super built-up  Area,Other,1190.0,2.0,1.0,55.0,2
Built-up  Area,Green Glen Layout,1250.0,2.0,0.0,75.0,2
Super built-up  Area,Hoodi,1644.0,3.0,3.0,80.51,3
Plot  Area,Yelahanka New Town,1740.0,3.0,2.0,150.0,3
Super built-up  Area,Jakkur,1710.0,3.0,2.0,110.0,3
Super built-up  Area,Hebbal,1662.0,3.0,2.0,155.0,3
Super built-up  Area,Other,1162.0,2.0,1.0,48.0,2
Super built-up  Area,Whitefield,1362.0,2.0,3.0,85.0,2
Super built-up  Area,Other,540.0,1.0,1.0,22.5,1
Super built-up  Area,Thanisandra,1533.0,3.0,0.0,75.885,3
Plot  Area,Sarjapur  Road,1250.0,4.0,2.0,135.0,4
Super built-up  Area,Begur Road,1410.0,2.0,3.0,54.99,3
Plot  Area,Chikka Tirupathi,2665.0,5.0,3.0,125.0,4
Built-up  Area,Other,970.0,2.0,0.0,45.0,2
Plot  Area,Uttarahalli,1200.0,4.0,3.0,155.0,4
Super built-up  Area,Haralur Road,1810.0,3.0,2.0,97.83,3
Super built-up  Area,Other,1084.0,2.0,1.0,51.0,2
Super built-up  Area,Other,1500.0,3.0,2.0,85.0,3
Super built-up  Area,Uttarahalli,1328.0,2.0,1.0,56.0,3
Built-up  Area,Marathahalli,1485.0,2.0,2.0,90.0,3
Super built-up  Area,Pai Layout,1500.0,2.0,2.0,58.0,3
Super built-up  Area,R.T. Nagar,1100.0,2.0,2.0,85.0,2
Super built-up  Area,Other,1360.0,2.0,2.0,73.0,3
Super built-up  Area,1st Phase JP Nagar,900.0,2.0,1.0,75.0,2
Super built-up  Area,Electronic City Phase II,1031.0,2.0,1.0,54.48,2
Super built-up  Area,Whitefield,955.0,2.0,0.0,38.19,2
Super built-up  Area,Uttarahalli,1040.0,2.0,2.0,36.4,2
Built-up  Area,KR Puram,2800.0,6.0,1.0,110.0,7
Super built-up  Area,Kothannur,1404.0,2.0,1.0,56.15,3
Super built-up  Area,Haralur Road,1200.0,2.0,2.0,46.0,2
Super built-up  Area,Yelahanka,1267.0,3.0,1.0,78.0,2
Super built-up  Area,Bannerghatta Road,1510.0,2.0,3.0,110.0,3
Super built-up  Area,Kanakpura Road,900.0,2.0,1.0,42.0,2
Super built-up  Area,Whitefield,1457.0,2.0,2.0,105.0,3
Super built-up  Area,Iblur Village,3596.0,4.0,2.0,268.0,4
Super built-up  Area,8th Phase JP Nagar,1408.0,3.0,2.0,80.0,3
Built-up  Area,Dodda Nekkundi,1005.0,2.0,2.0,45.0,2
Built-up  Area,Other,1182.0,2.0,1.0,64.0,2
Super built-up  Area,Talaghattapura,2038.5,3.0,0.0,122.0,3
Built-up  Area,Sarjapur  Road,1367.0,2.0,0.0,80.0,2
Built-up  Area,Sarjapur  Road,1565.0,3.0,2.0,78.0,3
Super built-up  Area,Whitefield,1720.0,3.0,2.0,128.0,3
Built-up  Area,Doddathoguru,1107.0,2.0,3.0,44.0,2
Super built-up  Area,Yelahanka,1360.0,2.0,1.0,78.19,2
Super built-up  Area,Anekal,625.0,1.0,1.0,25.0,2
Super built-up  Area,Jalahalli,1701.0,2.0,2.0,145.0,2
Plot  Area,Other,1350.0,1.0,0.0,120.0,3
Super built-up  Area,Hosa Road,1016.0,2.0,1.0,39.95,2
Super built-up  Area,Other,1500.0,3.0,1.0,90.0,3
Built-up  Area,Akshaya Nagar,900.0,2.0,1.0,45.0,2
Super built-up  Area,Sanjay nagar,1500.0,3.0,1.0,150.0,3
Super built-up  Area,Other,2292.0,2.0,1.0,285.0,3
Carpet  Area,Kereguddadahalli,1280.0,3.0,1.0,42.0,3
Plot  Area,Other,1750.0,4.0,2.0,263.0,4
Super built-up  Area,Electronic City,1500.0,2.0,1.0,70.0,3
Super built-up  Area,Gottigere,1245.0,2.0,2.0,59.0,2
Super built-up  Area,Yelahanka,1025.0,2.0,1.0,44.0,2
Super built-up  Area,Other,1945.0,3.0,2.0,135.0,3
Super built-up  Area,Rajaji Nagar,1640.0,3.0,3.0,245.0,3
Built-up  Area,Hegde Nagar,1348.0,2.0,2.0,80.5,3
Super built-up  Area,Tindlu,1100.0,2.0,2.0,55.0,2
Super built-up  Area,Kammasandra,1616.0,3.0,3.0,40.0,3
Super built-up  Area,Yeshwanthpur,1855.0,3.0,3.0,135.0,3
Super built-up  Area,Hennur,1255.0,2.0,2.0,56.5,2
Plot  Area,Other,2040.0,4.0,1.0,500.0,5
Plot  Area,5th Phase JP Nagar,2400.0,4.0,1.0,228.0,4
Super built-up  Area,Kothanur,1195.0,2.0,2.0,59.0,2
Super built-up  Area,Bannerghatta Road,1022.0,2.0,1.0,35.0,2
Super built-up  Area,Dodda Nekkundi,1264.0,2.0,2.0,52.0,2
Super built-up  Area,Chamrajpet,1650.0,3.0,2.0,115.0,3
Super built-up  Area,Abbigere,1020.0,2.0,1.0,40.8,2
Built-up  Area,Bommasandra,950.0,2.0,1.0,25.0,2
Super built-up  Area,Other,2710.0,5.0,3.0,142.0,4
Super built-up  Area,Hennur Road,1936.0,3.0,1.0,131.0,3
Super built-up  Area,Other,1075.0,2.0,2.0,58.0,2
Super built-up  Area,Hosur Road,1223.0,2.0,1.0,93.0,2
Plot  Area,Whitefield,1500.0,3.0,1.0,61.9,3
Built-up  Area,Hennur,1050.0,2.0,2.0,42.73,2
Super built-up  Area,7th Phase JP Nagar,2100.0,3.0,2.0,190.0,3
Built-up  Area,Uttarahalli,1650.0,2.0,1.0,130.0,3
Super built-up  Area,Whitefield,1495.0,2.0,1.0,78.0,2
Super built-up  Area,Koramangala,1605.0,3.0,2.0,260.0,3
Super built-up  Area,Whitefield,1270.0,2.0,2.0,52.0,2
Super built-up  Area,Kumaraswami Layout,1081.0,2.0,3.0,60.0,2
Super built-up  Area,Koramangala,1600.0,2.0,0.0,140.0,3
Super built-up  Area,Kanakpura Road,1596.0,3.0,1.0,118.0,3
Super built-up  Area,Horamavu Agara,1557.0,3.0,1.0,70.0,3
Built-up  Area,Other,1410.0,3.0,3.0,68.0,3
Super built-up  Area,Sarjapur  Road,1984.0,4.0,1.0,148.0,3
Super built-up  Area,Kadugodi,1196.0,2.0,3.0,60.0,2
Super built-up  Area,Thanisandra,2259.0,3.0,2.0,112.0,4
Super built-up  Area,Kenchenahalli,1720.0,3.0,2.0,100.0,3
Super built-up  Area,Electronic City Phase II,1310.0,2.0,1.0,37.83,3
Built-up  Area,7th Phase JP Nagar,1140.0,2.0,1.0,57.0,2
Super built-up  Area,Cooke Town,1600.0,3.0,2.0,260.0,3
Super built-up  Area,Kothanur,1790.0,3.0,2.0,120.0,3
Super built-up  Area,Harlur,1335.0,2.0,0.0,72.76,2
Super built-up  Area,Nehru Nagar,1674.0,3.0,2.0,81.0,3
Super built-up  Area,Other,1786.0,3.0,2.0,79.99,3
Super built-up  Area,Sarjapur  Road,1035.0,2.0,1.0,47.0,2
Super built-up  Area,Whitefield,1564.0,3.0,1.0,103.0,3
Super built-up  Area,Margondanahalli,1334.0,2.0,1.0,67.76,2
Super built-up  Area,Bommasandra,1365.0,3.0,1.0,53.96,3
Super built-up  Area,Other,1369.0,2.0,3.0,72.0,3
Super built-up  Area,Whitefield,1240.0,2.0,2.0,41.0,2
Super built-up  Area,Other,1418.0,2.0,1.0,62.0,2
Built-up  Area,Hebbal,2250.0,3.0,2.0,219.0,3
Super built-up  Area,KR Puram,1020.0,2.0,2.0,39.0,2
Built-up  Area,Yelahanka New Town,1290.0,2.0,2.0,70.0,2
Plot  Area,Attibele,1500.0,3.0,2.0,90.0,3
Super built-up  Area,Billekahalli,1290.0,3.0,3.0,62.0,3
Super built-up  Area,Jalahalli,1881.0,3.0,2.0,115.0,3
Super built-up  Area,Jigani,943.0,2.0,2.0,49.5,2
Built-up  Area,Electronic City,1140.0,2.0,1.0,32.93,2
Super built-up  Area,Other,1035.0,2.0,2.0,60.0,2
Plot  Area,Whitefield,1500.0,3.0,1.0,71.0,3
Super built-up  Area,Other,5665.84,7.0,2.0,988.0,5
Super built-up  Area,Other,1232.0,2.0,1.0,94.28,2
Super built-up  Area,Uttarahalli,1290.0,2.0,2.0,56.12,3
Super built-up  Area,Malleshwaram,2610.0,4.0,2.0,306.0,4
Super built-up  Area,Anandapura,1576.0,3.0,2.0,58.7,3
Super built-up  Area,Other,980.0,2.0,1.0,41.0,2
Super built-up  Area,Hebbal,4000.0,6.0,1.0,440.0,4
Super built-up  Area,Sarjapur  Road,1346.0,2.0,1.0,74.03,2
Super built-up  Area,Hoodi,1181.0,2.0,2.0,55.0,2
Super built-up  Area,Other,6652.0,6.0,1.0,660.0,4
Super built-up  Area,Other,1307.0,2.0,2.0,59.0,2
Super built-up  Area,Other,1215.0,2.0,2.0,49.86,3
Super built-up  Area,Sanjay nagar,1180.0,2.0,3.0,80.0,2
Built-up  Area,Amruthahalli,600.0,1.0,1.0,55.0,1
Super built-up  Area,Other,1025.0,2.0,2.0,43.04,2
Super built-up  Area,Ramagondanahalli,1910.0,3.0,2.0,131.0,3
Super built-up  Area,Gottigere,1200.0,2.0,2.0,50.0,2
Built-up  Area,Other,2920.0,4.0,3.0,536.0,4
Super built-up  Area,Electronics City Phase 1,1175.0,2.0,1.0,60.0,2
Super built-up  Area,Whitefield,1404.0,2.0,2.0,59.0,3
Built-up  Area,Other,2700.0,3.0,2.0,230.0,4
Built-up  Area,HSR Layout,1203.0,2.0,2.0,60.0,2
Super built-up  Area,Somasundara Palya,1571.0,3.0,3.0,63.0,3
Super built-up  Area,Other,1125.0,2.0,2.0,46.0,2
Super built-up  Area,Kammasandra,610.0,1.0,1.0,18.5,1
Super built-up  Area,Ambalipura,1198.0,2.0,2.0,80.0,2
Plot  Area,Chandapura,1200.0,3.0,2.0,65.0,3
Super built-up  Area,Other,1200.0,2.0,2.0,45.0,2
Plot  Area,Other,6688.0,6.0,1.0,700.0,4
Super built-up  Area,Other,1830.0,3.0,2.0,95.0,3
Super built-up  Area,Kudlu Gate,1432.0,2.0,2.0,61.11,3
Built-up  Area,Somasundara Palya,2300.0,2.0,0.0,70.0,3
Super built-up  Area,9th Phase JP Nagar,1331.95,2.0,2.0,69.0,2
Super built-up  Area,Yeshwanthpur,1876.0,3.0,3.0,160.0,3
Plot  Area,Akshaya Nagar,1200.0,4.0,2.0,125.0,4
Super built-up  Area,Kanakpura Road,1665.0,3.0,2.0,74.9,3
Super built-up  Area,Electronic City,2093.0,4.0,2.0,134.0,4
Super built-up  Area,TC Palaya,1330.0,3.0,3.0,46.56,3
Plot  Area,1st Block Koramangala,1200.0,5.0,1.0,350.0,4
Built-up  Area,Talaghattapura,1800.0,3.0,1.0,84.0,3
Built-up  Area,Other,2872.0,4.0,3.0,183.0,4
Super built-up  Area,Other,1486.0,2.0,2.0,65.0,3
Built-up  Area,Chikkalasandra,1425.0,1.0,0.0,54.0,3
Super built-up  Area,Raja Rajeshwari Nagar,1255.0,2.0,2.0,42.54,2
Built-up  Area,Electronic City,750.0,2.0,1.0,19.5,2
Super built-up  Area,Nagarbhavi,1225.0,2.0,3.0,58.0,2
Built-up  Area,Other,4600.0,9.0,2.0,150.0,9
Super built-up  Area,Other,1100.0,2.0,2.0,64.08,2
Super built-up  Area,Whitefield,1760.0,3.0,2.0,139.0,3
Plot  Area,Bommasandra,1200.0,3.0,2.0,110.0,3
Super built-up  Area,Chandapura,1095.0,2.0,2.0,28.0,3
Super built-up  Area,Raja Rajeshwari Nagar,1530.0,3.0,3.0,64.86,3
Super built-up  Area,Kundalahalli,1724.0,3.0,3.0,140.0,3
Super built-up  Area,Horamavu Agara,1058.0,2.0,2.0,47.0,2
Super built-up  Area,Other,1975.0,3.0,3.0,90.0,3
Super built-up  Area,Sarjapur  Road,1112.0,2.0,1.0,58.0,2
Built-up  Area,Other,1600.0,2.0,1.0,90.0,2
Super built-up  Area,Vittasandra,1648.0,3.0,2.0,85.0,3
Super built-up  Area,Other,1100.0,2.0,2.0,32.0,2
Super built-up  Area,Hoskote,509.0,1.0,1.0,23.0,1
Super built-up  Area,Talaghattapura,2265.0,3.0,3.0,159.0,3
Super built-up  Area,Malleshpalya,1200.0,2.0,2.0,46.0,2
Super built-up  Area,Other,530.0,1.0,1.0,18.0,1
Built-up  Area,Other,1010.0,2.0,1.0,41.0,2
Built-up  Area,Kaggadasapura,1150.0,2.0,2.0,45.0,2
Super built-up  Area,Sarjapur  Road,1340.0,2.0,2.0,75.0,2
Built-up  Area,Raja Rajeshwari Nagar,1850.0,3.0,1.0,98.0,3
Built-up  Area,Doddathoguru,907.0,2.0,1.0,40.0,2
Plot  Area,Benson Town,1688.0,2.0,0.0,280.0,2
Plot  Area,Ulsoor,1160.0,2.0,1.0,130.0,2
Super built-up  Area,Pai Layout,1600.0,2.0,1.0,65.0,3
Plot  Area,Other,1800.0,5.0,1.0,140.0,6
Super built-up  Area,Iblur Village,3596.0,5.0,1.0,251.0,4
Super built-up  Area,Hosur Road,1464.0,3.0,2.0,56.0,3
Super built-up  Area,Hennur,1295.0,2.0,1.0,62.0,2
Super built-up  Area,Other,1012.0,2.0,1.0,62.0,2
Super built-up  Area,Yelahanka New Town,1000.0,2.0,1.0,48.0,3
Super built-up  Area,Channasandra,1010.0,2.0,1.0,32.0,2
Super built-up  Area,Bharathi Nagar,1379.0,2.0,1.0,85.0,2
Built-up  Area,Kasavanhalli,1121.0,2.0,2.0,75.0,2
Built-up  Area,LB Shastri Nagar,1200.0,2.0,1.0,75.0,2
Super built-up  Area,Sarakki Nagar,3124.0,6.0,3.0,349.0,4
Super built-up  Area,Bannerghatta Road,1246.0,2.0,2.0,47.35,2
Super built-up  Area,7th Phase JP Nagar,1420.0,3.0,2.0,90.0,3
Carpet  Area,Shivaji Nagar,600.0,1.0,1.0,65.0,2
Super built-up  Area,Other,1090.0,2.0,2.0,55.0,2
Super built-up  Area,Electronic City,1355.0,2.0,1.0,73.0,2
Super built-up  Area,Ambedkar Nagar,1425.0,2.0,1.0,94.0,2
Built-up  Area,Chikkabanavar,4000.0,7.0,0.0,110.0,8
Super built-up  Area,Electronics City Phase 1,1700.0,3.0,2.0,111.0,3
Super built-up  Area,Talaghattapura,2099.0,3.0,2.0,134.0,3
Super built-up  Area,Devanahalli,1520.0,2.0,1.0,69.76,3
Built-up  Area,Other,1490.0,3.0,0.0,140.0,3
Super built-up  Area,Horamavu Banaswadi,1000.0,2.0,2.0,50.0,2
Super built-up  Area,Sahakara Nagar,1291.0,2.0,2.0,72.3,2
Super built-up  Area,Kanakpura Road,1339.0,2.0,2.0,67.0,2
Super built-up  Area,Other,1330.0,2.0,1.0,56.0,2
Plot  Area,Other,9200.0,4.0,2.0,2600.0,4
Built-up  Area,Other,1650.0,1.0,1.0,130.0,2
Plot  Area,Other,8000.0,6.0,3.0,2800.0,6
Super built-up  Area,Jakkur,1125.0,2.0,1.0,44.75,2
Built-up  Area,CV Raman Nagar,1310.0,2.0,1.0,62.0,2
Super built-up  Area,Bellandur,1096.0,2.0,2.0,40.0,2
Super built-up  Area,Dasanapura,814.0,2.0,1.0,43.7,2
Plot  Area,Sarjapur  Road,3500.0,3.0,2.0,275.0,3
Super built-up  Area,Raja Rajeshwari Nagar,1140.0,2.0,2.0,44.0,2
Super built-up  Area,Other,1480.0,2.0,0.0,75.0,3
Super built-up  Area,Hebbal,4000.0,6.0,1.0,370.0,4
Super built-up  Area,Nagappa Reddy Layout,1500.0,2.0,3.0,78.0,3
Super built-up  Area,Sarjapur  Road,1850.0,3.0,2.0,89.0,3
Super built-up  Area,Other,745.0,2.0,1.0,36.0,2
Super built-up  Area,Whitefield,613.0,1.0,1.0,48.0,1
Plot  Area,Other,1200.0,5.0,2.0,325.0,4
Carpet  Area,Bannerghatta Road,1470.0,2.0,1.0,85.0,3
Plot  Area,Frazer Town,896.0,1.0,0.0,100.0,1
Super built-up  Area,Bannerghatta Road,1160.0,2.0,2.0,45.0,2
Built-up  Area,Attibele,520.0,1.0,1.0,15.0,1
Super built-up  Area,Electronic City,1360.0,2.0,1.0,64.99,3
Super built-up  Area,Other,1155.0,2.0,1.0,64.0,2
Super built-up  Area,Chandapura,520.0,1.0,1.0,14.04,1
Super built-up  Area,Ambalipura,1615.0,2.0,3.0,150.0,3
Built-up  Area,Raja Rajeshwari Nagar,6000.0,8.0,3.0,215.0,8
Super built-up  Area,Raja Rajeshwari Nagar,1140.0,2.0,2.0,39.0,2
Super built-up  Area,Other,1508.0,3.0,1.0,77.0,3
Built-up  Area,Ambedkar Nagar,2395.0,4.0,2.0,150.0,3
Super built-up  Area,Thigalarapalya,2215.0,4.0,2.0,152.0,3
Super built-up  Area,R.T. Nagar,1667.0,3.0,2.0,130.0,3
Built-up  Area,Other,1903.0,2.0,1.0,293.0,3
Super built-up  Area,7th Phase JP Nagar,1530.0,2.0,1.0,108.0,2
Super built-up  Area,Whitefield,1730.0,3.0,2.0,125.0,3
Built-up  Area,JP Nagar,1048.0,2.0,1.0,44.0,2
Super built-up  Area,Malleshpalya,1225.0,2.0,2.0,52.0,2
Carpet  Area,Other,1200.0,2.0,3.0,70.0,2
Super built-up  Area,Kundalahalli,1175.0,2.0,1.0,65.0,2
Super built-up  Area,Devanahalli,1075.0,2.0,2.0,52.57,1
Super built-up  Area,Electronic City Phase II,1651.0,3.0,1.0,49.53,3
Super built-up  Area,8th Phase JP Nagar,1500.0,2.0,3.0,55.0,3
Super built-up  Area,Doddathoguru,1783.0,3.0,3.0,85.0,3
Super built-up  Area,Kereguddadahalli,1015.0,2.0,1.0,35.0,2
Super built-up  Area,Other,1800.0,1.0,1.0,200.0,1
Built-up  Area,Sarjapur  Road,2758.0,4.0,1.0,240.0,4
Plot  Area,Other,1200.0,5.0,2.0,325.0,4
Super built-up  Area,Sarjapur  Road,1132.0,2.0,1.0,70.0,2
Plot  Area,KR Puram,1200.0,2.0,0.0,75.0,2
Built-up  Area,Hoodi,1490.0,3.0,0.0,85.0,3
Built-up  Area,Thanisandra,1917.0,4.0,2.0,130.0,4
Super built-up  Area,Bhoganhalli,1703.0,3.0,2.0,120.0,3
Super built-up  Area,Old Madras Road,1211.0,2.0,3.0,45.0,2
Built-up  Area,Kudlu Gate,1310.0,2.0,2.0,53.0,2
Super built-up  Area,Marathahalli,1146.0,2.0,1.0,69.0,2
Super built-up  Area,Kudlu,1041.0,2.0,1.0,53.0,2
Super built-up  Area,Whitefield,1453.0,2.0,2.0,58.0,3
Super built-up  Area,Whitefield,877.0,1.0,1.0,59.0,1
Super built-up  Area,Kanakapura,1477.0,2.0,1.0,69.5,3
Built-up  Area,Frazer Town,1420.0,2.0,0.0,120.0,2
Plot  Area,Other,2000.0,2.0,2.0,360.0,3
Built-up  Area,Other,1140.0,1.0,1.0,185.0,2
Built-up  Area,Sarjapur  Road,1380.0,2.0,2.0,55.0,3
Super built-up  Area,Other,1095.0,2.0,1.0,57.0,2
Super built-up  Area,Hoodi,1258.5,2.0,0.0,59.135,2
Super built-up  Area,Varthur,1665.0,3.0,2.0,71.58,3
Super built-up  Area,KR Puram,1245.0,2.0,1.0,60.0,2
Super built-up  Area,EPIP Zone,3360.0,5.0,2.0,221.0,4
Plot  Area,Electronic City,2010.0,3.0,2.0,201.0,3
Super built-up  Area,Shivaji Nagar,1226.0,2.0,2.0,60.0,3
Super built-up  Area,Thanisandra,1226.0,2.0,1.0,65.59,2
Super built-up  Area,Raja Rajeshwari Nagar,510.0,1.0,1.0,22.0,1
Plot  Area,Kothannur,1600.0,4.0,2.0,45.0,4
Super built-up  Area,LB Shastri Nagar,1000.0,2.0,1.0,49.5,2
Built-up  Area,Other,1256.0,2.0,1.0,65.0,2
Built-up  Area,Sarjapur,1425.0,3.0,2.0,57.0,3
Super built-up  Area,Hosur Road,1919.0,3.0,2.0,117.0,3
Super built-up  Area,Neeladri Nagar,2111.0,3.0,2.0,103.0,3
Super built-up  Area,Bannerghatta Road,970.0,2.0,1.0,57.0,2
Super built-up  Area,Jalahalli,1405.0,2.0,1.0,85.0,3
Super built-up  Area,Gubbalala,1285.0,2.0,2.0,90.0,2
Super built-up  Area,Mahadevpura,1050.0,2.0,1.0,42.0,2
Super built-up  Area,Hebbal,1349.0,2.0,1.0,96.8,2
Super built-up  Area,Sarjapur  Road,4050.0,2.0,1.0,450.0,4
Plot  Area,Other,812.0,1.0,0.0,26.0,1
Super built-up  Area,Other,1440.0,2.0,2.0,63.93,3
Super built-up  Area,Sarjapur  Road,2425.0,5.0,1.0,195.0,4
Super built-up  Area,Sultan Palaya,2200.0,3.0,3.0,80.0,4
Super built-up  Area,Haralur Road,1810.0,3.0,2.0,112.0,3
Super built-up  Area,Cox Town,1200.0,2.0,2.0,140.0,2
Super built-up  Area,Electronic City,1060.0,2.0,1.0,52.0,2
Super built-up  Area,Kenchenahalli,1015.0,2.0,2.0,60.0,2
Plot  Area,Hosakerehalli,1500.0,6.0,2.0,145.0,5
Super built-up  Area,Kothanur,1454.0,3.0,3.0,71.5,3
Super built-up  Area,Other,1075.0,2.0,2.0,48.0,2
Super built-up  Area,Raja Rajeshwari Nagar,1187.0,2.0,2.0,40.14,2
Carpet  Area,Hulimavu,500.0,1.0,3.0,220.0,1
Plot  Area,Other,1200.0,5.0,2.0,325.0,4
Built-up  Area,Billekahalli,1805.0,3.0,3.0,134.0,3
Built-up  Area,Bannerghatta Road,1527.0,3.0,1.0,142.0,3
Super built-up  Area,Yeshwanthpur,1675.0,3.0,2.0,92.13,3
Super built-up  Area,Rachenahalli,1050.0,2.0,2.0,52.71,2
Super built-up  Area,Bellandur,1262.0,2.0,2.0,47.0,2
Super built-up  Area,Green Glen Layout,1715.0,3.0,3.0,112.0,3
Built-up  Area,Whitefield,3453.0,4.0,0.0,231.0,5
Super built-up  Area,Other,3600.0,5.0,2.0,400.0,4
Built-up  Area,Raja Rajeshwari Nagar,1141.0,2.0,1.0,60.0,2
Super built-up  Area,Padmanabhanagar,4689.0,4.0,1.0,488.0,4
